Rock,TagID,TagID_Corrected,Initial Survey ID,Relocate Survey ID,Original Riffle,2023 Riffle,2024 Inventory,2024 Riffle,Tag Size (mm),A-axis (mm) Longest,B-axis (mm) Intermediate,C-axis (mm) Thickness,Gravelometer (mm),Weight (g),Particle Class,Size Class1,Size Class2,Comments
174,111503,230000111503,197,497,1,,X,0,32,156,92,43,90,895,Cobble,SC1,SC,
162,111516,230000111516,188,488,1,,X,0,32,126,96,79,128,1425,Cobble,SC2,SC,"used to be in riffle 1, now gravel aug"
123,111517,230000111517,140,440,1,,X,0,32,142,136,46,128,1173,Cobble,SC2,SC,
165,111521,230000111521,187,487,1,,X,0,32,203,83,83,90,2179,Cobble,SC1,SC,
164,111525,230000111525,169,469,1,,X,0,32,104,86,46,90,837,Cobble,SC1,SC,
191,111531,230000111531,384,684,3,,X,0,32,123,113,67,128,1519,Cobble,SC2,SC,
181,111532,230000111532,379,679,3,,X,0,32,134,126,67,128,1534,Cobble,SC2,SC,
112,111544,230000111544,137,437,1,,X,0,32,86,73,51,90,518,Cobble,SC1,SC,
170,111549,230000111549,195,495,1,,X,0,32,82,76,75,90,643,Cobble,SC1,SC,
4,111552,230000111552,309,609,3,,X,0,32,120,126,78,128,2224,Cobble,SC2,SC,
89,111556,230000111556,161,461,1,,X,0,32,116,113,59,128,1187,Cobble,SC2,SC,
139,111577,230000111577,174,474,1,,X,0,32,102,78,45,90,546,Cobble,SC1,SC,
125,111595,230000111595,146,446,1,,X,0,32,158,98,49,90,939,Cobble,SC1,SC,
10,111609,230000111609,323,623,3,,X,0,32,104,76,53,90,580,Cobble,SC1,SC,
113,111615,230000111615,136,436,1,,X,0,32,134,115,42,128,986,Cobble,SC2,SC,
44,111618,230000111618,214,514,2,,X,0,32,115,108,78,128,1109,Cobble,SC2,SC,
111,111623,230000111623,135,435,1,,X,0,32,136,109,36,90,858,Cobble,SC1,SC,
92,111641,230000111641,112,412,1,,X,0,32,124,104,56,90,1093,Cobble,SC1,SC,
74,111642,230000111642,271,571,2,,X,0,32,190,98,44,90,1225,Cobble,SC1,SC,
148,111647,230000111647,362,662,3,,X,0,32,170,140,55,128,2193,Cobble,SC2,SC,
110,111651,230000111651,132,432,1,,X,0,32,117,111,49,90,767,Cobble,SC1,SC,
133,111676,230000111676,147,447,1,,X,0,32,145,84,71,90,1337,Cobble,SC1,SC,
100,111689,230000111689,119,419,1,,X,0,32,141,84,37,90,888,Cobble,SC1,SC,"used to be in riffle 1, now gravel aug"
161,111693,230000111693,182,482,1,,X,0,32,154,92,58,90,1342,Cobble,SC1,SC,
200,111701,230000111701,382,682,3,,X,0,32,144,135,89,128,2792,Cobble,SC2,SC,
141,111714,230000111714,327,627,3,,X,0,32,152,118,46,128,1749,Cobble,SC2,SC,
69,111715,230000111715,227,527,2,,X,0,32,168,117,70,128,2178,Cobble,SC2,SC,
130,111720,230000111720,157,457,1,,X,0,32,119,100,43,90,741,Cobble,SC1,SC,
209,111722,230000111722,349,649,3,,X,0,32,81,59,42,64,385,Gravel,VCG2,VCG,
40,111730,230000111730,237,537,2,,X,0,32,120,114,65,128,1278,Cobble,SC2,SC,
98,111736,230000111736,105,405,1,,X,0,32,155,109,66,128,1789,Cobble,SC2,SC,
91,111737,230000111737,111,411,1,,X,0,32,169,138,82,128,2929,Cobble,SC2,SC,"used to be in riffle 1, now gravel aug"
114,111741,230000111741,125,425,1,,X,0,32,148,100,84,128,1958,Cobble,SC2,SC,
254,607501,228000607501,392,692,3,,X,0,23,78,52,34,64,212,Gravel,VCG2,VCG,
241,607502,228000607502,325,625,3,,X,0,23,118,54,52,64,615,Gravel,VCG2,VCG,
238,607510,228000607510,336,636,3,,X,0,23,82,65,40,64,401,Gravel,VCG2,VCG,
250,607515,228000607515,317,617,3,,X,0,23,61,57,54,64,362,Gravel,VCG2,VCG,
255,607536,228000607536,350,650,3,,X,0,23,70,68,51,64,373,Gravel,VCG2,VCG,
244,607551,228000607551,341,641,3,,X,0,23,92,72,43,64,477,Gravel,VCG2,VCG,
256,607556,228000607556,320,620,3,,X,0,23,51,49,46,64,159,Gravel,VCG2,VCG,
233,607559,228000607559,360,660,3,,X,0,23,63,54,45,64,235,Gravel,VCG2,VCG,
279,607562,228000607562,324,624,3,,X,0,23,74,50,36,45,173,Gravel,VCG1,VCG,
253,607566,228000607566,365,665,3,,X,0,23,79,41,35,45,159,Gravel,VCG1,VCG,
,,209000133124,-,-,NA,,X,0,23,61,53,25,45,110.5,Gravel,VCG1,VCG,
,,209000133128,-,-,NA,,X,0,23,65,41,25,45,73,Gravel,VCG1,VCG,
,,209000133163,-,-,NA,,X,0,23,61,56,41,64,218.5,Gravel,VCG2,VCG,
,,209000133171,-,-,NA,,X,0,23,46,44,24,45,55,Gravel,VCG1,VCG,
,,209000133200,-,-,NA,,X,0,23,56,45,32,64,174,Gravel,VCG2,VCG,
,,209000133207,-,-,NA,,X,0,23,120,69,56,90,768.5,Cobble,SC1,SC,
,,226001370239,-,-,NA,,X,0,12,46,33,19,45,76,Gravel,VCG1,VCG,
,,226001370255,-,-,NA,,X,0,12,29,19,14,16,8.435,Gravel,MG2,MG,
,,231000039719,-,-,NA,,X,0,14,57,39,19,45,74.5,Gravel,VCG1,VCG,
,,231000039721,-,-,NA,,X,0,14,44,35,18,45,57.5,Gravel,VCG1,VCG,
,,231000039742,-,-,NA,,X,0,14,36,36,26,45,84,Gravel,VCG1,VCG,
,,231000039772,-,-,NA,,X,0,14,42,34,21,45,80.5,Gravel,VCG1,VCG,
,,231000039778,-,-,NA,,X,0,14,54,33,22,45,61,Gravel,VCG1,VCG,
,,231000039780,-,-,NA,,X,0,14,47,38,18,45,61.5,Gravel,VCG1,VCG,
,,209000132718,-,-,NA,,new,0,23,210,149,100,180,3500,Cobble,LC1,LC,
,,209000132719,-,-,NA,,new,0,23,246,181,73,180,4900,Cobble,LC1,LC,
,,209000132794,-,-,NA,,new,0,23,129,126,110,180,3000,Cobble,LC1,LC,
,,209000132778,-,-,NA,,new,0,23,175,147,98,180,4500,Cobble,LC1,LC,
,,209000132724,-,-,NA,,new,0,23,214,160,80,180,4700,Cobble,LC1,LC,
,,209000132755,-,-,NA,,new,0,23,214,173,90,180,5000,Cobble,LC1,LC,
,,209000132772,-,-,NA,,new,0,23,186,132,87,128,3700,Cobble,SC2,SC,
,,209000132746,-,-,NA,,new,0,23,226,175,143,>256,"10,700",Boulder,SB1,SB,
,,209000132717,-,-,NA,,new,0,23,318,176,124,180,9300,Cobble,LC1,LC,
,,209000132788,-,-,NA,,new,0,23,212,185,97,180,3800,Cobble,LC1,LC,
,,226001370336,-,-,NA,,new,0,12,26,15,13,16,7,Gravel,MG2,MG,
,,226001370357,-,-,NA,,new,0,12,32,21,12,22.6,9.5,Gravel,CG1,CG,
,,226001370354,-,-,NA,,new,0,12,24,19,13,16,5,Gravel,MG2,MG,
,,226001370369,-,-,NA,,new,0,12,26,19,15,22.6,9,Gravel,CG1,CG,
,,226001370371,-,-,NA,,new,0,12,25,23,13,22.6,7,Gravel,CG1,CG,
,,226001370362,-,-,NA,,new,0,12,25,18,15,22.6,8,Gravel,CG1,CG,
,,226001370393,-,-,NA,,new,0,12,31,17,12,16,9.5,Gravel,MG2,MG,
,,226001370301,-,-,NA,,new,0,12,26,18,10,16,6,Gravel,MG2,MG,
,,226001370302,-,-,NA,,new,0,12,28,18,10,22.6,7.5,Gravel,CG1,CG,
,,226001370323,-,-,NA,,new,0,12,31,19,13,16,9,Gravel,MG2,MG,
,,226001370384,-,-,NA,,new,0,12,27,20,10,22.6,8,Gravel,CG1,CG,
,,226001370347,-,-,NA,,new,0,12,24,20,15,22.6,9,Gravel,CG1,CG,
,,226001370328,-,-,NA,,new,0,12,28,17,16,22.6,10,Gravel,CG1,CG,
,,226001370381,-,-,NA,,new,0,12,21,20,12,22.6,6.5,Gravel,CG1,CG,
,,209000132728,-,-,NA,,new,0,23,336,224,183,>256,26700,Boulder,SB1,SB,
,,209000132715,-,-,NA,,new,0,23,340,209,196,>256,27100,Boulder,SB1,SB,
,,209000132800,-,-,NA,,new,0,23,285,220,197,>256,24100,Boulder,SB1,SB,
,,226001370307,-,-,NA,,new,0,12,97,76,26,64,274.5,Gravel,VCG2,VCG,
,,226001370295,-,-,NA,,new,0,12,50,35,21,32,44,Gravel,CG2,CG,
,,226001370358,-,-,NA,,new,0,12,38,24,19,32,29,Gravel,CG2,CG,
,,226001370245,-,-,NA,,new,0,12,43,38,22,32,39,Gravel,CG2,CG,
,,226001370290,-,-,NA,,new,0,12,48,31,23,32,53.5,Gravel,CG2,CG,
,,226001370305,-,-,NA,,new,0,12,66,33,18,32,55.5,Gravel,CG2,CG,
,,226001370238,-,-,NA,,new,0,12,45,25,13,22.6,22.5,Gravel,CG1,CG,
,,226001370231,-,-,NA,,new,0,12,35,34,20,32,32.5,Gravel,CG2,CG,
,,226001370287,-,-,NA,,new,0,12,40,37,24,32,36,Gravel,CG2,CG,
,,226001370288,-,-,NA,,new,0,12,39,38,15,32,31.5,Gravel,CG2,CG,
,,226001370251,-,-,NA,,new,0,12,49,32,16,32,32.5,Gravel,CG2,CG,
,,226001370399,-,-,NA,,new,0,12,42,26,23,32,33.5,Gravel,CG2,CG,
,,226001370274,-,-,NA,,new,0,12,39,29,19,32,31,Gravel,CG2,CG,
,,226001370320,-,-,NA,,new,0,12,38,30,19,32,31,Gravel,CG2,CG,
,,226001370209,-,-,NA,,new,0,12,52,34,27,32,50.5,Gravel,CG2,CG,
,,226001370279,-,-,NA,,new,0,12,60,38,19,32,65.5,Gravel,CG2,CG,
297,111507,230000111507,154,454,1,1,Deployed,1,32,331,236,143,256,11400,Cobble,LC2,LC,
303,111510,230000111510,144,444,1,1,Deployed,1,32,460,230,125,256,17100,Cobble,LC2,LC,
180,111523,230000111523,127,427,1,1,Deployed,1,32,150,109,78,128,1992,Cobble,SC2,SC,
122,111527,230000111527,158,458,1,1,Deployed,1,32,139,76,75,90,1153,Cobble,SC1,SC,
115,111534,230000111534,122,422,1,1,Deployed,1,32,157,135,130,180,3638,Cobble,LC1,LC,
179,111540,230000111540,191,491,1,1,Deployed,1,32,119,82,59,90,734,Cobble,SC1,SC,
294,111541,230000111541,107,407,1,1,Deployed,1,32,356,290,138,>256,14100,Boulder,SB1,SB,
301,111541,230000111578,170,470,1,1,Deployed,1,32,374,275,144,>256,19700,Boulder,SB1,SB,
163,111545,230000111545,190,490,1,1,Deployed,1,32,121,71,58,90,829,Cobble,SC1,SC,
169,111548,230000111548,198,498,1,1,Deployed,1,32,90,76,52,90,530,Cobble,SC1,SC,
176,111551,230000111551,168,468,1,1,Deployed,1,32,189,103,71,128,1963,Cobble,SC2,SC,
135,111555,230000111555,171,471,1,1,Deployed,1,32,109,71,69,90,826,Cobble,SC1,SC,
129,111560,230000111560,156,456,1,1,Deployed,1,32,91,75,50,64,337,Gravel,VCG2,VCG,
172,111562,230000111562,184,484,1,1,Deployed,1,32,197,169,68,180,3575,Cobble,LC1,LC,
131,111566,230000111566,153,453,1,1,Deployed,1,32,134,115,43,128,1003,Cobble,SC2,SC,
177,111567,230000111567,176,476,1,1,Deployed,1,32,128,104,33,90,645,Cobble,SC1,SC,
95,111570,230000111570,162,462,1,1,Deployed,1,32,218,94,50,128,2142,Cobble,SC2,SC,
132,111575,230000111575,159,459,1,1,Deployed,1,32,135,96,53,90,1034,Cobble,SC1,SC,
175,111581,230000111581,180,480,1,1,Deployed,1,32,113,101,43,90,755,Cobble,SC1,SC,
168,111592,230000111592,166,466,1,1,Deployed,1,32,213,113,49,128,2412,Cobble,SC2,SC,
138,111594,230000111594,152,452,1,1,Deployed,1,32,135,67,55,90,911,Cobble,SC1,SC,
171,111596,230000111596,196,496,1,1,Deployed,1,32,86,73,64,90,548,Cobble,SC1,SC,
298,111614,230000111614,194,494,1,1,Deployed,1,32,306,205,256,256,18900,Cobble,LC2,LC,
90,111624,230000111624,102,402,1,1,Deployed,1,32,157,152,82,180,2584,Cobble,LC1,LC,
87,111631,230000111631,118,418,1,1,Deployed,1,32,97,56,50,64,363,Gravel,VCG2,VCG,
119,111643,230000111643,129,429,1,1,Deployed,1,32,184,125,58,128,2352,Cobble,SC2,SC,
85,111644,230000111644,114,414,1,1,Deployed,1,32,135,93,72,90,1442,Cobble,SC1,SC,
134,111648,230000111648,178,478,1,1,Deployed,1,32,101,88,34,90,508,Cobble,SC1,SC,
136,111668,230000111668,143,443,1,1,Deployed,1,32,177,112,67,128,1929,Cobble,SC2,SC,
83,111677,230000111677,101,401,1,1,Deployed,1,32,90,78,69,90,608,Cobble,SC1,SC,
96,111683,230000111683,110,410,1,1,Deployed,1,32,132,90,80,128,1427,Cobble,SC2,SC,
97,111684,230000111684,106,406,1,1,Deployed,1,32,198,117,64,128,2248,Cobble,SC2,SC,
140,111686,230000111686,149,449,1,1,Deployed,1,32,110,78,34,90,601,Cobble,SC1,SC,
86,111695,230000111695,116,416,1,1,Deployed,1,32,120,97,77,90,1034,Cobble,SC1,SC,
109,111698,230000111698,128,428,1,1,Deployed,1,32,89,82,70,90,771,Cobble,SC1,SC,
178,111700,230000111700,186,486,1,1,Deployed,1,32,131,82,56,90,709,Cobble,SC1,SC,
137,111708,230000111708,141,441,1,1,Deployed,1,32,181,124,84,128,2277,Cobble,SC2,SC,
88,111712,230000111712,121,421,1,1,Deployed,1,32,176,113,74,128,2062,Cobble,SC2,SC,
118,111716,230000111716,165,465,1,1,Deployed,1,32,129,116,60,128,1338,Cobble,SC2,SC,
127,111717,230000111717,155,455,1,1,Deployed,1,32,135,93,59,90,1398,Cobble,SC1,SC,
121,111728,230000111728,151,451,1,1,Deployed,1,32,165,123,75,180,2327,Cobble,LC1,LC,
302,111733,230000111733,133,433,1,1,Deployed,1,32,303,265,148,>256,15900,Boulder,SB1,SB,
120,111734,230000111734,131,431,1,1,Deployed,1,32,120,104,64,128,1233,Cobble,SC2,SC,
126,111735,230000111735,148,448,1,1,Deployed,1,32,141,117,56,128,1706,Cobble,SC2,SC,
82,111746,230000111746,172,472,1,1,Deployed,1,32,111,68,59,90,775,Cobble,SC1,SC,
222,607505,228000607505,109,409,1,1,Deployed,1,23,94,61,41,64,336,Gravel,VCG2,VCG,
252,607507,228000607507,181,481,1,1,Deployed,1,23,65,45,42,64,197,Gravel,VCG2,VCG,
225,607509,228000607509,150,450,1,1,Deployed,1,23,106,64,36,64,440,Gravel,VCG2,VCG,
229,607513,228000607513,113,413,1,1,Deployed,1,23,91,60,38,64,273,Gravel,VCG2,VCG,
266,607516,228000607516,145,445,1,1,Deployed,1,23,81,63,55,64,514,Gravel,VCG2,VCG,
242,607517,228000607517,179,479,1,1,Deployed,1,23,68,56,43,64,241,Gravel,VCG2,VCG,
273,607520,228000607520,123,423,1,1,Deployed,1,23,90,64,52,64,543,Gravel,VCG2,VCG,
232,607524,228000607524,142,442,1,1,Deployed,1,23,86,68,54,64,562,Gravel,VCG2,VCG,
245,607532,228000607532,117,417,1,1,Deployed,1,23,90,55,42,64,446,Gravel,VCG2,VCG,
239,607533,228000607533,120,420,1,1,Deployed,1,23,89,65,52,64,400,Gravel,VCG2,VCG,
261,607534,228000607534,108,408,1,1,Deployed,1,23,70,63,55,64,654,Gravel,VCG2,VCG,
224,607535,228000607535,189,489,1,1,Deployed,1,23,74,54,36,64,254,Gravel,VCG2,VCG,
243,607537,228000607537,130,430,1,1,Deployed,1,23,95,61,35,64,458,Gravel,VCG2,VCG,
228,607541,228000607541,139,439,1,1,Deployed,1,23,91,64,40,64,398,Gravel,VCG2,VCG,
231,607546,228000607546,126,426,1,1,Deployed,1,23,97,71,35,64,338,Gravel,VCG2,VCG,
269,607549,228000607549,160,460,1,1,Deployed,1,23,72,50,38,64,185,Gravel,VCG2,VCG,
227,607552,228000607552,185,485,1,1,Deployed,1,23,75,64,54,64,543,Gravel,VCG2,VCG,
283,607560,228000607560,177,477,1,1,Deployed,1,23,82,64,37,64,407,Gravel,VCG2,VCG,
259,607565,228000607565,167,467,1,1,Deployed,1,23,94,58,56,64,433,Gravel,VCG2,VCG,
234,607571,228000607571,199,499,1,1,Deployed,1,23,127,71,31,64,415,Gravel,VCG2,VCG,
237,607573,228000607573,103,403,1,1,Deployed,1,23,102,61,48,64,550,Gravel,VCG2,VCG,
249,607577,228000607577,163,463,1,1,Deployed,1,23,94,66,23,64,361,Gravel,VCG2,VCG,
,,226001370206,-,-,NA,1,Deployed,1,12,35,27,20,32,49,Gravel,CG2,CG,
,,226001370212,-,-,NA,1,Deployed,1,12,25,15,10,16,4.675,Gravel,MG2,MG,
,,226001370215,-,-,NA,1,Deployed,1,12,23,12,8,16,2.755,Gravel,MG2,MG,
,,226001370219,-,-,NA,1,Deployed,1,12,34,22,19,32,41.5,Gravel,CG2,CG,
,,226001370228,-,-,NA,1,Deployed,1,12,21,15,14,16,5.62,Gravel,MG2,MG,
,,226001370232,-,-,NA,1,Deployed,1,12,40,34,17,32,52,Gravel,CG2,CG,
,,226001370235,-,-,NA,1,Deployed,1,12,19,17,10,16,4.171,Gravel,MG2,MG,
,,226001370237,-,-,NA,1,Deployed,1,12,31,27,15,32,36.5,Gravel,CG2,CG,
,,226001370243,-,-,NA,1,Deployed,1,12,20,18,11,16,4.967,Gravel,MG2,MG,
,,226001370244,-,-,NA,1,Deployed,1,12,17,15,9,16,3.148,Gravel,MG2,MG,
,,226001370256,-,-,NA,1,Deployed,1,12,20,17,7,16,2.964,Gravel,MG2,MG,
,,226001370264,-,-,NA,1,Deployed,1,12,30,23,12,32,28.5,Gravel,CG2,CG,
,,226001370277,-,-,NA,1,Deployed,1,12,23,15,13,16,6.062,Gravel,MG2,MG,
,,226001370281,-,-,NA,1,Deployed,1,12,21,16,11,16,4.302,Gravel,MG2,MG,
,,226001370292,-,-,NA,1,Deployed,1,12,20,18,11,16,4.728,Gravel,MG2,MG,
,,226001370318,-,-,NA,1,Deployed,1,12,28,16,8,16,6.618,Gravel,MG2,MG,
,,226001370337,-,-,NA,1,Deployed,1,12,24,17,8,16,5.73,Gravel,MG2,MG,
,,226001370342,-,-,NA,1,Deployed,1,12,29,17,10,16,7.81,Gravel,MG2,MG,
,,226001370356,-,-,NA,1,Deployed,1,12,36,17,8,16,6.624,Gravel,MG2,MG,
,,226001370376,-,-,NA,1,Deployed,1,12,25,17,7,16,5.594,Gravel,MG2,MG,
,,230000111725,-,-,NA,1,Deployed,1,32,312,245,140,256,18500,Cobble,LC2,LC,
,,230000298011,-,-,NA,1,Deployed,1,32,235,210,63,256,7400,Cobble,LC2,LC,
,,230000298013,-,-,NA,1,Deployed,1,32,225,170,104,256,9100,Cobble,LC2,LC,
,,231000039702,-,-,NA,1,Deployed,1,14,42,38,25,32,42,Gravel,CG2,CG,
,,231000039711,-,-,NA,1,Deployed,1,14,38,34,22,32,44,Gravel,CG2,CG,
,,231000039714,-,-,NA,1,Deployed,1,14,55,24,20,32,52.5,Gravel,CG2,CG,
,,231000039720,-,-,NA,1,Deployed,1,14,88,39,14,32,82,Gravel,CG2,CG,
,,231000039733,-,-,NA,1,Deployed,1,14,47,37,20,32,50,Gravel,CG2,CG,
,,231000039735,-,-,NA,1,Deployed,1,14,61,31,28,32,87.5,Gravel,CG2,CG,
,,231000039738,-,-,NA,1,Deployed,1,14,45,34,23,32,53.5,Gravel,CG2,CG,
,,231000039758,-,-,NA,1,Deployed,1,14,40,33,18,32,40.5,Gravel,CG2,CG,
,,231000039765,-,-,NA,1,Deployed,1,14,46,30,22,32,44,Gravel,CG2,CG,
,,231000039781,-,-,NA,1,Deployed,1,14,52,28,24,32,57.5,Gravel,CG2,CG,
192,111547,230000111547,212,512,2,2A,Deployed,2A,32,168,111,53,90,1488,Cobble,SC1,SC,
67,111583,230000111583,218,518,2,2A,Deployed,2A,32,85,61,55,90,493,Cobble,SC1,SC,
34,111586,230000111586,254,554,2,2A,Deployed,2A,32,135,97,68,128,1766,Cobble,SC2,SC,
292,111587,230000111587,264,564,2,2A,Deployed,2A,32,320,235,105,256,11600,Cobble,LC2,LC,
71,111599,230000111599,226,526,2,2A,Deployed,2A,32,135,120,75,128,1877,Cobble,SC2,SC,
102,111602,230000111602,275,575,2,2A,Deployed,2A,32,178,155,48,180,2087,Cobble,LC1,LC,
39,111603,230000111603,266,566,2,2A,Deployed,2A,32,181,125,100,128,3827,Cobble,SC2,SC,
15,111605,230000111605,286,586,2,2A,Deployed,2A,32,140,121,59,128,1380,Cobble,SC2,SC,
26,111621,230000111621,236,536,2,2A,Deployed,2A,32,118,79,65,90,1151,Cobble,SC1,SC,
37,111629,230000111629,244,544,2,2A,Deployed,2A,32,155,132,54,128,1834,Cobble,SC2,SC,
288,111634,230000111634,261,561,2,2A,Deployed,2A,32,367,215,128,256,16700,Cobble,LC2,LC,
107,111645,230000111645,276,576,2,2A,Deployed,2A,32,134,101,91,128,2037,Cobble,SC2,SC,
48,111657,230000111657,211,511,2,2A,Deployed,2A,32,100,72,42,64,379,Gravel,VCG2,VCG,
72,111658,230000111658,247,547,2,2A,Deployed,2A,32,90,83,56,90,732,Cobble,SC1,SC,
66,111660,230000111660,274,574,2,2A,Deployed,2A,32,112,87,57,90,727,Cobble,SC1,SC,
29,111671,230000111671,239,539,2,2A,Deployed,2A,32,110,93,42,90,657,Cobble,SC1,SC,
73,111694,230000111694,287,587,2,2A,Deployed,2A,32,150,109,88,128,1738,Cobble,SC2,SC,
47,111704,230000111704,209,509,2,2A,Deployed,2A,32,95,73,41,64,416,Gravel,VCG2,VCG,
101,111709,230000111709,285,585,2,2A,Deployed,2A,32,201,182,58,180,3584,Cobble,LC1,LC,
25,111718,230000111718,248,548,2,2A,Deployed,2A,32,85,72,57,90,509,Cobble,SC1,SC,
68,111719,230000111719,263,563,2,2A,Deployed,2A,32,165,110,61,128,1712,Cobble,SC2,SC,
290,111729,230000111729,281,581,2,2A,Deployed,2A,32,346,280,115,>256,21300,Boulder,SB1,SB,
78,111732,230000111732,228,528,2,2A,Deployed,2A,32,210,158,107,180,3929,Cobble,LC1,LC,
76,111738,230000111738,259,559,2,2A,Deployed,2A,32,140,110,77,128,1999,Cobble,SC2,SC,
271,607506,228000607506,234,534,2,2A,Deployed,2A,23,87,72,35,64,423,Gravel,VCG2,VCG,
257,607528,228000607528,230,530,2,2A,Deployed,2A,23,84,69,41,64,409,Gravel,VCG2,VCG,
274,607538,228000607538,267,567,2,2A,Deployed,2A,23,74,53,22,64,257,Gravel,VCG2,VCG,
275,607539,228000607539,284,584,2,2A,Deployed,2A,23,110,63,31,64,372,Gravel,VCG2,VCG,
280,607547,228000607547,277,577,2,2A,Deployed,2A,23,80,70,43,64,370,Gravel,VCG2,VCG,
251,607558,228000607558,296,596,2,2A,Deployed,2A,23,88,73,38,64,444,Gravel,VCG2,VCG,
264,607561,228000607561,255,555,2,2A,Deployed,2A,23,106,53,49,64,350,Gravel,VCG2,VCG,
284,607564,228000607564,245,545,2,2A,Deployed,2A,23,108,64,45,64,477,Gravel,VCG2,VCG,
258,607569,228000607569,295,595,2,2A,Deployed,2A,23,99,78,44,64,493,Gravel,VCG2,VCG,
223,607576,228000607576,206,506,2,2A,Deployed,2A,23,104,64,43,64,599,Gravel,VCG2,VCG,
,,226001370210,-,-,NA,2A,Deployed,2A,12,21,15,15,16,5.473,Gravel,MG2,MG,
,,226001370218,-,-,NA,2A,Deployed,2A,12,34,12,12,16,5.414,Gravel,MG2,MG,
,,226001370257,-,-,NA,2A,Deployed,2A,12,26,20,9,16,4.179,Gravel,MG2,MG,
,,226001370271,-,-,NA,2A,Deployed,2A,12,24,14,13,16,4.896,Gravel,MG2,MG,
,,226001370272,-,-,NA,2A,Deployed,2A,12,40,24,19,32,71.5,Gravel,CG2,CG,
,,226001370280,-,-,NA,2A,Deployed,2A,12,41,24,20,32,52,Gravel,CG2,CG,
,,226001370285,-,-,NA,2A,Deployed,2A,12,31,16,14,16,9.238,Gravel,MG2,MG,
,,226001370298,-,-,NA,2A,Deployed,2A,12,18,17,10,16,4.49,Gravel,MG2,MG,
,,226001370321,-,-,NA,2A,Deployed,2A,12,25,12,7,16,3.958,Gravel,MG2,MG,
,,230000111515,-,-,NA,2A,Deployed,2A,32,395,265,205,362,27100,Boulder,SB1,SB,
,,231000039715,-,-,NA,2A,Deployed,2A,14,61,31,17,32,42,Gravel,CG2,CG,
,,231000039731,-,-,NA,2A,Deployed,2A,14,55,30,21,32,87.5,Gravel,CG2,CG,
,,231000039734,-,-,NA,2A,Deployed,2A,14,59,31,30,32,66,Gravel,CG2,CG,
,,231000039756,-,-,NA,2A,Deployed,2A,14,51,31,27,32,59,Gravel,CG2,CG,
,,231000039774,-,-,NA,2A,Deployed,2A,14,45,32,20,32,43.5,Gravel,CG2,CG,
,,231000039788,-,-,NA,2A,Deployed,2A,14,51,36,18,32,65,Gravel,CG2,CG,
18,111504,230000111504,279,579,2,2B,Deployed,2B,32,166,128,81,128,2127,Cobble,SC2,SC,
289,111508,230000111508,217,517,2,2B,Deployed,2B,32,256,214,190,256,16900,Cobble,LC2,LC,
295,111522,230000111522,238,538,2,2B,Deployed,2B,32,295,250,174,256,16100,Cobble,LC2,LC,
106,111568,230000111568,291,591,2,2B,Deployed,2B,32,133,87,49,90,784,Cobble,SC1,SC,
56,111572,230000111572,280,580,2,2B,Deployed,2B,32,162,104,67,128,1710,Cobble,SC2,SC,
21,111584,230000111584,251,551,2,2B,Deployed,2B,32,145,141,67,128,2105,Cobble,SC2,SC,
116,111604,230000111604,289,589,2,2B,Deployed,2B,32,195,62,56,90,1437,Cobble,SC1,SC,
64,111606,230000111606,246,546,2,2B,Deployed,2B,32,147,108,64,128,1636,Cobble,SC2,SC,
63,111638,230000111638,241,541,2,2B,Deployed,2B,32,165,133,106,128,3239,Cobble,SC2,SC,
50,111646,230000111646,203,503,2,2B,Deployed,2B,32,93,77,55,90,508,Cobble,SC1,SC,
38,111664,230000111664,268,568,2,2B,Deployed,2B,32,116,88,67,90,904,Cobble,SC1,SC,
304,111666,230000111666,210,510,2,2B,Deployed,2B,32,321,290,200,>256,18300,Boulder,SB1,SB,
36,111669,230000111669,257,557,2,2B,Deployed,2B,32,151,137,65,128,2083,Cobble,SC2,SC,
52,111673,230000111673,221,521,2,2B,Deployed,2B,32,139,96,75,128,1437,Cobble,SC2,SC,
30,111675,230000111675,229,529,2,2B,Deployed,2B,32,98,89,68,90,939,Cobble,SC1,SC,
55,111681,230000111681,205,505,2,2B,Deployed,2B,32,100,65,55,90,572,Cobble,SC1,SC,
61,111696,230000111696,232,532,2,2B,Deployed,2B,32,103,89,59,90,759,Cobble,SC1,SC,
77,111703,230000111703,213,513,2,2B,Deployed,2B,32,114,85,37,90,604,Cobble,SC1,SC,
22,111705,230000111705,253,553,2,2B,Deployed,2B,32,160,84,69,90,1747,Cobble,SC1,SC,
58,111723,230000111723,208,508,2,2B,Deployed,2B,32,146,89,36,90,807,Cobble,SC1,SC,
270,607504,228000607504,297,597,2,2B,Deployed,2B,23,77,65,40,64,362,Gravel,VCG2,VCG,
263,607511,228000607511,273,573,2,2B,Deployed,2B,23,120,75,50,64,466,Gravel,VCG2,VCG,
226,607514,228000607514,288,588,2,2B,Deployed,2B,23,139,64,54,64,813,Gravel,VCG2,VCG,
268,607526,228000607526,250,550,2,2B,Deployed,2B,23,117,74,43,64,561,Gravel,VCG2,VCG,
247,607527,228000607527,299,599,2,2B,Deployed,2B,23,70,74,55,64,425,Gravel,VCG2,VCG,
240,607540,228000607540,292,592,2,2B,Deployed,2B,23,100,67,46,64,506,Gravel,VCG2,VCG,
278,607548,228000607548,260,560,2,2B,Deployed,2B,23,67,55,52,64,344,Gravel,VCG2,VCG,
267,607554,228000607554,240,540,2,2B,Deployed,2B,23,81,64,30,64,213,Gravel,VCG2,VCG,
272,607570,228000607570,201,501,2,2B,Deployed,2B,23,75,63,48,64,338,Gravel,VCG2,VCG,
276,607572,228000607572,225,525,2,2B,Deployed,2B,23,75,68,37,64,300,Gravel,VCG2,VCG,
,,209000133190,-,-,NA,2B,Deployed,2B,23,84,64,35,64,376.5,Gravel,VCG2,VCG,"Replacement rock for 228000607545, which was previously deployed in riffle 2 but NEVER RECOVERED"
,,226001370213,-,-,NA,2B,Deployed,2B,12,27,19,12,16,5.329,Gravel,MG2,MG,
,,226001370224,-,-,NA,2B,Deployed,2B,12,25,15,10,16,5.3756,Gravel,MG2,MG,
,,226001370240,-,-,NA,2B,Deployed,2B,12,21,15,11,16,4.405,Gravel,MG2,MG,
,,226001370250,-,-,NA,2B,Deployed,2B,12,35,26,17,32,50,Gravel,CG2,CG,
,,226001370253,-,-,NA,2B,Deployed,2B,12,32,23,14,32,33.5,Gravel,CG2,CG,
,,226001370261,-,-,NA,2B,Deployed,2B,12,33,28,19,32,45.5,Gravel,CG2,CG,
,,226001370278,-,-,NA,2B,Deployed,2B,12,26,16,12,16,5.809,Gravel,MG2,MG,
,,226001370284,-,-,NA,2B,Deployed,2B,12,22,20,11,16,5.424,Gravel,MG2,MG,
,,226001370286,-,-,NA,2B,Deployed,2B,12,35,24,14,32,37.5,Gravel,CG2,CG,
,,226001370289,-,-,NA,2B,Deployed,2B,12,20,20,12,16,5.267,Gravel,MG2,MG,
,,226001370299,-,-,NA,2B,Deployed,2B,12,27,17,11,16,7.086,Gravel,MG2,MG,
,,226001370341,-,-,NA,2B,Deployed,2B,12,21,17,9,16,5.134,Gravel,MG2,MG,
,,230000111726,-,-,NA,2B,Deployed,2B,32,330,285,138,362,32000,Boulder,SB1,SB,
,,230000298004,-,-,NA,2B,Deployed,2B,32,285,182,120,256,11600,Cobble,LC2,LC,
,,230000298005,-,-,NA,2B,Deployed,2B,32,183,158,100,256,4300,Cobble,LC2,LC,
,,230000298012,-,-,NA,2B,Deployed,2B,32,193,120,84,256,4900,Cobble,LC2,LC,
,,231000039732,-,-,NA,2B,Deployed,2B,14,43,38,19,32,46,Gravel,CG2,CG,
,,231000039736,-,-,NA,2B,Deployed,2B,14,49,36,20,32,55.5,Gravel,CG2,CG,
,,231000039740,-,-,NA,2B,Deployed,2B,14,50,33,20,32,41,Gravel,CG2,CG,
291,111500,230000111500,331,631,3,,X,3A,32,265,245,90,256,12100,Cobble,LC2,LC,
23,111512,230000111512,252,552,2,,X,3A,32,135,102,78,128,1872,Cobble,SC2,SC,
198,111514,230000111514,352,652,3,,X,3A,32,107,96,62,90,894,Cobble,SC1,SC,
220,111529,230000111529,390,690,3,,X,3A,32,248,168,104,180,5200,Cobble,LC1,LC,
6,111538,230000111538,282,582,2,,X,3A,32,186,126,93,128,2956,Cobble,SC2,SC,
188,111542,230000111542,375,675,3,,X,3A,32,102,71,69,90,796,Cobble,SC1,SC,
287,111557,230000111557,358,658,3,,X,3A,32,330,277,129,>256,17300,Boulder,SB1,SB,
35,111574,230000111574,269,569,2,,X,3A,32,122,118,43,128,1033,Cobble,SC2,SC,
215,111597,230000111597,345,645,3,,X,3A,32,130,76,70,90,1058,Cobble,SC1,SC,
59,111601,230000111601,207,507,2,,X,3A,32,129,115,45,128,1232,Cobble,SC2,SC,
199,111612,230000111612,378,678,3,,X,3A,32,135,99,82,128,1821,Cobble,SC2,SC,
53,111627,230000111627,216,516,2,,X,3A,32,151,80,39,90,787,Cobble,SC1,SC,
216,111633,230000111633,337,637,3,,X,3A,32,123,109,74,128,1530,Cobble,SC2,SC,
202,111635,230000111635,343,643,3,,X,3A,32,100,86,60,90,643,Cobble,SC1,SC,
296,111640,230000111640,310,610,3,,X,3A,32,336,221,183,256,18800,Cobble,LC2,LC,
60,111649,230000111649,222,522,2,,X,3A,32,150,87,55,90,1202,Cobble,SC1,SC,
203,111661,230000111661,372,672,3,,X,3A,32,141,67,45,90,711,Cobble,SC1,SC,
208,111663,230000111663,348,648,3,,X,3A,32,96,77,43,90,526,Cobble,SC1,SC,
152,111706,230000111706,363,663,3,,X,3A,32,120,105,62,128,1063,Cobble,SC2,SC,
108,111745,230000111745,293,593,2,,X,3A,32,96,94,43,90,833,Cobble,SC1,SC,
,,209000133112,-,-,NA,,X,3A,23,70,45,32,45,113.5,Gravel,VCG1,VCG,
,,209000133122,-,-,NA,,X,3A,23,90,52,44,64,332.5,Gravel,VCG2,VCG,
,,209000133133,-,-,NA,,X,3A,23,88,51,35,64,230.5,Gravel,VCG2,VCG,
,,209000133139,-,-,NA,,X,3A,23,55,38,22,45,128,Gravel,VCG1,VCG,
,,209000133145,-,-,NA,,X,3A,23,84,71,35,64,359,Gravel,VCG2,VCG,
,,209000133154,-,-,NA,,X,3A,23,86,55,34,64,294.5,Gravel,VCG2,VCG,
,,209000133166,-,-,NA,,X,3A,23,51,44,24,45,70.5,Gravel,VCG1,VCG,
,,209000133173,-,-,NA,,X,3A,23,81,60,51,64,370.5,Gravel,VCG2,VCG,
,,209000133189,-,-,NA,,X,3A,23,79,57,39,64,274.5,Gravel,VCG2,VCG,
,,209000133195,-,-,NA,,X,3A,23,73,46,44,64,207,Gravel,VCG2,VCG,
,,209000133198,-,-,NA,,X,3A,23,75,56,45,64,317.5,Gravel,VCG2,VCG,
,,209000133202,-,-,NA,,X,3A,23,70,55,44,64,225,Gravel,VCG2,VCG,
,,226001370211,-,-,NA,,X,3A,12,33,30,14,32,36,Gravel,CG2,CG,
,,226001370252,-,-,NA,,X,3A,12,25,18,10,16,4.005,Gravel,MG2,MG,
,,226001370254,-,-,NA,,X,3A,12,22,14,12,16,5.005,Gravel,MG2,MG,
,,226001370258,-,-,NA,,X,3A,12,20,13,11,16,4.263,Gravel,MG2,MG,
,,226001370260,-,-,NA,,X,3A,12,30,26,12,32,33.5,Gravel,CG2,CG,
,,226001370263,-,-,NA,,X,3A,12,17,17,11,16,3.727,Gravel,MG2,MG,
,,226001370265,-,-,NA,,X,3A,12,21,18,11,16,4.056,Gravel,MG2,MG,
,,226001370297,-,-,NA,,X,3A,12,20,15,14,16,5.694,Gravel,MG2,MG,
,,226001370370,-,-,NA,,X,3A,12,25,17,13,16,9.352,Gravel,MG2,MG,
,,230000111674,-,-,NA,,X,3A,32,297,226,193,256,27800,Cobble,LC2,LC,
,,230000298018,-,-,NA,,X,3A,32,260,185,115,256,6600,Cobble,LC2,LC,
,,230000298019,-,-,NA,,X,3A,32,299,252,120,256,14900,Cobble,LC2,LC,
,,231000039708,-,-,NA,,X,3A,14,45,32,25,32,60.5,Gravel,CG2,CG,
,,231000039743,-,-,NA,,X,3A,14,54,35,18,32,51.5,Gravel,CG2,CG,
,,231000039749,-,-,NA,,X,3A,14,53,28,12,32,43.5,Gravel,CG2,CG,
,,231000039767,-,-,NA,,X,3A,14,50,35,21,32,67,Gravel,CG2,CG,
,,231000039789,-,-,NA,,X,3A,14,60,31,24,32,57,Gravel,CG2,CG,
,,231000039796,-,-,NA,,X,3A,14,52,35,16,32,58,Gravel,CG2,CG,
195,111505,230000111505,395,695,3,,X,3B,32,117,77,71,90,941,Cobble,SC1,SC,
193,111513,230000111513,386,686,3,,X,3B,32,148,93,75,90,1599,Cobble,SC1,SC,
158,111520,230000111520,355,655,3,,X,3B,32,134,95,42,90,1088,Cobble,SC1,SC,
12,111524,230000111524,307,607,3,,X,3B,32,154,89,64,90,1292,Cobble,SC1,SC,
194,111533,230000111533,370,670,3,,X,3B,32,98,93,48,90,686,Cobble,SC1,SC,
206,111543,230000111543,347,647,3,,X,3B,32,109,88,33,90,649,Cobble,SC1,SC,
300,111554,230000111554,381,681,3,,X,3B,32,375,265,193,>256,22700,Boulder,SB1,SB,
145,111561,230000111561,364,664,3,,X,3B,32,125,98,59,90,1054,Cobble,SC1,SC,
293,111565,230000111565,391,691,3,,X,3B,32,311,241,149,256,13100,Cobble,LC2,LC,
19,111579,230000111579,319,619,3,,X,3B,32,121,89,53,90,906,Cobble,SC1,SC,
183,111580,230000111580,359,659,3,,X,3B,32,115,103,61,90,1055,Cobble,SC1,SC,
7,111610,230000111610,397,697,3,,X,3B,32,130,85,56,90,936,Cobble,SC1,SC,
2,111616,230000111616,305,605,3,,X,3B,32,153,135,74,128,2113,Cobble,SC2,SC,
299,111617,230000111617,340,640,3,,X,3B,32,327,250,89,256,9000,Cobble,LC2,LC,
156,111626,230000111626,368,668,3,,X,3B,32,105,101,55,90,874,Cobble,SC1,SC,
3,111628,230000111628,303,603,3,,X,3B,32,180,98,45,90,1341,Cobble,SC1,SC,
197,111637,230000111637,351,651,3,,X,3B,32,168,104,67,128,1687,Cobble,SC2,SC,
213,111659,230000111659,333,633,3,,X,3B,32,164,139,68,128,2411,Cobble,SC2,SC,
196,111699,230000111699,377,677,3,,X,3B,32,185,124,79,128,3653,Cobble,SC2,SC,
201,111702,230000111702,329,629,3,,X,3B,32,115,108,100,128,1144,Cobble,SC2,SC,
262,607568,228000607568,300,600,3,,X,3B,23,91,69,40,64,384,Gravel,VCG2,VCG,
286,607575,228000607575,373,673,3,,X,3B,23,105,71,43,64,522,Gravel,VCG2,VCG,
,,209000133150,-,-,NA,,X,3B,23,65,36,24,45,94,Gravel,VCG1,VCG,
,,209000133170,-,-,NA,,X,3B,23,122,76,38,64,542.5,Gravel,VCG2,VCG,
,,209000133177,-,-,NA,,X,3B,23,87,66,41,64,368,Gravel,VCG2,VCG,
,,209000133178,-,-,NA,,X,3B,23,76,60,33,64,245.5,Gravel,VCG2,VCG,
,,209000133186,-,-,NA,,X,3B,23,73,60,35,64,286,Gravel,VCG2,VCG,
,,209000133193,-,-,NA,,X,3B,23,70,64,45,64,346.5,Gravel,VCG2,VCG,
,,209000133196,-,-,NA,,X,3B,23,76,62,40,64,296,Gravel,VCG2,VCG,
,,209000133201,-,-,NA,,X,3B,23,94,65,45,64,461.5,Gravel,VCG2,VCG,
,,209000133492,-,-,NA,,X,3B,23,68,54,45,64,212,Gravel,VCG2,VCG,
,,226001370202,-,-,NA,,X,3B,12,20,16,15,16,5.569,Gravel,MG2,MG,
,,226001370217,-,-,NA,,X,3B,12,39,31,14,32,44.5,Gravel,CG2,CG,
,,226001370220,-,-,NA,,X,3B,12,22,15,10,16,4.661,Gravel,MG2,MG,
,,226001370226,-,-,NA,,X,3B,12,41,22,14,32,31,Gravel,CG2,CG,
,,226001370229,-,-,NA,,X,3B,12,26,16,9,16,4.223,Gravel,MG2,MG,
,,226001370242,-,-,NA,,X,3B,12,24,21,12,16,4.828,Gravel,MG2,MG,
,,226001370246,-,-,NA,,X,3B,12,21,17,11,16,5.37,Gravel,MG2,MG,
,,226001370248,-,-,NA,,X,3B,12,28,28,26,32,45,Gravel,CG2,CG,
,,226001370268,-,-,NA,,X,3B,12,18,16,12,16,4.506,Gravel,MG2,MG,
,,226001370270,-,-,NA,,X,3B,12,39,29,12,32,33,Gravel,CG2,CG,
,,226001370282,-,-,NA,,X,3B,12,39,28,18,32,53,Gravel,CG2,CG,
,,226001370283,-,-,NA,,X,3B,12,30,29,17,32,41.5,Gravel,CG2,CG,
,,226001370300,-,-,NA,,X,3B,12,24,15,13,16,5.791,Gravel,MG2,MG,
,,226001370385,-,-,NA,,X,3B,12,22,17,13,16,6.371,Gravel,MG2,MG,
,,230000298009,-,-,NA,,X,3B,32,225,149,112,256,6900,Cobble,LC2,LC,
,,230000298010,-,-,NA,,X,3B,32,310,175,65,256,10400,Cobble,LC2,LC,
,,230000298015,-,-,NA,,X,3B,32,178,165,46,256,57000,Cobble,LC2,LC,
,,231000039793,-,-,NA,,X,3B,14,61,35,26,32,81.5,Gravel,CG2,CG,
,,231000039794,-,-,NA,,X,3B,14,42,33,21,45,79.5,Gravel,VCG1,VCG,
,,209000133110,-,-,NA,GravelAug,Deployed,GA P1,23,131,92,72,128,1429,Cobble,SC2,SC,
,,209000133126,-,-,NA,GravelAug,Deployed,GA P1,23,196,92,78,128,2591,Cobble,SC2,SC,
,,209000133130,-,-,NA,GravelAug,Deployed,GA P1,23,80,60,36,64,289,Gravel,VCG2,VCG,
,,209000133134,-,-,NA,GravelAug,Deployed,GA P1,23,63,51,34,64,157,Gravel,VCG2,VCG,
,,209000133137,-,-,NA,GravelAug,Deployed,GA P1,23,165,74,64,90,1338.5,Cobble,SC1,SC,
,,209000133147,-,-,NA,GravelAug,Deployed,GA P1,23,65,61,41,64,265.5,Gravel,VCG2,VCG,
,,209000133151,-,-,NA,GravelAug,Deployed,GA P1,23,90,58,40,64,295.5,Gravel,VCG2,VCG,
,,209000133155,-,-,NA,GravelAug,Deployed,GA P1,23,118,85,39,90,868,Cobble,SC1,SC,
,,209000133175,-,-,NA,GravelAug,Deployed,GA P1,23,159,105,68,128,2043,Cobble,SC2,SC,
,,209000133179,-,-,NA,GravelAug,Deployed,GA P1,23,84,58,47,64,371,Gravel,VCG2,VCG,
,,209000133181,-,-,NA,GravelAug,Deployed,GA P1,23,115,81,58,90,893,Cobble,SC1,SC,
,,209000133183,-,-,NA,GravelAug,Deployed,GA P1,23,81,57,46,64,332,Gravel,VCG2,VCG,
,,209000133185,-,-,NA,GravelAug,Deployed,GA P1,23,99,63,40,64,407,Gravel,VCG2,VCG,
,,209000133187,-,-,NA,GravelAug,Deployed,GA P1,23,95,94,40,90,630.5,Cobble,SC1,SC,
,,209000133191,-,-,NA,GravelAug,Deployed,GA P1,23,92,52,50,64,543,Gravel,VCG2,VCG,
,,209000133192,-,-,NA,GravelAug,Deployed,GA P1,32,117,105,60,128,1101,Cobble,SC2,SC,
,,209000133194,-,-,NA,GravelAug,Deployed,GA P1,23,85,66,42,64,348,Gravel,VCG2,VCG,
,,209000133204,-,-,NA,GravelAug,Deployed,GA P1,23,66,55,45,64,207.5,Gravel,VCG2,VCG,
,,209000133209,-,-,NA,GravelAug,Deployed,GA P1,23,124,118,87,128,1659.5,Cobble,SC2,SC,
,,226001370200,-,-,NA,GravelAug,Deployed,GA P1,12,17,15,10,16,3.822,Gravel,MG2,MG,
,,226001370216,-,-,NA,GravelAug,Deployed,GA P1,12,24,15,14,16,4.961,Gravel,MG2,MG,
,,226001370275,-,-,NA,GravelAug,Deployed,GA P1,12,37,27,14,32,39,Gravel,CG2,CG,
,,226001370293,-,-,NA,GravelAug,Deployed,GA P1,12,23,20,11,16,6.117,Gravel,MG2,MG,
,,226001370294,-,-,NA,GravelAug,Deployed,GA P1,12,50,29,15,32,58,Gravel,CG2,CG,
,,226001370330,-,-,NA,GravelAug,Deployed,GA P1,12,22,15,14,16,8.205,Gravel,MG2,MG,
,,230000298006,-,-,NA,GravelAug,Deployed,GA P1,32,264,167,82,256,8600,Cobble,LC2,LC,
,,230000298016,-,-,NA,GravelAug,Deployed,GA P1,32,250,175,98,256,9700,Cobble,LC2,LC,
,,231000039706,-,-,NA,GravelAug,Deployed,GA P1,14,46,27,26,32,66,Gravel,CG2,CG,
,,231000039712,-,-,NA,GravelAug,Deployed,GA P1,14,45,36,25,32,54.5,Gravel,CG2,CG,
,,231000039751,-,-,NA,GravelAug,Deployed,GA P1,14,36,32,31,32,58,Gravel,CG2,CG,
13,111502,230000111502,278,578,2,,X,GA P2,32,148,121,63,128,2125,Cobble,SC2,SC,
189,111526,230000111526,242,542,2,,X,GA P2,32,119,101,43,90,1036,Cobble,SC1,SC,
24,111553,230000111553,256,556,2,,X,GA P2,32,144,123,55,128,1551,Cobble,SC2,SC,
190,111608,230000111608,385,685,3,,X,GA P2,32,160,123,71,128,2236,Cobble,SC2,SC,
154,111611,230000111611,371,671,3,,X,GA P2,32,105,76,43,90,548,Cobble,SC1,SC,
54,111620,230000111620,204,504,2,,X,GA P2,32,159,120,46,128,1290,Cobble,SC2,SC,
32,111655,230000111655,258,558,2,,X,GA P2,32,107,68,56,90,697,Cobble,SC1,SC,
49,111711,230000111711,243,543,2,,X,GA P2,32,155,106,45,128,990,Cobble,SC2,SC,
281,607500,228000607500,356,656,3,,X,GA P2,23,102,64,55,64,373,Gravel,VCG2,VCG,
221,607518,228000607518,399,699,3,,X,GA P2,23,86,66,38,64,NA,Gravel,VCG2,VCG,
235,607519,228000607519,369,669,3,,X,GA P2,23,81,64,41,64,437,Gravel,VCG2,VCG,
230,607522,228000607522,306,606,3,,X,GA P2,23,136,61,33,64,516,Gravel,VCG2,VCG,
282,607523,228000607523,344,644,3,,X,GA P2,23,112,60,45,64,579,Gravel,VCG2,VCG,
285,607525,228000607525,313,613,3,,X,GA P2,23,90,71,34,64,414,Gravel,VCG2,VCG,
260,607542,228000607542,383,683,3,,X,GA P2,23,119,64,45,64,469,Gravel,VCG2,VCG,
248,607553,228000607553,388,688,3,,X,GA P2,23,76,59,50,64,435,Gravel,VCG2,VCG,
246,607555,228000607555,332,632,3,,X,GA P2,23,73,52,40,64,263,Gravel,VCG2,VCG,
236,607574,228000607574,376,676,3,,X,GA P2,23,62,43,32,64,140,Gravel,VCG2,VCG,
,,209000133113,-,-,NA,,X,GA P2,23,100,59,51,90,629,Cobble,SC1,SC,
,,209000133132,-,-,NA,,X,GA P2,23,135,95,73,128,1350,Cobble,SC2,SC,
,,226001370201,-,-,NA,,X,GA P2,12,26,16,7,16,3.799,Gravel,MG2,MG,
,,226001370207,-,-,NA,,X,GA P2,12,22,19,14,22.6,6.736,Gravel,CG1,CG,
,,226001370208,-,-,NA,,X,GA P2,12,20,18,15,22.6,5.638,Gravel,CG1,CG,
,,226001370214,-,-,NA,,X,GA P2,12,26,18,17,22.6,8.477,Gravel,CG1,CG,
,,226001370221,-,-,NA,,X,GA P2,12,23,17,15,16,7.044,Gravel,MG2,MG,
,,226001370225,-,-,NA,,X,GA P2,12,22,15,13,16,5.19,Gravel,MG2,MG,
,,226001370234,-,-,NA,,X,GA P2,12,19,16,6,16,2.279,Gravel,MG2,MG,
,,226001370241,-,-,NA,,X,GA P2,12,22,16,12,16,5.082,Gravel,MG2,MG,
,,226001370247,-,-,NA,,X,GA P2,12,22,15,10,16,3.018,Gravel,MG2,MG,
,,226001370269,-,-,NA,,X,GA P2,12,21,16,12,16,4.879,Gravel,MG2,MG,
,,226001370273,-,-,NA,,X,GA P2,12,18,15,9,16,2.443,Gravel,MG2,MG,
,,226001370276,-,-,NA,,X,GA P2,12,25,20,10,16,5.391,Gravel,MG2,MG,
,,226001370296,-,-,NA,,X,GA P2,12,22,15,9,16,3.569,Gravel,MG2,MG,
,,231000039704,-,-,NA,,X,GA P2,14,56,29,18,32,50,Gravel,CG2,CG,
,,231000039766,-,-,NA,,X,GA P2,14,38,35,26,32,44,Gravel,CG2,CG,
,,231000039792,-,-,NA,,X,GA P2,14,42,29,23,32,40.5,Gravel,CG2,CG,
,,209000132730,-,-,NA,,new,GA P2,23,213,165,116,180,6700,Cobble,LC1,LC,
,,209000132759,-,-,NA,,new,GA P2,23,185,175,98,180,5000,Cobble,LC1,LC,
,,226001370262,-,-,NA,,new,GA P2,12,30,20,20,22.6,18.5,Gravel,CG1,CG,
,,226001370227,-,-,NA,,new,GA P2,12,50,27,21,32,33,Gravel,CG2,CG,
,,226001370325,-,-,NA,,new,GA P2,12,37,35,25,32,50,Gravel,CG2,CG,
,,226001370249,-,-,NA,,new,GA P2,12,58,35,22,32,60,Gravel,CG2,CG,
,,226001370203,-,-,NA,Overflow,Deployed,Overflow,12,21,16,10,16,5.123,Gravel,MG2,MG,
,,226001370204,-,-,NA,Overflow,Deployed,Overflow,12,21,18,10,16,5.067,Gravel,MG2,MG,
,,226001370205,-,-,NA,Overflow,Deployed,Overflow,12,35,25,18,32,45,Gravel,CG2,CG,
,,226001370222,-,-,NA,Overflow,Deployed,Overflow,12,26,18,11,16,7.0078,Gravel,MG2,MG,
,,226001370230,-,-,NA,Overflow,Deployed,Overflow,12,47,29,16,32,59,Gravel,CG2,CG,
,,226001370236,-,-,NA,Overflow,Deployed,Overflow,12,27,21,16,32,33,Gravel,CG2,CG,
,,226001370259,-,-,NA,Overflow,Deployed,Overflow,12,22,17,10,16,4.273,Gravel,MG2,MG,
,,226001370291,-,-,NA,Overflow,Deployed,Overflow,12,36,29,10,32,32,Gravel,CG2,CG,
,,226001370397,-,-,NA,Overflow,Deployed,Overflow,12,20,18,7,16,3.093,Gravel,MG2,MG,
,,231000039741,-,-,NA,Overflow,Deployed,Overflow,14,35,39,21,32,35.5,Gravel,CG2,CG,
11,111501,230000111501,304,604,3,,X,,32,148,110,100,128,2344,Cobble,SC2,SC,
166,111506,230000111506,192,492,1,,X,,32,110,108,41,128,941,Cobble,SC2,SC,
14,111509,230000111509,322,622,3,,X,,32,103,99,48,90,750,Cobble,SC1,SC,
184,111511,230000111511,396,696,3,,X,,32,106,93,80,90,1175,Cobble,SC1,SC,
16,111518,230000111518,312,612,3,,X,,32,129,102,56,90,1168,Cobble,SC1,SC,
187,111519,230000111519,389,689,3,,X,,32,151,141,52,128,1937,Cobble,SC2,SC,
8,111528,230000111528,314,614,3,,X,,32,116,93,67,90,1027,Cobble,SC1,SC,
167,111535,230000111535,183,483,1,,X,,32,168,101,97,128,1715,Cobble,SC2,SC,
9,111537,230000111537,308,608,3,,X,,32,158,99,67,128,1856,Cobble,SC2,SC,
17,111539,230000111539,302,602,3,,X,,32,153,112,75,128,1871,Cobble,SC2,SC,
219,111546,230000111546,342,642,3,,X,,32,135,108,38,128,1187,Cobble,SC2,SC,
105,111550,230000111550,138,438,1,,X,,32,107,91,42,90,571,Cobble,SC1,SC,
94,111558,230000111558,100,400,1,,X,,32,145,118,52,128,1424,Cobble,SC2,SC,
207,111559,230000111559,335,635,3,,X,,32,104,81,74,90,892,Cobble,SC1,SC,
150,111563,230000111563,374,674,3,,X,,32,114,62,54,90,634,Cobble,SC1,SC,
31,111564,230000111564,262,562,2,,X,,32,109,85,42,90,747,Cobble,SC1,SC,
182,111569,230000111569,398,698,3,,X,,32,94,71,67,90,638,Cobble,SC1,SC,
153,111571,230000111571,315,615,3,,X,,32,126,87,39,90,849,Cobble,SC1,SC,
151,111573,230000111573,353,653,3,,X,,32,137,93,55,90,1165,Cobble,SC1,SC,
149,111582,230000111582,334,634,3,,X,,32,115,113,51,90,1007,Cobble,SC1,SC,
28,111585,230000111585,270,570,2,,X,,32,115,105,33,90,770,Cobble,SC1,SC,
142,111588,230000111588,-,-,NA,,,,32,110,77,55,90,937,Cobble,SC1,SC,
1,111589,230000111589,387,687,3,,X,,32,125,113,95,128,2284,Cobble,SC2,SC,
218,111591,230000111591,311,611,3,,X,,32,150,122,61,128,1204,Cobble,SC2,SC,
104,111593,230000111593,290,590,2,,X,,32,165,66,54,90,1192,Cobble,SC1,SC,
81,111598,230000111598,124,424,1,,X,,32,142,104,54,128,1046,Cobble,SC2,SC,
210,111600,230000111600,346,646,3,,X,,32,107,90,49,90,709,Cobble,SC1,SC,
128,111607,230000111607,175,475,1,,X,,32,113,100,63,90,1093,Cobble,SC1,SC,
186,111613,230000111613,394,694,3,,X,,32,136,112,43,90,1002,Cobble,SC1,SC,
80,111619,230000111619,219,519,2,,X,,32,95,64,54,90,460,Cobble,SC1,SC,
103,111622,230000111622,294,594,2,,X,,32,122,66,42,90,555,Cobble,SC1,SC,
144,111625,230000111625,357,657,3,,X,,32,118,106,77,128,1218,Cobble,SC2,SC,
20,111630,230000111630,321,621,3,,X,,32,115,98,59,90,1042,Cobble,SC1,SC,
84,111632,230000111632,115,415,1,,X,,32,124,96,53,90,802,Cobble,SC1,SC,
93,111636,230000111636,164,464,1,,X,,32,141,97,83,128,2024,Cobble,SC2,SC,
57,111639,230000111639,-,-,NA,,,,32,116,98,53,90,714,Cobble,SC1,SC,
27,111652,230000111652,272,572,2,,X,,32,120,78,71,90,861,Cobble,SC1,SC,
41,111654,230000111654,215,515,2,,X,,32,114,105,95,128,1678,Cobble,SC2,SC,
212,111662,230000111662,316,616,3,,X,,32,136,83,60,90,1117,Cobble,SC1,SC,
46,111665,230000111665,249,549,2,,X,,32,83,68,48,90,400,Cobble,SC1,SC,
173,111667,230000111667,193,493,1,,X,,32,153,114,52,128,1347,Cobble,SC2,SC,
45,111670,230000111670,231,531,2,,X,,32,95,80,51,90,627,Cobble,SC1,SC,
43,111672,230000111672,220,520,2,,X,,32,102,80,55,90,831,Cobble,SC1,SC,
117,111679,230000111679,134,434,1,,X,,32,141,105,79,128,1381,Cobble,SC2,SC,
185,111680,230000111680,380,680,3,,X,,32,131,112,71,128,1468,Cobble,SC2,SC,
75,111682,230000111682,200,500,2,,X,,32,110,97,52,90,812,Cobble,SC1,SC,
51,111685,230000111685,224,524,2,,X,,32,110,96,55,90,873,Cobble,SC1,SC,
147,111687,230000111687,301,601,3,,X,,32,167,118,59,128,1363,Cobble,SC2,SC,
5,111688,230000111688,318,618,3,,X,,32,116,90,40,90,655,Cobble,SC1,SC,
159,111690,230000111690,-,-,NA,,,,32,170,106,83,128,2708,Cobble,SC2,SC,
146,111691,230000111691,393,693,3,,X,,32,145,105,63,128,1716,Cobble,SC2,SC,
217,111692,230000111692,338,638,3,,X,,32,111,81,77,90,969,Cobble,SC1,SC,
70,111697,230000111697,235,535,2,,X,,32,115,89,65,128,985,Cobble,SC2,SC,
124,111707,230000111707,173,473,1,,X,,32,151,98,58,90,1186,Cobble,SC1,SC,
143,111710,230000111710,367,667,3,,X,,32,107,85,63,90,830,Cobble,SC1,SC,
79,111713,230000111713,223,523,2,,X,,32,104,86,45,90,730,Cobble,SC1,SC,
160,111721,230000111721,366,666,3,,X,,32,187,97,51,90,1395,Cobble,SC1,SC,
214,111724,230000111724,339,639,3,,X,,32,169,128,69,128,2436,Cobble,SC2,SC,
42,111727,230000111727,283,583,2,,X,,32,165,125,60,128,2087,Cobble,SC2,SC,
99,111731,230000111731,104,404,1,,X,,32,145,98,56,128,1335,Cobble,SC2,SC,
65,111739,230000111739,233,533,2,,X,,32,99,86,33,90,557,Cobble,SC1,SC,
211,111740,230000111740,330,630,3,,X,,32,145,94,62,90,1384,Cobble,SC1,SC,
33,111742,230000111742,265,565,2,,X,,32,111,72,46,90,646,Cobble,SC1,SC,
205,111743,230000111743,326,626,3,,X,,32,119,97,74,90,1151,Cobble,SC1,SC,
204,111744,230000111744,328,628,3,,X,,32,113,96,57,90,914,Cobble,SC1,SC,
62,111747,230000111747,202,502,2,,X,,32,110,100,59,128,897,Cobble,SC2,SC,
155,111748,230000111748,361,661,3,,X,,32,154,99,80,128,1669,Cobble,SC2,SC,
157,111749,230000111749,354,654,3,,X,,32,157,125,80,128,1961,Cobble,SC2,SC,
265,607529,228000607529,-,-,NA,,,,23,113,52,43,64,475,Gravel,VCG2,VCG,(line denotes rocks tagged in 2019 vs 2023)
277,607545,228000607545,298,598,2,,,,23,71,65,55,64,387,Gravel,VCG2,VCG,"LOST IN RIVER, NEVER RETRIEVED"
,,209000132802,-,-,NA,,new,,23,184,155,105,180,4768,Cobble,LC1,,
,,209000132723,-,-,NA,,new,,23,207,204,91,180,5526,Cobble,LC1,,
,,209000132797,-,-,NA,,new,,23,411,280,220,>256,29700,Boulder,FALSE,,
