deployID,TagID,Period,RiffleID,Site,TagSize_mm,A_Axis_mm,B_Axis_mm,C_Axis_mm,Gravelometer_mm,Weight_g,Particle_Class,Size_Class,totalDistance_ft,movementDuration,DeployDate,LastRecapDate
51087,209000132715,After,0,Riffle 0,23,340,209,196,>256,27100,Boulder,SB1,0,2024-10-16 to 2024-10-16,10/16/2024,NA
51031,209000132717,After,0,Riffle 0,23,318,176,124,180,9300,Cobble,LC1,0,2024-10-16 to 2024-10-16,10/16/2024,NA
51069,209000132718,After,0,Riffle 0,23,210,149,100,180,3500,Cobble,LC1,0,2024-10-16 to 2024-10-16,10/16/2024,NA
51023,209000132719,After,0,Riffle 0,23,246,181,73,180,4900,Cobble,LC1,0,2024-10-16 to 2024-10-16,10/16/2024,NA
51263,209000132723,After,2B,Riffle 2,23,207,204,91,180,5526,Cobble,LC1,0,2024-10-16 to 2024-10-16,10/16/2024,NA
51047,209000132724,After,0,Riffle 0,23,214,160,80,180,4700,Cobble,LC1,0,2024-10-16 to 2024-10-16,10/16/2024,NA
51049,209000132728,After,0,Riffle 0,23,336,224,183,>256,26700,Boulder,SB1,0,2024-10-16 to 2024-10-16,10/16/2024,NA
50354,209000132730,After,GA9,GravelAug,23,213,165,116,180,6700,Cobble,LC1,17.22,2024-04-25 to 2024-09-24,4/25/2024,9/24/2024
51060,209000132746,After,0,Riffle 0,23,226,175,143,>256,10700,Boulder,SB1,0,2024-10-16 to 2024-10-16,10/16/2024,NA
51094,209000132755,After,0,Riffle 0,23,214,173,90,180,5000,Cobble,LC1,0,2024-10-16 to 2024-10-16,10/16/2024,NA
50367,209000132759,After,GA10,GravelAug,23,185,175,98,180,5000,Cobble,LC1,5.98,2024-04-25 to 2024-09-24,4/25/2024,9/24/2024
51213,209000132772,After,2A,Riffle 2,23,186,132,87,128,3700,Cobble,SC2,0,2024-10-16 to 2024-10-16,10/16/2024,NA
51025,209000132778,After,0,Riffle 0,23,175,147,98,180,4500,Cobble,LC1,0,2024-10-16 to 2024-10-16,10/16/2024,NA
51071,209000132788,After,0,Riffle 0,23,212,185,97,180,3800,Cobble,LC1,0,2024-10-16 to 2024-10-16,10/16/2024,NA
51005,209000132794,After,0,Riffle 0,23,129,126,110,180,3000,Cobble,LC1,0,2024-10-16 to 2024-10-16,10/16/2024,NA
51218,209000132797,After,2A,Riffle 2,23,411,280,220,>256,29700,Boulder,FALSE,0,2024-10-16 to 2024-10-16,10/16/2024,NA
51003,209000132800,After,0,Riffle 0,23,285,220,197,>256,24100,Boulder,SB1,0,2024-10-16 to 2024-10-16,10/16/2024,NA
51271,209000132802,After,2B,Riffle 2,23,184,155,105,180,4768,Cobble,LC1,0,2024-10-16 to 2024-10-16,10/16/2024,NA
50326,209000133110,After,GA6,GravelAug,23,131,92,72,128,1429,Cobble,SC2,251.52,2023-04-25 to 2024-09-24,4/25/2023,9/24/2024
51115,209000133112,After,3,Riffle 3,23,70,45,32,45,113.5,Gravel,VCG1,0,2024-10-16 to 2024-10-16,10/16/2024,NA
51219,209000133113,After,2A,Riffle 2,23,100,59,51,90,629,Cobble,SC1,0,2024-10-16 to 2024-10-16,10/16/2024,NA
51125,209000133122,After,3,Riffle 3,23,90,52,44,64,332.5,Gravel,VCG2,0,2024-10-16 to 2024-10-16,10/16/2024,NA
51063,209000133124,After,0,Riffle 0,23,61,53,25,45,110.5,Gravel,VCG1,0,2024-10-16 to 2024-10-16,10/16/2024,NA
50308,209000133126,After,GA1,GravelAug,23,196,92,78,128,2591,Cobble,SC2,7.54,2023-04-25 to 2024-09-24,4/25/2023,9/24/2024
51045,209000133128,After,0,Riffle 0,23,65,41,25,45,73,Gravel,VCG1,0,2024-10-16 to 2024-10-16,10/16/2024,NA
50317,209000133130,After,GA4,GravelAug,23,80,60,36,64,289,Gravel,VCG2,4.63,2023-04-25 to 2023-09-27,4/25/2023,9/27/2023
50350,209000133132,After,GA7,GravelAug,23,135,95,73,128,1350,Cobble,SC2,0,2024-04-25 to 2024-04-25,4/25/2024,NA
51124,209000133133,After,3,Riffle 3,23,88,51,35,64,230.5,Gravel,VCG2,0,2024-10-16 to 2024-10-16,10/16/2024,NA
50310,209000133134,After,GA2,GravelAug,23,63,51,34,64,157,Gravel,VCG2,152.17,2023-04-25 to 2024-09-24,4/25/2023,9/24/2024
50319,209000133137,After,GA4,GravelAug,23,165,74,64,90,1338.5,Cobble,SC1,1048.28,2023-04-25 to 2024-09-24,4/25/2023,9/24/2024
51118,209000133139,After,3,Riffle 3,23,55,38,22,45,128,Gravel,VCG1,0,2024-10-16 to 2024-10-16,10/16/2024,NA
51140,209000133145,After,3,Riffle 3,23,84,71,35,64,359,Gravel,VCG2,0,2024-10-16 to 2024-10-16,10/16/2024,NA
50321,209000133147,After,GA5,GravelAug,23,65,61,41,64,265.5,Gravel,VCG2,209.32,2023-04-25 to 2024-09-24,4/25/2023,9/24/2024
51154,209000133150,After,3,Riffle 3,23,65,36,24,45,94,Gravel,VCG1,0,2024-10-16 to 2024-10-16,10/16/2024,NA
50329,209000133151,After,GA6,GravelAug,23,90,58,40,64,295.5,Gravel,VCG2,232.92,2023-04-25 to 2024-09-24,4/25/2023,9/24/2024
51129,209000133154,After,3,Riffle 3,23,86,55,34,64,294.5,Gravel,VCG2,0,2024-10-16 to 2024-10-16,10/16/2024,NA
50306,209000133155,After,GA1,GravelAug,23,118,85,39,90,868,Cobble,SC1,13.06,2023-04-25 to 2024-09-24,4/25/2023,9/24/2024
51080,209000133163,After,0,Riffle 0,23,61,56,41,64,218.5,Gravel,VCG2,0,2024-10-16 to 2024-10-16,10/16/2024,NA
51145,209000133166,After,3,Riffle 3,23,51,44,24,45,70.5,Gravel,VCG1,0,2024-10-16 to 2024-10-16,10/16/2024,NA
51170,209000133170,After,3,Riffle 3,23,122,76,38,64,542.5,Gravel,VCG2,0,2024-10-16 to 2024-10-16,10/16/2024,NA
51009,209000133171,After,0,Riffle 0,23,46,44,24,45,55,Gravel,VCG1,0,2024-10-16 to 2024-10-16,10/16/2024,NA
51103,209000133173,After,3,Riffle 3,23,81,60,51,64,370.5,Gravel,VCG2,0,2024-10-16 to 2024-10-16,10/16/2024,NA
50316,209000133175,After,GA3,GravelAug,23,159,105,68,128,2043,Cobble,SC2,10.67,2023-04-25 to 2023-09-27,4/25/2023,9/27/2023
51189,209000133177,After,3,Riffle 3,23,87,66,41,64,368,Gravel,VCG2,0,2024-10-16 to 2024-10-16,10/16/2024,NA
51176,209000133178,After,3,Riffle 3,23,76,60,33,64,245.5,Gravel,VCG2,0,2024-10-16 to 2024-10-16,10/16/2024,NA
50320,209000133179,After,GA4,GravelAug,23,84,58,47,64,371,Gravel,VCG2,613.66,2023-04-25 to 2024-09-24,4/25/2023,9/24/2024
50303,209000133181,After,GA1,GravelAug,23,115,81,58,90,893,Cobble,SC1,2.11,2023-04-25 to 2024-09-24,4/25/2023,9/24/2024
50325,209000133183,After,GA6,GravelAug,23,81,57,46,64,332,Gravel,VCG2,1695.53,2023-04-25 to 2024-09-24,4/25/2023,9/24/2024
50314,209000133185,After,GA3,GravelAug,23,99,63,40,64,407,Gravel,VCG2,15.7,2023-04-25 to 2023-09-27,4/25/2023,9/27/2023
51159,209000133186,After,3,Riffle 3,23,73,60,35,64,286,Gravel,VCG2,0,2024-10-16 to 2024-10-16,10/16/2024,NA
50324,209000133187,After,GA5,GravelAug,23,95,94,40,90,630.5,Cobble,SC1,104.87,2023-04-25 to 2024-09-24,4/25/2023,9/24/2024
51108,209000133189,After,3,Riffle 3,23,79,57,39,64,274.5,Gravel,VCG2,0,2024-10-16 to 2024-10-16,10/16/2024,NA
50160,209000133190,After,2B,Riffle 2,23,84,64,35,64,376.5,Gravel,VCG2,499.3,2023-04-24 to 2024-09-24,4/24/2023,9/24/2024
50328,209000133191,After,GA6,GravelAug,23,92,52,50,64,543,Gravel,VCG2,46.02,2023-04-25 to 2024-09-24,4/25/2023,9/24/2024
50312,209000133192,After,GA2,GravelAug,32,117,105,60,128,1101,Cobble,SC2,1194.48,2023-04-25 to 2024-09-24,4/25/2023,9/24/2024
51171,209000133193,After,3,Riffle 3,23,70,64,45,64,346.5,Gravel,VCG2,0,2024-10-16 to 2024-10-16,10/16/2024,NA
50309,209000133194,After,GA1,GravelAug,23,85,66,42,64,348,Gravel,VCG2,10.39,2023-04-25 to 2024-09-24,4/25/2023,9/24/2024
51113,209000133195,After,3,Riffle 3,23,73,46,44,64,207,Gravel,VCG2,0,2024-10-16 to 2024-10-16,10/16/2024,NA
51193,209000133196,After,3,Riffle 3,23,76,62,40,64,296,Gravel,VCG2,0,2024-10-16 to 2024-10-16,10/16/2024,NA
51111,209000133198,After,3,Riffle 3,23,75,56,45,64,317.5,Gravel,VCG2,0,2024-10-16 to 2024-10-16,10/16/2024,NA
51033,209000133200,After,0,Riffle 0,23,56,45,32,64,174,Gravel,VCG2,0,2024-10-16 to 2024-10-16,10/16/2024,NA
51199,209000133201,After,3,Riffle 3,23,94,65,45,64,461.5,Gravel,VCG2,0,2024-10-16 to 2024-10-16,10/16/2024,NA
51142,209000133202,After,3,Riffle 3,23,70,55,44,64,225,Gravel,VCG2,0,2024-10-16 to 2024-10-16,10/16/2024,NA
50300,209000133204,After,GA1,GravelAug,23,66,55,45,64,207.5,Gravel,VCG2,19.97,2023-04-25 to 2024-09-24,4/25/2023,9/24/2024
51021,209000133207,After,0,Riffle 0,23,120,69,56,90,768.5,Cobble,SC1,0,2024-10-16 to 2024-10-16,10/16/2024,NA
50302,209000133209,After,GA1,GravelAug,23,124,118,87,128,1659.5,Cobble,SC2,1.34,2023-04-25 to 2024-09-24,4/25/2023,9/24/2024
51190,209000133492,After,3,Riffle 3,23,68,54,45,64,212,Gravel,VCG2,0,2024-10-16 to 2024-10-16,10/16/2024,NA
50311,226001370200,After,GA2,GravelAug,12,17,15,10,16,3.822,Gravel,MG2,0,2023-04-25 to 2023-04-25,4/25/2023,NA
51229,226001370201,After,2A,Riffle 2,12,26,16,7,16,3.799,Gravel,MG2,0,2024-10-16 to 2024-10-16,10/16/2024,NA
51179,226001370202,After,3,Riffle 3,12,20,16,15,16,5.569,Gravel,MG2,0,2024-10-16 to 2024-10-16,10/16/2024,NA
50333,226001370203,After,Overflow 1C,Overflow,12,21,16,10,16,5.123,Gravel,MG2,0,2023-04-25 to 2023-04-25,4/25/2023,NA
50339,226001370204,After,Overflow 1A,Overflow,12,21,18,10,16,5.067,Gravel,MG2,1806.25,2023-04-25 to 2024-09-24,4/25/2023,9/24/2024
50330,226001370205,After,Overflow 1C,Overflow,12,35,25,18,32,45,Gravel,CG2,1.27,2023-04-25 to 2023-09-27,4/25/2023,9/27/2023
50225,226001370206,After,1,Riffle 1,12,35,27,20,32,49,Gravel,CG2,0,2023-04-24 to 2023-04-24,4/24/2023,NA
50360,226001370207,After,GA8,GravelAug,12,22,19,14,22.6,6.736,Gravel,CG1,0,2024-04-25 to 2024-04-25,4/25/2024,NA
51231,226001370208,After,2A,Riffle 2,12,20,18,15,22.6,5.638,Gravel,CG1,0,2024-10-16 to 2024-10-16,10/16/2024,NA
51084,226001370209,After,0,Riffle 0,12,52,34,27,32,50.5,Gravel,CG2,0,2024-10-16 to 2024-10-16,10/16/2024,NA
50131,226001370210,After,2A,Riffle 2,12,21,15,15,16,5.473,Gravel,MG2,0,2023-04-24 to 2023-04-24,4/24/2023,NA
51109,226001370211,After,3,Riffle 3,12,33,30,14,32,36,Gravel,CG2,0,2024-10-16 to 2024-10-16,10/16/2024,NA
50206,226001370212,After,1,Riffle 1,12,25,15,10,16,4.675,Gravel,MG2,0,2023-04-24 to 2023-04-24,4/24/2023,NA
50164,226001370213,After,2B,Riffle 2,12,27,19,12,16,5.329,Gravel,MG2,0,2023-04-24 to 2023-04-24,4/24/2023,NA
50363,226001370214,After,GA11,GravelAug,12,26,18,17,22.6,8.477,Gravel,CG1,0,2024-04-25 to 2024-04-25,4/25/2024,NA
50298,226001370215,After,1,Riffle 1,12,23,12,8,16,2.755,Gravel,MG2,0,2023-04-24 to 2023-04-24,4/24/2023,NA
50304,226001370216,After,GA1,GravelAug,12,24,15,14,16,4.961,Gravel,MG2,0.2,2023-04-25 to 2023-09-27,4/25/2023,9/27/2023
51191,226001370217,After,3,Riffle 3,12,39,31,14,32,44.5,Gravel,CG2,0,2024-10-16 to 2024-10-16,10/16/2024,NA
50124,226001370218,After,2A,Riffle 2,12,34,12,12,16,5.414,Gravel,MG2,0,2023-04-24 to 2023-04-24,4/24/2023,NA
50276,226001370219,After,1,Riffle 1,12,34,22,19,32,41.5,Gravel,CG2,0,2023-04-24 to 2023-04-24,4/24/2023,NA
51187,226001370220,After,3,Riffle 3,12,22,15,10,16,4.661,Gravel,MG2,0,2024-10-16 to 2024-10-16,10/16/2024,NA
50353,226001370221,After,GA7,GravelAug,12,23,17,15,16,7.044,Gravel,MG2,0,2024-04-25 to 2024-04-25,4/25/2024,NA
50331,226001370222,After,Overflow 1C,Overflow,12,26,18,11,16,7.0078,Gravel,MG2,0.16,2023-04-25 to 2023-09-27,4/25/2023,9/27/2023
50196,226001370224,After,2B,Riffle 2,12,25,15,10,16,5.3756,Gravel,MG2,0,2023-04-24 to 2023-04-24,4/24/2023,NA
51275,226001370225,After,2B,Riffle 2,12,22,15,13,16,5.19,Gravel,MG2,0,2024-10-16 to 2024-10-16,10/16/2024,NA
51165,226001370226,After,3,Riffle 3,12,41,22,14,32,31,Gravel,CG2,0,2024-10-16 to 2024-10-16,10/16/2024,NA
51098,226001370227,After,0,Riffle 0,12,50,27,21,32,33,Gravel,CG2,0,2024-10-16 to 2024-10-16,10/16/2024,NA
50285,226001370228,After,1,Riffle 1,12,21,15,14,16,5.62,Gravel,MG2,0,2023-04-24 to 2023-04-24,4/24/2023,NA
51158,226001370229,After,3,Riffle 3,12,26,16,9,16,4.223,Gravel,MG2,0,2024-10-16 to 2024-10-16,10/16/2024,NA
50332,226001370230,After,Overflow 1C,Overflow,12,47,29,16,32,59,Gravel,CG2,3.59,2023-04-25 to 2023-09-27,4/25/2023,9/27/2023
51082,226001370231,After,0,Riffle 0,12,35,34,20,32,32.5,Gravel,CG2,0,2024-10-16 to 2024-10-16,10/16/2024,NA
50227,226001370232,After,1,Riffle 1,12,40,34,17,32,52,Gravel,CG2,0.44,2023-04-24 to 2023-09-25,4/24/2023,9/25/2023
50358,226001370234,After,GA8,GravelAug,12,19,16,6,16,2.279,Gravel,MG2,0,2024-04-25 to 2024-04-25,4/25/2024,NA
50296,226001370235,After,1,Riffle 1,12,19,17,10,16,4.171,Gravel,MG2,0,2023-04-24 to 2023-04-24,4/24/2023,NA
50334,226001370236,After,Overflow 1C,Overflow,12,27,21,16,32,33,Gravel,CG2,42.62,2023-04-25 to 2023-09-27,4/25/2023,9/27/2023
50294,226001370237,After,1,Riffle 1,12,31,27,15,32,36.5,Gravel,CG2,0.08,2023-04-24 to 2023-09-25,4/24/2023,9/25/2023
51024,226001370238,After,0,Riffle 0,12,45,25,13,22.6,22.5,Gravel,CG1,0,2024-10-16 to 2024-10-16,10/16/2024,NA
51050,226001370239,After,0,Riffle 0,12,46,33,19,45,76,Gravel,VCG1,0,2024-10-16 to 2024-10-16,10/16/2024,NA
50190,226001370240,After,2B,Riffle 2,12,21,15,11,16,4.405,Gravel,MG2,0,2023-04-24 to 2023-04-24,4/24/2023,NA
51211,226001370241,After,2A,Riffle 2,12,22,16,12,16,5.082,Gravel,MG2,0,2024-10-16 to 2024-10-16,10/16/2024,NA
51181,226001370242,After,3,Riffle 3,12,24,21,12,16,4.828,Gravel,MG2,0,2024-10-16 to 2024-10-16,10/16/2024,NA
50239,226001370243,After,1,Riffle 1,12,20,18,11,16,4.967,Gravel,MG2,208.4,2023-04-24 to 2024-09-24,4/24/2023,9/24/2024
50257,226001370244,After,1,Riffle 1,12,17,15,9,16,3.148,Gravel,MG2,0.44,2023-04-24 to 2024-09-24,4/24/2023,9/24/2024
51018,226001370245,After,0,Riffle 0,12,43,38,22,32,39,Gravel,CG2,0,2024-10-16 to 2024-10-16,10/16/2024,NA
51156,226001370246,After,3,Riffle 3,12,21,17,11,16,5.37,Gravel,MG2,0,2024-10-16 to 2024-10-16,10/16/2024,NA
51276,226001370247,After,2B,Riffle 2,12,22,15,10,16,3.018,Gravel,MG2,0,2024-10-16 to 2024-10-16,10/16/2024,NA
51173,226001370248,After,3,Riffle 3,12,28,28,26,32,45,Gravel,CG2,0,2024-10-16 to 2024-10-16,10/16/2024,NA
50355,226001370249,After,GA9,GravelAug,12,58,35,22,32,60,Gravel,CG2,0,2024-04-25 to 2024-04-25,4/25/2024,NA
50188,226001370250,After,2B,Riffle 2,12,35,26,17,32,50,Gravel,CG2,0,2023-04-24 to 2023-04-24,4/24/2023,NA
51046,226001370251,After,0,Riffle 0,12,49,32,16,32,32.5,Gravel,CG2,0,2024-10-16 to 2024-10-16,10/16/2024,NA
51126,226001370252,After,3,Riffle 3,12,25,18,10,16,4.005,Gravel,MG2,0,2024-10-16 to 2024-10-16,10/16/2024,NA
50182,226001370253,After,2B,Riffle 2,12,32,23,14,32,33.5,Gravel,CG2,0,2023-04-24 to 2023-04-24,4/24/2023,NA
51116,226001370254,After,3,Riffle 3,12,22,14,12,16,5.005,Gravel,MG2,0,2024-10-16 to 2024-10-16,10/16/2024,NA
51061,226001370255,After,0,Riffle 0,12,29,19,14,16,8.435,Gravel,MG2,0,2024-10-16 to 2024-10-16,10/16/2024,NA
50209,226001370256,After,1,Riffle 1,12,20,17,7,16,2.964,Gravel,MG2,21.69,2023-04-24 to 2024-09-24,4/24/2023,9/24/2024
50122,226001370257,After,2A,Riffle 2,12,26,20,9,16,4.179,Gravel,MG2,149.94,2023-04-24 to 2024-09-24,4/24/2023,9/24/2024
51119,226001370258,After,3,Riffle 3,12,20,13,11,16,4.263,Gravel,MG2,0,2024-10-16 to 2024-10-16,10/16/2024,NA
50335,226001370259,After,Overflow 1A,Overflow,12,22,17,10,16,4.273,Gravel,MG2,1532.48,2023-04-25 to 2024-09-24,4/25/2023,9/24/2024
51134,226001370260,After,3,Riffle 3,12,30,26,12,32,33.5,Gravel,CG2,0,2024-10-16 to 2024-10-16,10/16/2024,NA
50184,226001370261,After,2B,Riffle 2,12,33,28,19,32,45.5,Gravel,CG2,0,2023-04-24 to 2023-04-24,4/24/2023,NA
50357,226001370262,After,GA9,GravelAug,12,30,20,20,22.6,18.5,Gravel,CG1,0,2024-04-25 to 2024-04-25,4/25/2024,NA
51110,226001370263,After,3,Riffle 3,12,17,17,11,16,3.727,Gravel,MG2,0,2024-10-16 to 2024-10-16,10/16/2024,NA
50230,226001370264,After,1,Riffle 1,12,30,23,12,32,28.5,Gravel,CG2,94.18,2023-04-24 to 2023-09-25,4/24/2023,9/25/2023
51122,226001370265,After,3,Riffle 3,12,21,18,11,16,4.056,Gravel,MG2,0,2024-10-16 to 2024-10-16,10/16/2024,NA
51172,226001370268,After,3,Riffle 3,12,18,16,12,16,4.506,Gravel,MG2,0,2024-10-16 to 2024-10-16,10/16/2024,NA
50370,226001370269,After,GA12,GravelAug,12,21,16,12,16,4.879,Gravel,MG2,0,2024-04-25 to 2024-04-25,4/25/2024,NA
51160,226001370270,After,3,Riffle 3,12,39,29,12,32,33,Gravel,CG2,0,2024-10-16 to 2024-10-16,10/16/2024,NA
50138,226001370271,After,2A,Riffle 2,12,24,14,13,16,4.896,Gravel,MG2,0,2023-04-24 to 2023-04-24,4/24/2023,NA
50115,226001370272,After,2A,Riffle 2,12,40,24,19,32,71.5,Gravel,CG2,0,2023-04-24 to 2023-04-24,4/24/2023,NA
51269,226001370273,After,2B,Riffle 2,12,18,15,9,16,2.443,Gravel,MG2,0,2024-10-16 to 2024-10-16,10/16/2024,NA
51059,226001370274,After,0,Riffle 0,12,39,29,19,32,31,Gravel,CG2,0,2024-10-16 to 2024-10-16,10/16/2024,NA
50323,226001370275,After,GA5,GravelAug,12,37,27,14,32,39,Gravel,CG2,0,2023-04-25 to 2023-04-25,4/25/2023,NA
51266,226001370276,After,2B,Riffle 2,12,25,20,10,16,5.391,Gravel,MG2,0,2024-10-16 to 2024-10-16,10/16/2024,NA
50235,226001370277,After,1,Riffle 1,12,23,15,13,16,6.062,Gravel,MG2,93.91,2023-04-24 to 2024-09-24,4/24/2023,9/24/2024
50198,226001370278,After,2B,Riffle 2,12,26,16,12,16,5.809,Gravel,MG2,0,2023-04-24 to 2023-04-24,4/24/2023,NA
51077,226001370279,After,0,Riffle 0,12,60,38,19,32,65.5,Gravel,CG2,0,2024-10-16 to 2024-10-16,10/16/2024,NA
50113,226001370280,After,2A,Riffle 2,12,41,24,20,32,52,Gravel,CG2,367.16,2023-04-24 to 2023-09-26,4/24/2023,9/26/2023
50204,226001370281,After,1,Riffle 1,12,21,16,11,16,4.302,Gravel,MG2,0,2023-04-24 to 2023-04-24,4/24/2023,NA
51174,226001370282,After,3,Riffle 3,12,39,28,18,32,53,Gravel,CG2,0,2024-10-16 to 2024-10-16,10/16/2024,NA
51175,226001370283,After,3,Riffle 3,12,30,29,17,32,41.5,Gravel,CG2,0,2024-10-16 to 2024-10-16,10/16/2024,NA
50158,226001370284,After,2B,Riffle 2,12,22,20,11,16,5.424,Gravel,MG2,0,2023-04-24 to 2023-04-24,4/24/2023,NA
50120,226001370285,After,2A,Riffle 2,12,31,16,14,16,9.238,Gravel,MG2,0,2023-04-24 to 2023-04-24,4/24/2023,NA
50161,226001370286,After,2B,Riffle 2,12,35,24,14,32,37.5,Gravel,CG2,0,2023-04-24 to 2023-04-24,4/24/2023,NA
51016,226001370287,After,0,Riffle 0,12,40,37,24,32,36,Gravel,CG2,0,2024-10-16 to 2024-10-16,10/16/2024,NA
51086,226001370288,After,0,Riffle 0,12,39,38,15,32,31.5,Gravel,CG2,0,2024-10-16 to 2024-10-16,10/16/2024,NA
50172,226001370289,After,2B,Riffle 2,12,20,20,12,16,5.267,Gravel,MG2,0,2023-04-24 to 2023-04-24,4/24/2023,NA
51022,226001370290,After,0,Riffle 0,12,48,31,23,32,53.5,Gravel,CG2,0,2024-10-16 to 2024-10-16,10/16/2024,NA
50336,226001370291,After,Overflow 1A,Overflow,12,36,29,10,32,32,Gravel,CG2,75.79,2023-04-25 to 2023-09-27,4/25/2023,9/27/2023
50215,226001370292,After,1,Riffle 1,12,20,18,11,16,4.728,Gravel,MG2,0,2023-04-24 to 2023-04-24,4/24/2023,NA
50318,226001370293,After,GA4,GravelAug,12,23,20,11,16,6.117,Gravel,MG2,0,2023-04-25 to 2023-04-25,4/25/2023,NA
50315,226001370294,After,GA3,GravelAug,12,50,29,15,32,58,Gravel,CG2,0,2023-04-25 to 2023-04-25,4/25/2023,NA
51011,226001370295,After,0,Riffle 0,12,50,35,21,32,44,Gravel,CG2,0,2024-10-16 to 2024-10-16,10/16/2024,NA
50365,226001370296,After,GA11,GravelAug,12,22,15,9,16,3.569,Gravel,MG2,0,2024-04-25 to 2024-04-25,4/25/2024,NA
51112,226001370297,After,3,Riffle 3,12,20,15,14,16,5.694,Gravel,MG2,0,2024-10-16 to 2024-10-16,10/16/2024,NA
50146,226001370298,After,2A,Riffle 2,12,18,17,10,16,4.49,Gravel,MG2,500.57,2023-04-24 to 2023-09-26,4/24/2023,9/26/2023
50186,226001370299,After,2B,Riffle 2,12,27,17,11,16,7.086,Gravel,MG2,0,2023-04-24 to 2023-04-24,4/24/2023,NA
51168,226001370300,After,3,Riffle 3,12,24,15,13,16,5.791,Gravel,MG2,0,2024-10-16 to 2024-10-16,10/16/2024,NA
51013,226001370301,After,0,Riffle 0,12,26,18,10,16,6,Gravel,MG2,0,2024-10-16 to 2024-10-16,10/16/2024,NA
51028,226001370302,After,0,Riffle 0,12,28,18,10,22.6,7.5,Gravel,CG1,0,2024-10-16 to 2024-10-16,10/16/2024,NA
51054,226001370305,After,0,Riffle 0,12,66,33,18,32,55.5,Gravel,CG2,0,2024-10-16 to 2024-10-16,10/16/2024,NA
51040,226001370307,After,0,Riffle 0,12,97,76,26,64,274.5,Gravel,VCG2,0,2024-10-16 to 2024-10-16,10/16/2024,NA
50219,226001370318,After,1,Riffle 1,12,28,16,8,16,6.618,Gravel,MG2,1089.91,2023-04-24 to 2024-09-24,4/24/2023,9/24/2024
51095,226001370320,After,0,Riffle 0,12,38,30,19,32,31,Gravel,CG2,0,2024-10-16 to 2024-10-16,10/16/2024,NA
50133,226001370321,After,2A,Riffle 2,12,25,12,7,16,3.958,Gravel,MG2,0,2023-04-24 to 2023-04-24,4/24/2023,NA
51078,226001370323,After,0,Riffle 0,12,31,19,13,16,9,Gravel,MG2,0,2024-10-16 to 2024-10-16,10/16/2024,NA
50372,226001370325,After,GA12,GravelAug,12,37,35,25,32,50,Gravel,CG2,0,2024-04-25 to 2024-04-25,4/25/2024,NA
51053,226001370328,After,0,Riffle 0,12,28,17,16,22.6,10,Gravel,CG1,0,2024-10-16 to 2024-10-16,10/16/2024,NA
50327,226001370330,After,GA6,GravelAug,12,22,15,14,16,8.205,Gravel,MG2,0,2023-04-25 to 2023-04-25,4/25/2023,NA
51036,226001370336,After,0,Riffle 0,12,26,15,13,16,7,Gravel,MG2,0,2024-10-16 to 2024-10-16,10/16/2024,NA
50270,226001370337,After,1,Riffle 1,12,24,17,8,16,5.73,Gravel,MG2,0,2023-04-24 to 2023-04-24,4/24/2023,NA
50177,226001370341,After,2B,Riffle 2,12,21,17,9,16,5.134,Gravel,MG2,0,2023-04-24 to 2023-04-24,4/24/2023,NA
50278,226001370342,After,1,Riffle 1,12,29,17,10,16,7.81,Gravel,MG2,0,2023-04-24 to 2023-04-24,4/24/2023,NA
51072,226001370347,After,0,Riffle 0,12,24,20,15,22.6,9,Gravel,CG1,0,2024-10-16 to 2024-10-16,10/16/2024,NA
51075,226001370354,After,0,Riffle 0,12,24,19,13,16,5,Gravel,MG2,0,2024-10-16 to 2024-10-16,10/16/2024,NA
50245,226001370356,After,1,Riffle 1,12,36,17,8,16,6.624,Gravel,MG2,0,2023-04-24 to 2023-04-24,4/24/2023,NA
51020,226001370357,After,0,Riffle 0,12,32,21,12,22.6,9.5,Gravel,CG1,0,2024-10-16 to 2024-10-16,10/16/2024,NA
51056,226001370358,After,0,Riffle 0,12,38,24,19,32,29,Gravel,CG2,0,2024-10-16 to 2024-10-16,10/16/2024,NA
51048,226001370362,After,0,Riffle 0,12,25,18,15,22.6,8,Gravel,CG1,0,2024-10-16 to 2024-10-16,10/16/2024,NA
51093,226001370369,After,0,Riffle 0,12,26,19,15,22.6,9,Gravel,CG1,0,2024-10-16 to 2024-10-16,10/16/2024,NA
51141,226001370370,After,3,Riffle 3,12,25,17,13,16,9.352,Gravel,MG2,0,2024-10-16 to 2024-10-16,10/16/2024,NA
51038,226001370371,After,0,Riffle 0,12,25,23,13,22.6,7,Gravel,CG1,0,2024-10-16 to 2024-10-16,10/16/2024,NA
50221,226001370376,After,1,Riffle 1,12,25,17,7,16,5.594,Gravel,MG2,766.91,2023-04-24 to 2024-09-24,4/24/2023,9/24/2024
51015,226001370381,After,0,Riffle 0,12,21,20,12,22.6,6.5,Gravel,CG1,0,2024-10-16 to 2024-10-16,10/16/2024,NA
51032,226001370384,After,0,Riffle 0,12,27,20,10,22.6,8,Gravel,CG1,0,2024-10-16 to 2024-10-16,10/16/2024,NA
51198,226001370385,After,3,Riffle 3,12,22,17,13,16,6.371,Gravel,MG2,0,2024-10-16 to 2024-10-16,10/16/2024,NA
51026,226001370393,After,0,Riffle 0,12,31,17,12,16,9.5,Gravel,MG2,0,2024-10-16 to 2024-10-16,10/16/2024,NA
50337,226001370397,After,Overflow 1A,Overflow,12,20,18,7,16,3.093,Gravel,MG2,0,2023-04-25 to 2023-04-25,4/25/2023,NA
51041,226001370399,After,0,Riffle 0,12,42,26,23,32,33.5,Gravel,CG2,0,2024-10-16 to 2024-10-16,10/16/2024,NA
50366,228000607500,After,GA10,GravelAug,23,102,64,55,64,373,Gravel,VCG2,1009.82,2024-04-25 to 2024-09-24,4/25/2024,9/24/2024
356,228000607500,Before,3,Riffle 3,23,102,64,55,64,373,Gravel,VCG2,0.57,2019-04-16 to 2022-04-28,4/16/2019,4/28/2022
51043,228000607501,After,0,Riffle 0,23,78,52,34,64,212,Gravel,VCG2,0,2024-10-16 to 2024-10-16,10/16/2024,NA
392,228000607501,Before,3,Riffle 3,23,78,52,34,64,212,Gravel,VCG2,1.07,2019-04-16 to 2022-04-28,4/16/2019,4/28/2022
51097,228000607502,After,0,Riffle 0,23,118,54,52,64,615,Gravel,VCG2,0,2024-10-16 to 2024-10-16,10/16/2024,NA
325,228000607502,Before,3,Riffle 3,23,118,54,52,64,615,Gravel,VCG2,1.77,2019-04-16 to 2022-04-28,4/16/2019,4/28/2022
50169,228000607504,After,2B,Riffle 2,23,77,65,40,64,362,Gravel,VCG2,1149.12,2023-04-24 to 2024-09-24,4/24/2023,9/24/2024
297,228000607504,Before,2,Riffle 2,23,77,65,40,64,362,Gravel,VCG2,0.84,2019-04-16 to 2022-04-28,4/16/2019,4/28/2022
50269,228000607505,After,1,Riffle 1,23,94,61,41,64,336,Gravel,VCG2,5.3,2023-04-24 to 2024-09-24,4/24/2023,9/24/2024
109,228000607505,Before,1,Riffle 1,23,94,61,41,64,336,Gravel,VCG2,2.11,2019-04-16 to 2022-04-27,4/16/2019,4/27/2022
50116,228000607506,After,2A,Riffle 2,23,87,72,35,64,423,Gravel,VCG2,1777.08,2023-04-24 to 2024-09-24,4/24/2023,9/24/2024
234,228000607506,Before,2,Riffle 2,23,87,72,35,64,423,Gravel,VCG2,0.31,2019-04-16 to 2022-04-28,4/16/2019,4/28/2022
50247,228000607507,After,1,Riffle 1,23,65,45,42,64,197,Gravel,VCG2,0.1,2023-04-24 to 2024-09-24,4/24/2023,9/24/2024
181,228000607507,Before,1,Riffle 1,23,65,45,42,64,197,Gravel,VCG2,1.12,2019-04-16 to 2022-04-27,4/16/2019,4/27/2022
50251,228000607509,After,1,Riffle 1,23,106,64,36,64,440,Gravel,VCG2,0.3,2023-04-24 to 2024-09-24,4/24/2023,9/24/2024
150,228000607509,Before,1,Riffle 1,23,106,64,36,64,440,Gravel,VCG2,0.96,2019-04-16 to 2022-04-27,4/16/2019,4/27/2022
51004,228000607510,After,0,Riffle 0,23,82,65,40,64,401,Gravel,VCG2,0,2024-10-16 to 2024-10-16,10/16/2024,NA
336,228000607510,Before,3,Riffle 3,23,82,65,40,64,401,Gravel,VCG2,1.66,2019-04-16 to 2022-04-28,4/16/2019,4/28/2022
50150,228000607511,After,2B,Riffle 2,23,120,75,50,64,466,Gravel,VCG2,0.54,2023-04-24 to 2024-09-24,4/24/2023,9/24/2024
273,228000607511,Before,2,Riffle 2,23,120,75,50,64,466,Gravel,VCG2,0.34,2019-04-16 to 2022-04-28,4/16/2019,4/28/2022
50208,228000607513,After,1,Riffle 1,23,91,60,38,64,273,Gravel,VCG2,7.82,2023-04-24 to 2024-09-24,4/24/2023,9/24/2024
113,228000607513,Before,1,Riffle 1,23,91,60,38,64,273,Gravel,VCG2,0.48,2019-04-16 to 2022-04-27,4/16/2019,4/27/2022
50170,228000607514,After,2B,Riffle 2,23,139,64,54,64,813,Gravel,VCG2,1561.96,2023-04-24 to 2024-09-24,4/24/2023,9/24/2024
288,228000607514,Before,2,Riffle 2,23,139,64,54,64,813,Gravel,VCG2,1.89,2019-04-16 to 2022-04-28,4/16/2019,4/28/2022
51070,228000607515,After,0,Riffle 0,23,61,57,54,64,362,Gravel,VCG2,0,2024-10-16 to 2024-10-16,10/16/2024,NA
317,228000607515,Before,3,Riffle 3,23,61,57,54,64,362,Gravel,VCG2,1.56,2019-04-16 to 2022-04-28,4/16/2019,4/28/2022
50280,228000607516,After,1,Riffle 1,23,81,63,55,64,514,Gravel,VCG2,0.38,2023-04-24 to 2024-09-24,4/24/2023,9/24/2024
145,228000607516,Before,1,Riffle 1,23,81,63,55,64,514,Gravel,VCG2,0.57,2019-04-16 to 2022-04-27,4/16/2019,4/27/2022
50258,228000607517,After,1,Riffle 1,23,68,56,43,64,241,Gravel,VCG2,1.26,2023-04-24 to 2024-09-24,4/24/2023,9/24/2024
179,228000607517,Before,1,Riffle 1,23,68,56,43,64,241,Gravel,VCG2,1.79,2019-04-16 to 2022-04-27,4/16/2019,4/27/2022
51228,228000607518,After,2A,Riffle 2,23,86,66,38,64,NA,Gravel,VCG2,0,2024-10-16 to 2024-10-16,10/16/2024,NA
399,228000607518,Before,3,Riffle 3,23,86,66,38,64,NA,Gravel,VCG2,0.5,2019-04-16 to 2022-04-28,4/16/2019,4/28/2022
50362,228000607519,After,GA11,GravelAug,23,81,64,41,64,437,Gravel,VCG2,22.83,2024-04-25 to 2024-09-24,4/25/2024,9/24/2024
369,228000607519,Before,3,Riffle 3,23,81,64,41,64,437,Gravel,VCG2,1.84,2019-04-16 to 2022-04-28,4/16/2019,4/28/2022
50273,228000607520,After,1,Riffle 1,23,90,64,52,64,543,Gravel,VCG2,77.72,2023-04-24 to 2024-09-24,4/24/2023,9/24/2024
123,228000607520,Before,1,Riffle 1,23,90,64,52,64,543,Gravel,VCG2,0.17,2019-04-16 to 2022-04-27,4/16/2019,4/27/2022
50361,228000607522,After,GA8,GravelAug,23,136,61,33,64,516,Gravel,VCG2,0,2024-04-25 to 2024-04-25,4/25/2024,NA
306,228000607522,Before,3,Riffle 3,23,136,61,33,64,516,Gravel,VCG2,1.56,2019-04-16 to 2022-04-28,4/16/2019,4/28/2022
51254,228000607523,After,2A,Riffle 2,23,112,60,45,64,579,Gravel,VCG2,0,2024-10-16 to 2024-10-16,10/16/2024,NA
344,228000607523,Before,3,Riffle 3,23,112,60,45,64,579,Gravel,VCG2,0.69,2019-04-16 to 2022-04-28,4/16/2019,4/28/2022
50266,228000607524,After,1,Riffle 1,23,86,68,54,64,562,Gravel,VCG2,34.8,2023-04-24 to 2024-09-24,4/24/2023,9/24/2024
142,228000607524,Before,1,Riffle 1,23,86,68,54,64,562,Gravel,VCG2,0.29,2019-04-16 to 2022-04-27,4/16/2019,4/27/2022
50369,228000607525,After,GA12,GravelAug,23,90,71,34,64,414,Gravel,VCG2,0,2024-04-25 to 2024-04-25,4/25/2024,NA
313,228000607525,Before,3,Riffle 3,23,90,71,34,64,414,Gravel,VCG2,1.07,2019-04-16 to 2022-04-28,4/16/2019,4/28/2022
50175,228000607526,After,2B,Riffle 2,23,117,74,43,64,561,Gravel,VCG2,1067.92,2023-04-24 to 2024-09-24,4/24/2023,9/24/2024
250,228000607526,Before,2,Riffle 2,23,117,74,43,64,561,Gravel,VCG2,0.42,2019-04-16 to 2022-04-28,4/16/2019,4/28/2022
50162,228000607527,After,2B,Riffle 2,23,70,74,55,64,425,Gravel,VCG2,544.64,2023-04-24 to 2024-09-24,4/24/2023,9/24/2024
299,228000607527,Before,2,Riffle 2,23,70,74,55,64,425,Gravel,VCG2,0.53,2019-04-16 to 2022-04-28,4/16/2019,4/28/2022
50101,228000607528,After,2A,Riffle 2,23,84,69,41,64,409,Gravel,VCG2,1050.24,2023-04-24 to 2024-09-24,4/24/2023,9/24/2024
230,228000607528,Before,2,Riffle 2,23,84,69,41,64,409,Gravel,VCG2,1.14,2019-04-16 to 2022-04-28,4/16/2019,4/28/2022
50218,228000607532,After,1,Riffle 1,23,90,55,42,64,446,Gravel,VCG2,0.4,2023-04-24 to 2024-09-24,4/24/2023,9/24/2024
117,228000607532,Before,1,Riffle 1,23,90,55,42,64,446,Gravel,VCG2,0.37,2019-04-16 to 2022-04-27,4/16/2019,4/27/2022
50286,228000607533,After,1,Riffle 1,23,89,65,52,64,400,Gravel,VCG2,152.87,2023-04-24 to 2024-09-24,4/24/2023,9/24/2024
120,228000607533,Before,1,Riffle 1,23,89,65,52,64,400,Gravel,VCG2,0.3,2019-04-16 to 2022-04-27,4/16/2019,4/27/2022
50255,228000607534,After,1,Riffle 1,23,70,63,55,64,654,Gravel,VCG2,0.2,2023-04-24 to 2024-09-24,4/24/2023,9/24/2024
108,228000607534,Before,1,Riffle 1,23,70,63,55,64,654,Gravel,VCG2,10.45,2019-04-16 to 2022-04-27,4/16/2019,4/27/2022
50267,228000607535,After,1,Riffle 1,23,74,54,36,64,254,Gravel,VCG2,88.1,2023-04-24 to 2024-09-24,4/24/2023,9/24/2024
189,228000607535,Before,1,Riffle 1,23,74,54,36,64,254,Gravel,VCG2,0.86,2019-04-16 to 2022-04-27,4/16/2019,4/27/2022
51029,228000607536,After,0,Riffle 0,23,70,68,51,64,373,Gravel,VCG2,0,2024-10-16 to 2024-10-16,10/16/2024,NA
350,228000607536,Before,3,Riffle 3,23,70,68,51,64,373,Gravel,VCG2,0.17,2019-04-16 to 2022-04-28,4/16/2019,4/28/2022
50283,228000607537,After,1,Riffle 1,23,95,61,35,64,458,Gravel,VCG2,17.43,2023-04-24 to 2024-09-24,4/24/2023,9/24/2024
130,228000607537,Before,1,Riffle 1,23,95,61,35,64,458,Gravel,VCG2,0.74,2019-04-16 to 2022-04-27,4/16/2019,4/27/2022
50134,228000607538,After,2A,Riffle 2,23,74,53,22,64,257,Gravel,VCG2,0,2023-04-24 to 2023-04-24,4/24/2023,NA
267,228000607538,Before,2,Riffle 2,23,74,53,22,64,257,Gravel,VCG2,0.43,2019-04-16 to 2022-04-28,4/16/2019,4/28/2022
50144,228000607539,After,2A,Riffle 2,23,110,63,31,64,372,Gravel,VCG2,875.78,2023-04-24 to 2024-09-24,4/24/2023,9/24/2024
284,228000607539,Before,2,Riffle 2,23,110,63,31,64,372,Gravel,VCG2,2.18,2019-04-16 to 2022-04-28,4/16/2019,4/28/2022
50174,228000607540,After,2B,Riffle 2,23,100,67,46,64,506,Gravel,VCG2,1104.83,2023-04-24 to 2024-09-24,4/24/2023,9/24/2024
292,228000607540,Before,2,Riffle 2,23,100,67,46,64,506,Gravel,VCG2,0.21,2019-04-16 to 2022-04-28,4/16/2019,4/28/2022
50254,228000607541,After,1,Riffle 1,23,91,64,40,64,398,Gravel,VCG2,6.77,2023-04-24 to 2024-09-24,4/24/2023,9/24/2024
139,228000607541,Before,1,Riffle 1,23,91,64,40,64,398,Gravel,VCG2,0.38,2019-04-16 to 2022-04-27,4/16/2019,4/27/2022
51221,228000607542,After,2A,Riffle 2,23,119,64,45,64,469,Gravel,VCG2,0,2024-10-16 to 2024-10-16,10/16/2024,NA
383,228000607542,Before,3,Riffle 3,23,119,64,45,64,469,Gravel,VCG2,0.37,2019-04-16 to 2022-04-28,4/16/2019,4/28/2022
298,228000607545,Before,2,Riffle 2,23,71,65,55,64,387,Gravel,VCG2,0.63,2019-04-16 to 2022-04-28,4/16/2019,4/28/2022
50217,228000607546,After,1,Riffle 1,23,97,71,35,64,338,Gravel,VCG2,65.13,2023-04-24 to 2024-09-24,4/24/2023,9/24/2024
126,228000607546,Before,1,Riffle 1,23,97,71,35,64,338,Gravel,VCG2,3.27,2019-04-16 to 2022-04-27,4/16/2019,4/27/2022
50149,228000607547,After,2A,Riffle 2,23,80,70,43,64,370,Gravel,VCG2,16.69,2023-04-24 to 2024-09-24,4/24/2023,9/24/2024
277,228000607547,Before,2,Riffle 2,23,80,70,43,64,370,Gravel,VCG2,0.81,2019-04-16 to 2022-04-28,4/16/2019,4/28/2022
50192,228000607548,After,2B,Riffle 2,23,67,55,52,64,344,Gravel,VCG2,0,2023-04-24 to 2023-04-24,4/24/2023,NA
260,228000607548,Before,2,Riffle 2,23,67,55,52,64,344,Gravel,VCG2,1.33,2019-04-16 to 2022-04-28,4/16/2019,4/28/2022
50252,228000607549,After,1,Riffle 1,23,72,50,38,64,185,Gravel,VCG2,159.17,2023-04-24 to 2024-09-24,4/24/2023,9/24/2024
160,228000607549,Before,1,Riffle 1,23,72,50,38,64,185,Gravel,VCG2,0.68,2019-04-16 to 2022-04-27,4/16/2019,4/27/2022
51019,228000607551,After,0,Riffle 0,23,92,72,43,64,477,Gravel,VCG2,0,2024-10-16 to 2024-10-16,10/16/2024,NA
341,228000607551,Before,3,Riffle 3,23,92,72,43,64,477,Gravel,VCG2,1.93,2019-04-16 to 2022-04-28,4/16/2019,4/28/2022
50234,228000607552,After,1,Riffle 1,23,75,64,54,64,543,Gravel,VCG2,51.66,2023-04-24 to 2024-09-24,4/24/2023,9/24/2024
185,228000607552,Before,1,Riffle 1,23,75,64,54,64,543,Gravel,VCG2,1.76,2019-04-16 to 2022-04-27,4/16/2019,4/27/2022
51272,228000607553,After,2B,Riffle 2,23,76,59,50,64,435,Gravel,VCG2,0,2024-10-16 to 2024-10-16,10/16/2024,NA
388,228000607553,Before,3,Riffle 3,23,76,59,50,64,435,Gravel,VCG2,0.54,2019-04-16 to 2022-04-28,4/16/2019,4/28/2022
50156,228000607554,After,2B,Riffle 2,23,81,64,30,64,213,Gravel,VCG2,777.96,2023-04-24 to 2024-09-24,4/24/2023,9/24/2024
240,228000607554,Before,2,Riffle 2,23,81,64,30,64,213,Gravel,VCG2,0.25,2019-04-16 to 2022-04-28,4/16/2019,4/28/2022
51270,228000607555,After,2B,Riffle 2,23,73,52,40,64,263,Gravel,VCG2,0,2024-10-16 to 2024-10-16,10/16/2024,NA
332,228000607555,Before,3,Riffle 3,23,73,52,40,64,263,Gravel,VCG2,0.25,2019-04-16 to 2022-04-28,4/16/2019,4/28/2022
51001,228000607556,After,0,Riffle 0,23,51,49,46,64,159,Gravel,VCG2,0,2024-10-16 to 2024-10-16,10/16/2024,NA
320,228000607556,Before,3,Riffle 3,23,51,49,46,64,159,Gravel,VCG2,1.41,2019-04-16 to 2022-04-28,4/16/2019,4/28/2022
50109,228000607558,After,2A,Riffle 2,23,88,73,38,64,444,Gravel,VCG2,130.3,2023-04-24 to 2024-09-24,4/24/2023,9/24/2024
296,228000607558,Before,2,Riffle 2,23,88,73,38,64,444,Gravel,VCG2,0.68,2019-04-16 to 2022-04-28,4/16/2019,4/28/2022
51042,228000607559,After,0,Riffle 0,23,63,54,45,64,235,Gravel,VCG2,0,2024-10-16 to 2024-10-16,10/16/2024,NA
360,228000607559,Before,3,Riffle 3,23,63,54,45,64,235,Gravel,VCG2,2.86,2019-04-16 to 2022-04-28,4/16/2019,4/28/2022
50259,228000607560,After,1,Riffle 1,23,82,64,37,64,407,Gravel,VCG2,0.73,2023-04-24 to 2024-09-24,4/24/2023,9/24/2024
177,228000607560,Before,1,Riffle 1,23,82,64,37,64,407,Gravel,VCG2,1.49,2019-04-16 to 2022-04-27,4/16/2019,4/27/2022
50148,228000607561,After,2A,Riffle 2,23,106,53,49,64,350,Gravel,VCG2,959.81,2023-04-24 to 2024-09-24,4/24/2023,9/24/2024
255,228000607561,Before,2,Riffle 2,23,106,53,49,64,350,Gravel,VCG2,3.63,2019-04-16 to 2022-04-28,4/16/2019,4/28/2022
51044,228000607562,After,0,Riffle 0,23,74,50,36,45,173,Gravel,VCG1,0,2024-10-16 to 2024-10-16,10/16/2024,NA
324,228000607562,Before,3,Riffle 3,23,74,50,36,45,173,Gravel,VCG1,1.58,2019-04-16 to 2022-04-28,4/16/2019,4/28/2022
50112,228000607564,After,2A,Riffle 2,23,108,64,45,64,477,Gravel,VCG2,0.41,2023-04-24 to 2024-09-24,4/24/2023,9/24/2024
245,228000607564,Before,2,Riffle 2,23,108,64,45,64,477,Gravel,VCG2,0.71,2019-04-16 to 2022-04-28,4/16/2019,4/28/2022
50272,228000607565,After,1,Riffle 1,23,94,58,56,64,433,Gravel,VCG2,2.16,2023-04-24 to 2024-09-24,4/24/2023,9/24/2024
167,228000607565,Before,1,Riffle 1,23,94,58,56,64,433,Gravel,VCG2,5.28,2019-04-16 to 2022-04-27,4/16/2019,4/27/2022
51052,228000607566,After,0,Riffle 0,23,79,41,35,45,159,Gravel,VCG1,0,2024-10-16 to 2024-10-16,10/16/2024,NA
365,228000607566,Before,3,Riffle 3,23,79,41,35,45,159,Gravel,VCG1,0.59,2019-04-16 to 2022-04-28,4/16/2019,4/28/2022
51153,228000607568,After,3,Riffle 3,23,91,69,40,64,384,Gravel,VCG2,0,2024-10-16 to 2024-10-16,10/16/2024,NA
300,228000607568,Before,3,Riffle 3,23,91,69,40,64,384,Gravel,VCG2,1.04,2019-04-16 to 2022-04-28,4/16/2019,4/28/2022
50147,228000607569,After,2A,Riffle 2,23,99,78,44,64,493,Gravel,VCG2,40.48,2023-04-24 to 2024-09-24,4/24/2023,9/24/2024
295,228000607569,Before,2,Riffle 2,23,99,78,44,64,493,Gravel,VCG2,0.26,2019-04-16 to 2022-04-28,4/16/2019,4/28/2022
50151,228000607570,After,2B,Riffle 2,23,75,63,48,64,338,Gravel,VCG2,0.9,2023-04-24 to 2024-09-24,4/24/2023,9/24/2024
201,228000607570,Before,2,Riffle 2,23,75,63,48,64,338,Gravel,VCG2,0.55,2019-04-16 to 2022-04-28,4/16/2019,4/28/2022
50253,228000607571,After,1,Riffle 1,23,127,71,31,64,415,Gravel,VCG2,30.63,2023-04-24 to 2024-09-24,4/24/2023,9/24/2024
199,228000607571,Before,1,Riffle 1,23,127,71,31,64,415,Gravel,VCG2,12.75,2019-04-16 to 2022-04-27,4/16/2019,4/27/2022
50179,228000607572,After,2B,Riffle 2,23,75,68,37,64,300,Gravel,VCG2,1107.71,2023-04-24 to 2024-09-24,4/24/2023,9/24/2024
225,228000607572,Before,2,Riffle 2,23,75,68,37,64,300,Gravel,VCG2,0.28,2019-04-16 to 2022-04-28,4/16/2019,4/28/2022
50263,228000607573,After,1,Riffle 1,23,102,61,48,64,550,Gravel,VCG2,112.09,2023-04-24 to 2024-09-24,4/24/2023,9/24/2024
103,228000607573,Before,1,Riffle 1,23,102,61,48,64,550,Gravel,VCG2,0.31,2019-04-16 to 2022-04-27,4/16/2019,4/27/2022
51223,228000607574,After,2A,Riffle 2,23,62,43,32,64,140,Gravel,VCG2,0,2024-10-16 to 2024-10-16,10/16/2024,NA
376,228000607574,Before,3,Riffle 3,23,62,43,32,64,140,Gravel,VCG2,0.28,2019-04-16 to 2022-04-28,4/16/2019,4/28/2022
51169,228000607575,After,3,Riffle 3,23,105,71,43,64,522,Gravel,VCG2,0,2024-10-16 to 2024-10-16,10/16/2024,NA
373,228000607575,Before,3,Riffle 3,23,105,71,43,64,522,Gravel,VCG2,0.24,2019-04-16 to 2022-04-28,4/16/2019,4/28/2022
50104,228000607576,After,2A,Riffle 2,23,104,64,43,64,599,Gravel,VCG2,1506.25,2023-04-24 to 2024-09-24,4/24/2023,9/24/2024
206,228000607576,Before,2,Riffle 2,23,104,64,43,64,599,Gravel,VCG2,2.19,2019-04-16 to 2022-04-28,4/16/2019,4/28/2022
50256,228000607577,After,1,Riffle 1,23,94,66,23,64,361,Gravel,VCG2,1.79,2023-04-24 to 2024-09-24,4/24/2023,9/24/2024
163,228000607577,Before,1,Riffle 1,23,94,66,23,64,361,Gravel,VCG2,3.87,2019-04-16 to 2022-04-27,4/16/2019,4/27/2022
51146,230000111500,After,3,Riffle 3,32,265,245,90,256,12100,Cobble,LC2,0,2024-10-16 to 2024-10-16,10/16/2024,NA
331,230000111500,Before,3,Riffle 3,32,265,245,90,256,12100,Cobble,LC2,2.33,2019-04-16 to 2022-04-28,4/16/2019,4/28/2022
51237,230000111501,After,2A,Riffle 2,32,148,110,100,128,2344,Cobble,SC2,0,2024-10-16 to 2024-10-16,10/16/2024,NA
304,230000111501,Before,3,Riffle 3,32,148,110,100,128,2344,Cobble,SC2,2.5,2019-04-16 to 2022-04-28,4/16/2019,4/28/2022
50364,230000111502,After,GA11,GravelAug,32,148,121,63,128,2125,Cobble,SC2,16.93,2024-04-25 to 2024-09-24,4/25/2024,9/24/2024
278,230000111502,Before,2,Riffle 2,32,148,121,63,128,2125,Cobble,SC2,1.86,2019-04-16 to 2022-04-28,4/16/2019,4/28/2022
51096,230000111503,After,0,Riffle 0,32,156,92,43,90,895,Cobble,SC1,0,2024-10-16 to 2024-10-16,10/16/2024,NA
197,230000111503,Before,1,Riffle 1,32,156,92,43,90,895,Cobble,SC1,2.61,2019-04-16 to 2022-04-27,4/16/2019,4/27/2022
50171,230000111504,After,2B,Riffle 2,32,166,128,81,128,2127,Cobble,SC2,476.59,2023-04-24 to 2024-09-24,4/24/2023,9/24/2024
279,230000111504,Before,2,Riffle 2,32,166,128,81,128,2127,Cobble,SC2,0.89,2019-04-16 to 2022-04-28,4/16/2019,4/28/2022
51180,230000111505,After,3,Riffle 3,32,117,77,71,90,941,Cobble,SC1,0,2024-10-16 to 2024-10-16,10/16/2024,NA
395,230000111505,Before,3,Riffle 3,32,117,77,71,90,941,Cobble,SC1,0.18,2019-04-16 to 2022-04-28,4/16/2019,4/28/2022
51234,230000111506,After,2A,Riffle 2,32,110,108,41,128,941,Cobble,SC2,0,2024-10-16 to 2024-10-16,10/16/2024,NA
192,230000111506,Before,1,Riffle 1,32,110,108,41,128,941,Cobble,SC2,0.67,2019-04-16 to 2022-04-27,4/16/2019,4/27/2022
50293,230000111507,After,1,Riffle 1,32,331,236,143,256,11400,Cobble,LC2,1.38,2023-04-24 to 2024-09-24,4/24/2023,9/24/2024
154,230000111507,Before,1,Riffle 1,32,331,236,143,256,11400,Cobble,LC2,1.39,2019-04-16 to 2022-04-27,4/16/2019,4/27/2022
50183,230000111508,After,2B,Riffle 2,32,256,214,190,256,16900,Cobble,LC2,192.84,2023-04-24 to 2024-09-24,4/24/2023,9/24/2024
217,230000111508,Before,2,Riffle 2,32,256,214,190,256,16900,Cobble,LC2,1.65,2019-04-16 to 2022-04-28,4/16/2019,4/28/2022
51290,230000111509,After,2B,Riffle 2,32,103,99,48,90,750,Cobble,SC1,0,2024-10-16 to 2024-10-16,10/16/2024,NA
322,230000111509,Before,3,Riffle 3,32,103,99,48,90,750,Cobble,SC1,1.44,2019-04-16 to 2022-04-28,4/16/2019,4/28/2022
50287,230000111510,After,1,Riffle 1,32,460,230,125,256,17100,Cobble,LC2,3.22,2023-04-24 to 2024-09-24,4/24/2023,9/24/2024
144,230000111510,Before,1,Riffle 1,32,460,230,125,256,17100,Cobble,LC2,1.13,2019-04-16 to 2022-04-27,4/16/2019,4/27/2022
51264,230000111511,After,2B,Riffle 2,32,106,93,80,90,1175,Cobble,SC1,0,2024-10-16 to 2024-10-16,10/16/2024,NA
396,230000111511,Before,3,Riffle 3,32,106,93,80,90,1175,Cobble,SC1,0.55,2019-04-16 to 2022-04-28,4/16/2019,4/28/2022
51143,230000111512,After,3,Riffle 3,32,135,102,78,128,1872,Cobble,SC2,0,2024-10-16 to 2024-10-16,10/16/2024,NA
252,230000111512,Before,2,Riffle 2,32,135,102,78,128,1872,Cobble,SC2,0.27,2019-04-16 to 2022-04-28,4/16/2019,4/28/2022
51182,230000111513,After,3,Riffle 3,32,148,93,75,90,1599,Cobble,SC1,0,2024-10-16 to 2024-10-16,10/16/2024,NA
386,230000111513,Before,3,Riffle 3,32,148,93,75,90,1599,Cobble,SC1,1.08,2019-04-16 to 2022-04-28,4/16/2019,4/28/2022
51131,230000111514,After,3,Riffle 3,32,107,96,62,90,894,Cobble,SC1,0,2024-10-16 to 2024-10-16,10/16/2024,NA
352,230000111514,Before,3,Riffle 3,32,107,96,62,90,894,Cobble,SC1,0.12,2019-04-16 to 2022-04-28,4/16/2019,4/28/2022
50128,230000111515,After,2A,Riffle 2,32,395,265,205,362,27100,Boulder,SB1,2.5,2023-04-24 to 2024-09-24,4/24/2023,9/24/2024
51014,230000111516,After,0,Riffle 0,32,126,96,79,128,1425,Cobble,SC2,0,2024-10-16 to 2024-10-16,10/16/2024,NA
188,230000111516,Before,1,Riffle 1,32,126,96,79,128,1425,Cobble,SC2,15.5,2019-04-16 to 2022-04-27,4/16/2019,4/27/2022
51073,230000111517,After,0,Riffle 0,32,142,136,46,128,1173,Cobble,SC2,0,2024-10-16 to 2024-10-16,10/16/2024,NA
140,230000111517,Before,1,Riffle 1,32,142,136,46,128,1173,Cobble,SC2,0.33,2019-04-16 to 2022-04-27,4/16/2019,4/27/2022
51277,230000111518,After,2B,Riffle 2,32,129,102,56,90,1168,Cobble,SC1,0,2024-10-16 to 2024-10-16,10/16/2024,NA
312,230000111518,Before,3,Riffle 3,32,129,102,56,90,1168,Cobble,SC1,0.67,2019-04-16 to 2022-04-28,4/16/2019,4/28/2022
51201,230000111519,After,2A,Riffle 2,32,151,141,52,128,1937,Cobble,SC2,0,2024-10-16 to 2024-10-16,10/16/2024,NA
389,230000111519,Before,3,Riffle 3,32,151,141,52,128,1937,Cobble,SC2,0.6,2019-04-16 to 2022-04-28,4/16/2019,4/28/2022
51186,230000111520,After,3,Riffle 3,32,134,95,42,90,1088,Cobble,SC1,0,2024-10-16 to 2024-10-16,10/16/2024,NA
355,230000111520,Before,3,Riffle 3,32,134,95,42,90,1088,Cobble,SC1,0.44,2019-04-16 to 2022-04-28,4/16/2019,4/28/2022
51010,230000111521,After,0,Riffle 0,32,203,83,83,90,2179,Cobble,SC1,0,2024-10-16 to 2024-10-16,10/16/2024,NA
187,230000111521,Before,1,Riffle 1,32,203,83,83,90,2179,Cobble,SC1,1.19,2019-04-16 to 2022-04-27,4/16/2019,4/27/2022
50168,230000111522,After,2B,Riffle 2,32,295,250,174,256,16100,Cobble,LC2,91.64,2023-04-24 to 2024-09-24,4/24/2023,9/24/2024
238,230000111522,Before,2,Riffle 2,32,295,250,174,256,16100,Cobble,LC2,0.94,2019-04-16 to 2022-04-28,4/16/2019,4/28/2022
50275,230000111523,After,1,Riffle 1,32,150,109,78,128,1992,Cobble,SC2,2.06,2023-04-24 to 2024-09-24,4/24/2023,9/24/2024
127,230000111523,Before,1,Riffle 1,32,150,109,78,128,1992,Cobble,SC2,0.79,2019-04-16 to 2022-04-27,4/16/2019,4/27/2022
51151,230000111524,After,3,Riffle 3,32,154,89,64,90,1292,Cobble,SC1,0,2024-10-16 to 2024-10-16,10/16/2024,NA
307,230000111524,Before,3,Riffle 3,32,154,89,64,90,1292,Cobble,SC1,1.54,2019-04-16 to 2022-04-28,4/16/2019,4/28/2022
51017,230000111525,After,0,Riffle 0,32,104,86,46,90,837,Cobble,SC1,0,2024-10-16 to 2024-10-16,10/16/2024,NA
169,230000111525,Before,1,Riffle 1,32,104,86,46,90,837,Cobble,SC1,2.72,2019-04-16 to 2022-04-27,4/16/2019,4/27/2022
51235,230000111526,After,2A,Riffle 2,32,119,101,43,90,1036,Cobble,SC1,0,2024-10-16 to 2024-10-16,10/16/2024,NA
242,230000111526,Before,2,Riffle 2,32,119,101,43,90,1036,Cobble,SC1,0.86,2019-04-16 to 2022-04-28,4/16/2019,4/28/2022
50279,230000111527,After,1,Riffle 1,32,139,76,75,90,1153,Cobble,SC1,194.12,2023-04-24 to 2024-09-24,4/24/2023,9/24/2024
158,230000111527,Before,1,Riffle 1,32,139,76,75,90,1153,Cobble,SC1,0.55,2019-04-16 to 2022-04-27,4/16/2019,4/27/2022
51280,230000111528,After,2B,Riffle 2,32,116,93,67,90,1027,Cobble,SC1,0,2024-10-16 to 2024-10-16,10/16/2024,NA
314,230000111528,Before,3,Riffle 3,32,116,93,67,90,1027,Cobble,SC1,0.32,2019-04-16 to 2022-04-28,4/16/2019,4/28/2022
51101,230000111529,After,3,Riffle 3,32,248,168,104,180,5200,Cobble,LC1,0,2024-10-16 to 2024-10-16,10/16/2024,NA
390,230000111529,Before,3,Riffle 3,32,248,168,104,180,5200,Cobble,LC1,0.65,2019-04-16 to 2022-04-28,4/16/2019,4/28/2022
51002,230000111531,After,0,Riffle 0,32,123,113,67,128,1519,Cobble,SC2,0,2024-10-16 to 2024-10-16,10/16/2024,NA
384,230000111531,Before,3,Riffle 3,32,123,113,67,128,1519,Cobble,SC2,1.33,2019-04-16 to 2022-04-28,4/16/2019,4/28/2022
51051,230000111532,After,0,Riffle 0,32,134,126,67,128,1534,Cobble,SC2,0,2024-10-16 to 2024-10-16,10/16/2024,NA
379,230000111532,Before,3,Riffle 3,32,134,126,67,128,1534,Cobble,SC2,1.9,2019-04-16 to 2022-04-28,4/16/2019,4/28/2022
51188,230000111533,After,3,Riffle 3,32,98,93,48,90,686,Cobble,SC1,0,2024-10-16 to 2024-10-16,10/16/2024,NA
370,230000111533,Before,3,Riffle 3,32,98,93,48,90,686,Cobble,SC1,0.88,2019-04-16 to 2022-04-28,4/16/2019,4/28/2022
50271,230000111534,After,1,Riffle 1,32,157,135,130,180,3638,Cobble,LC1,2.48,2023-04-24 to 2024-09-24,4/24/2023,9/24/2024
122,230000111534,Before,1,Riffle 1,32,157,135,130,180,3638,Cobble,LC1,0.41,2019-04-16 to 2022-04-27,4/16/2019,4/27/2022
51099,230000111535,After,0,Riffle 0,32,168,101,97,128,1715,Cobble,SC2,0,2024-10-16 to 2024-10-16,10/16/2024,NA
183,230000111535,Before,1,Riffle 1,32,168,101,97,128,1715,Cobble,SC2,1.62,2019-04-16 to 2022-04-27,4/16/2019,4/27/2022
51204,230000111537,After,2A,Riffle 2,32,158,99,67,128,1856,Cobble,SC2,0,2024-10-16 to 2024-10-16,10/16/2024,NA
308,230000111537,Before,3,Riffle 3,32,158,99,67,128,1856,Cobble,SC2,0.56,2019-04-16 to 2022-04-28,4/16/2019,4/28/2022
51136,230000111538,After,3,Riffle 3,32,186,126,93,128,2956,Cobble,SC2,0,2024-10-16 to 2024-10-16,10/16/2024,NA
282,230000111538,Before,2,Riffle 2,32,186,126,93,128,2956,Cobble,SC2,3.68,2019-04-16 to 2022-04-28,4/16/2019,4/28/2022
51279,230000111539,After,2B,Riffle 2,32,153,112,75,128,1871,Cobble,SC2,0,2024-10-16 to 2024-10-16,10/16/2024,NA
302,230000111539,Before,3,Riffle 3,32,153,112,75,128,1871,Cobble,SC2,1.78,2019-04-16 to 2022-04-28,4/16/2019,4/28/2022
50237,230000111540,After,1,Riffle 1,32,119,82,59,90,734,Cobble,SC1,1.38,2023-04-24 to 2024-09-24,4/24/2023,9/24/2024
191,230000111540,Before,1,Riffle 1,32,119,82,59,90,734,Cobble,SC1,7.07,2019-04-16 to 2022-04-27,4/16/2019,4/27/2022
50274,230000111541,After,1,Riffle 1,32,356,290,138,>256,14100,Boulder,SB1,5.93,2023-04-24 to 2024-09-24,4/24/2023,9/24/2024
107,230000111541,Before,1,Riffle 1,32,356,290,138,>256,14100,Boulder,SB1,0.28,2019-04-16 to 2022-04-27,4/16/2019,4/27/2022
51107,230000111542,After,3,Riffle 3,32,102,71,69,90,796,Cobble,SC1,0,2024-10-16 to 2024-10-16,10/16/2024,NA
375,230000111542,Before,3,Riffle 3,32,102,71,69,90,796,Cobble,SC1,0.31,2019-04-16 to 2022-04-28,4/16/2019,4/28/2022
51164,230000111543,After,3,Riffle 3,32,109,88,33,90,649,Cobble,SC1,0,2024-10-16 to 2024-10-16,10/16/2024,NA
347,230000111543,Before,3,Riffle 3,32,109,88,33,90,649,Cobble,SC1,2.1,2019-04-16 to 2022-04-28,4/16/2019,4/28/2022
51037,230000111544,After,0,Riffle 0,32,86,73,51,90,518,Cobble,SC1,0,2024-10-16 to 2024-10-16,10/16/2024,NA
137,230000111544,Before,1,Riffle 1,32,86,73,51,90,518,Cobble,SC1,0.78,2019-04-16 to 2022-04-27,4/16/2019,4/27/2022
50236,230000111545,After,1,Riffle 1,32,121,71,58,90,829,Cobble,SC1,13.71,2023-04-24 to 2024-09-24,4/24/2023,9/24/2024
190,230000111545,Before,1,Riffle 1,32,121,71,58,90,829,Cobble,SC1,2.69,2019-04-16 to 2022-04-27,4/16/2019,4/27/2022
51232,230000111546,After,2A,Riffle 2,32,135,108,38,128,1187,Cobble,SC2,0,2024-10-16 to 2024-10-16,10/16/2024,NA
342,230000111546,Before,3,Riffle 3,32,135,108,38,128,1187,Cobble,SC2,0.86,2019-04-16 to 2022-04-28,4/16/2019,4/28/2022
50132,230000111547,After,2A,Riffle 2,32,168,111,53,90,1488,Cobble,SC1,34.74,2023-04-24 to 2024-09-24,4/24/2023,9/24/2024
212,230000111547,Before,2,Riffle 2,32,168,111,53,90,1488,Cobble,SC1,0.72,2019-04-16 to 2022-04-28,4/16/2019,4/28/2022
50290,230000111548,After,1,Riffle 1,32,90,76,52,90,530,Cobble,SC1,0.83,2023-04-24 to 2024-09-24,4/24/2023,9/24/2024
198,230000111548,Before,1,Riffle 1,32,90,76,52,90,530,Cobble,SC1,0.14,2019-04-16 to 2022-04-27,4/16/2019,4/27/2022
51055,230000111549,After,0,Riffle 0,32,82,76,75,90,643,Cobble,SC1,0,2024-10-16 to 2024-10-16,10/16/2024,NA
195,230000111549,Before,1,Riffle 1,32,82,76,75,90,643,Cobble,SC1,0.42,2019-04-16 to 2022-04-27,4/16/2019,4/27/2022
51287,230000111550,After,2B,Riffle 2,32,107,91,42,90,571,Cobble,SC1,0,2024-10-16 to 2024-10-16,10/16/2024,NA
138,230000111550,Before,1,Riffle 1,32,107,91,42,90,571,Cobble,SC1,0.24,2019-04-16 to 2022-04-27,4/16/2019,4/27/2022
50226,230000111551,After,1,Riffle 1,32,189,103,71,128,1963,Cobble,SC2,0.11,2023-04-24 to 2023-09-25,4/24/2023,9/25/2023
168,230000111551,Before,1,Riffle 1,32,189,103,71,128,1963,Cobble,SC2,1.33,2019-04-16 to 2022-04-27,4/16/2019,4/27/2022
51090,230000111552,After,0,Riffle 0,32,120,126,78,128,2224,Cobble,SC2,0,2024-10-16 to 2024-10-16,10/16/2024,NA
309,230000111552,Before,3,Riffle 3,32,120,126,78,128,2224,Cobble,SC2,1.83,2019-04-16 to 2022-04-28,4/16/2019,4/28/2022
50371,230000111553,After,GA12,GravelAug,32,144,123,55,128,1551,Cobble,SC2,179.65,2024-04-25 to 2024-09-24,4/25/2024,9/24/2024
256,230000111553,Before,2,Riffle 2,32,144,123,55,128,1551,Cobble,SC2,0.36,2019-04-16 to 2022-04-28,4/16/2019,4/28/2022
51152,230000111554,After,3,Riffle 3,32,375,265,193,>256,22700,Boulder,SB1,0,2024-10-16 to 2024-10-16,10/16/2024,NA
381,230000111554,Before,3,Riffle 3,32,375,265,193,>256,22700,Boulder,SB1,2.96,2019-04-16 to 2022-04-28,4/16/2019,4/28/2022
50246,230000111555,After,1,Riffle 1,32,109,71,69,90,826,Cobble,SC1,0.26,2023-04-24 to 2024-09-24,4/24/2023,9/24/2024
171,230000111555,Before,1,Riffle 1,32,109,71,69,90,826,Cobble,SC1,11.02,2019-04-16 to 2022-04-27,4/16/2019,4/27/2022
51081,230000111556,After,0,Riffle 0,32,116,113,59,128,1187,Cobble,SC2,0,2024-10-16 to 2024-10-16,10/16/2024,NA
161,230000111556,Before,1,Riffle 1,32,116,113,59,128,1187,Cobble,SC2,0.26,2019-04-16 to 2022-04-27,4/16/2019,4/27/2022
51192,230000111557,After,3,Riffle 3,32,330,277,129,>256,17300,Boulder,SB1,0,2024-10-16 to 2024-10-16,10/16/2024,NA
358,230000111557,Before,3,Riffle 3,32,330,277,129,>256,17300,Boulder,SB1,1.58,2019-04-16 to 2022-04-28,4/16/2019,4/28/2022
51284,230000111558,After,2B,Riffle 2,32,145,118,52,128,1424,Cobble,SC2,0,2024-10-16 to 2024-10-16,10/16/2024,NA
100,230000111558,Before,1,Riffle 1,32,145,118,52,128,1424,Cobble,SC2,0.39,2019-04-16 to 2022-04-27,4/16/2019,4/27/2022
51283,230000111559,After,2B,Riffle 2,32,104,81,74,90,892,Cobble,SC1,0,2024-10-16 to 2024-10-16,10/16/2024,NA
335,230000111559,Before,3,Riffle 3,32,104,81,74,90,892,Cobble,SC1,0.6,2019-04-16 to 2022-04-28,4/16/2019,4/28/2022
50260,230000111560,After,1,Riffle 1,32,91,75,50,64,337,Gravel,VCG2,7.54,2023-04-24 to 2024-09-24,4/24/2023,9/24/2024
156,230000111560,Before,1,Riffle 1,32,91,75,50,64,337,Gravel,VCG2,1.15,2019-04-16 to 2022-04-27,4/16/2019,4/27/2022
51197,230000111561,After,3,Riffle 3,32,125,98,59,90,1054,Cobble,SC1,0,2024-10-16 to 2024-10-16,10/16/2024,NA
364,230000111561,Before,3,Riffle 3,32,125,98,59,90,1054,Cobble,SC1,0.39,2019-04-16 to 2022-04-28,4/16/2019,4/28/2022
50212,230000111562,After,1,Riffle 1,32,197,169,68,180,3575,Cobble,LC1,0.19,2023-04-24 to 2024-09-24,4/24/2023,9/24/2024
184,230000111562,Before,1,Riffle 1,32,197,169,68,180,3575,Cobble,LC1,1.13,2019-04-16 to 2022-04-27,4/16/2019,4/27/2022
51289,230000111563,After,2B,Riffle 2,32,114,62,54,90,634,Cobble,SC1,0,2024-10-16 to 2024-10-16,10/16/2024,NA
374,230000111563,Before,3,Riffle 3,32,114,62,54,90,634,Cobble,SC1,0.8,2019-04-16 to 2022-04-28,4/16/2019,4/28/2022
51217,230000111564,After,2A,Riffle 2,32,109,85,42,90,747,Cobble,SC1,0,2024-10-16 to 2024-10-16,10/16/2024,NA
262,230000111564,Before,2,Riffle 2,32,109,85,42,90,747,Cobble,SC1,0.55,2019-04-16 to 2022-04-28,4/16/2019,4/28/2022
51161,230000111565,After,3,Riffle 3,32,311,241,149,256,13100,Cobble,LC2,0,2024-10-16 to 2024-10-16,10/16/2024,NA
391,230000111565,Before,3,Riffle 3,32,311,241,149,256,13100,Cobble,LC2,0.38,2019-04-16 to 2022-04-28,4/16/2019,4/28/2022
50262,230000111566,After,1,Riffle 1,32,134,115,43,128,1003,Cobble,SC2,1.51,2023-04-24 to 2024-09-24,4/24/2023,9/24/2024
153,230000111566,Before,1,Riffle 1,32,134,115,43,128,1003,Cobble,SC2,0.79,2019-04-16 to 2022-04-27,4/16/2019,4/27/2022
50297,230000111567,After,1,Riffle 1,32,128,104,33,90,645,Cobble,SC1,0.16,2023-04-24 to 2024-09-24,4/24/2023,9/24/2024
176,230000111567,Before,1,Riffle 1,32,128,104,33,90,645,Cobble,SC1,0.93,2019-04-16 to 2022-04-27,4/16/2019,4/27/2022
50157,230000111568,After,2B,Riffle 2,32,133,87,49,90,784,Cobble,SC1,442.96,2023-04-24 to 2024-09-24,4/24/2023,9/24/2024
291,230000111568,Before,2,Riffle 2,32,133,87,49,90,784,Cobble,SC1,1.83,2019-04-16 to 2022-04-28,4/16/2019,4/28/2022
51255,230000111569,After,2B,Riffle 2,32,94,71,67,90,638,Cobble,SC1,0,2024-10-16 to 2024-10-16,10/16/2024,NA
398,230000111569,Before,3,Riffle 3,32,94,71,67,90,638,Cobble,SC1,1.05,2019-04-16 to 2022-04-28,4/16/2019,4/28/2022
50291,230000111570,After,1,Riffle 1,32,218,94,50,128,2142,Cobble,SC2,12.92,2023-04-24 to 2024-09-24,4/24/2023,9/24/2024
162,230000111570,Before,1,Riffle 1,32,218,94,50,128,2142,Cobble,SC2,0.8,2019-04-16 to 2022-04-27,4/16/2019,4/27/2022
51282,230000111571,After,2B,Riffle 2,32,126,87,39,90,849,Cobble,SC1,0,2024-10-16 to 2024-10-16,10/16/2024,NA
315,230000111571,Before,3,Riffle 3,32,126,87,39,90,849,Cobble,SC1,2.4,2019-04-16 to 2022-04-28,4/16/2019,4/28/2022
50165,230000111572,After,2B,Riffle 2,32,162,104,67,128,1710,Cobble,SC2,409.98,2023-04-24 to 2024-09-24,4/24/2023,9/24/2024
280,230000111572,Before,2,Riffle 2,32,162,104,67,128,1710,Cobble,SC2,2.71,2019-04-16 to 2022-04-28,4/16/2019,4/28/2022
51206,230000111573,After,2A,Riffle 2,32,137,93,55,90,1165,Cobble,SC1,0,2024-10-16 to 2024-10-16,10/16/2024,NA
353,230000111573,Before,3,Riffle 3,32,137,93,55,90,1165,Cobble,SC1,0.42,2019-04-16 to 2022-04-28,4/16/2019,4/28/2022
51100,230000111574,After,3,Riffle 3,32,122,118,43,128,1033,Cobble,SC2,0,2024-10-16 to 2024-10-16,10/16/2024,NA
269,230000111574,Before,2,Riffle 2,32,122,118,43,128,1033,Cobble,SC2,0.29,2019-04-16 to 2022-04-28,4/16/2019,4/28/2022
50228,230000111575,After,1,Riffle 1,32,135,96,53,90,1034,Cobble,SC1,7.78,2023-04-24 to 2024-09-24,4/24/2023,9/24/2024
159,230000111575,Before,1,Riffle 1,32,135,96,53,90,1034,Cobble,SC1,0.61,2019-04-16 to 2022-04-27,4/16/2019,4/27/2022
51068,230000111577,After,0,Riffle 0,32,102,78,45,90,546,Cobble,SC1,0,2024-10-16 to 2024-10-16,10/16/2024,NA
174,230000111577,Before,1,Riffle 1,32,102,78,45,90,546,Cobble,SC1,3.96,2019-04-16 to 2022-04-27,4/16/2019,4/27/2022
50207,230000111578,After,1,Riffle 1,32,374,275,144,>256,19700,Boulder,SB1,3.78,2023-04-24 to 2024-09-24,4/24/2023,9/24/2024
170,230000111578,Before,1,Riffle 1,32,374,275,144,>256,19700,Boulder,SB1,2.05,2019-04-16 to 2022-04-27,4/16/2019,4/27/2022
51184,230000111579,After,3,Riffle 3,32,121,89,53,90,906,Cobble,SC1,0,2024-10-16 to 2024-10-16,10/16/2024,NA
319,230000111579,Before,3,Riffle 3,32,121,89,53,90,906,Cobble,SC1,3.03,2019-04-16 to 2022-04-28,4/16/2019,4/28/2022
51148,230000111580,After,3,Riffle 3,32,115,103,61,90,1055,Cobble,SC1,0,2024-10-16 to 2024-10-16,10/16/2024,NA
359,230000111580,Before,3,Riffle 3,32,115,103,61,90,1055,Cobble,SC1,0.24,2019-04-16 to 2022-04-28,4/16/2019,4/28/2022
50222,230000111581,After,1,Riffle 1,32,113,101,43,90,755,Cobble,SC1,10.79,2023-04-24 to 2024-09-24,4/24/2023,9/24/2024
180,230000111581,Before,1,Riffle 1,32,113,101,43,90,755,Cobble,SC1,0.43,2019-04-16 to 2022-04-27,4/16/2019,4/27/2022
51259,230000111582,After,2B,Riffle 2,32,115,113,51,90,1007,Cobble,SC1,0,2024-10-16 to 2024-10-16,10/16/2024,NA
334,230000111582,Before,3,Riffle 3,32,115,113,51,90,1007,Cobble,SC1,0.73,2019-04-16 to 2022-04-28,4/16/2019,4/28/2022
50130,230000111583,After,2A,Riffle 2,32,85,61,55,90,493,Cobble,SC1,1478.4,2023-04-24 to 2024-09-24,4/24/2023,9/24/2024
218,230000111583,Before,2,Riffle 2,32,85,61,55,90,493,Cobble,SC1,1.46,2019-04-16 to 2022-04-28,4/16/2019,4/28/2022
50154,230000111584,After,2B,Riffle 2,32,145,141,67,128,2105,Cobble,SC2,717.86,2023-04-24 to 2024-09-24,4/24/2023,9/24/2024
251,230000111584,Before,2,Riffle 2,32,145,141,67,128,2105,Cobble,SC2,0.54,2019-04-16 to 2022-04-28,4/16/2019,4/28/2022
51203,230000111585,After,2A,Riffle 2,32,115,105,33,90,770,Cobble,SC1,0,2024-10-16 to 2024-10-16,10/16/2024,NA
270,230000111585,Before,2,Riffle 2,32,115,105,33,90,770,Cobble,SC1,0.32,2019-04-16 to 2022-04-28,4/16/2019,4/28/2022
50129,230000111586,After,2A,Riffle 2,32,135,97,68,128,1766,Cobble,SC2,13.56,2023-04-24 to 2024-09-24,4/24/2023,9/24/2024
254,230000111586,Before,2,Riffle 2,32,135,97,68,128,1766,Cobble,SC2,1.71,2019-04-16 to 2022-04-28,4/16/2019,4/28/2022
50143,230000111587,After,2A,Riffle 2,32,320,235,105,256,11600,Cobble,LC2,2.37,2023-04-24 to 2024-09-24,4/24/2023,9/24/2024
264,230000111587,Before,2,Riffle 2,32,320,235,105,256,11600,Cobble,LC2,1.13,2019-04-16 to 2022-04-28,4/16/2019,4/28/2022
51216,230000111589,After,2A,Riffle 2,32,125,113,95,128,2284,Cobble,SC2,0,2024-10-16 to 2024-10-16,10/16/2024,NA
387,230000111589,Before,3,Riffle 3,32,125,113,95,128,2284,Cobble,SC2,2.29,2019-04-16 to 2022-04-28,4/16/2019,4/28/2022
51202,230000111591,After,2A,Riffle 2,32,150,122,61,128,1204,Cobble,SC2,0,2024-10-16 to 2024-10-16,10/16/2024,NA
311,230000111591,Before,3,Riffle 3,32,150,122,61,128,1204,Cobble,SC2,0.88,2019-04-16 to 2022-04-28,4/16/2019,4/28/2022
50242,230000111592,After,1,Riffle 1,32,213,113,49,128,2412,Cobble,SC2,32.28,2023-04-24 to 2024-09-24,4/24/2023,9/24/2024
166,230000111592,Before,1,Riffle 1,32,213,113,49,128,2412,Cobble,SC2,1.89,2019-04-16 to 2022-04-27,4/16/2019,4/27/2022
51226,230000111593,After,2A,Riffle 2,32,165,66,54,90,1192,Cobble,SC1,0,2024-10-16 to 2024-10-16,10/16/2024,NA
290,230000111593,Before,2,Riffle 2,32,165,66,54,90,1192,Cobble,SC1,0.98,2019-04-16 to 2022-04-28,4/16/2019,4/28/2022
50295,230000111594,After,1,Riffle 1,32,135,67,55,90,911,Cobble,SC1,4.18,2023-04-24 to 2024-09-24,4/24/2023,9/24/2024
152,230000111594,Before,1,Riffle 1,32,135,67,55,90,911,Cobble,SC1,0.61,2019-04-16 to 2022-04-27,4/16/2019,4/27/2022
51027,230000111595,After,0,Riffle 0,32,158,98,49,90,939,Cobble,SC1,0,2024-10-16 to 2024-10-16,10/16/2024,NA
146,230000111595,Before,1,Riffle 1,32,158,98,49,90,939,Cobble,SC1,7.16,2019-04-16 to 2022-04-27,4/16/2019,4/27/2022
50220,230000111596,After,1,Riffle 1,32,86,73,64,90,548,Cobble,SC1,4.82,2023-04-24 to 2024-09-24,4/24/2023,9/24/2024
196,230000111596,Before,1,Riffle 1,32,86,73,64,90,548,Cobble,SC1,4.27,2019-04-16 to 2022-04-27,4/16/2019,4/27/2022
51120,230000111597,After,3,Riffle 3,32,130,76,70,90,1058,Cobble,SC1,0,2024-10-16 to 2024-10-16,10/16/2024,NA
345,230000111597,Before,3,Riffle 3,32,130,76,70,90,1058,Cobble,SC1,1.53,2019-04-16 to 2022-04-28,4/16/2019,4/28/2022
51250,230000111598,After,2B,Riffle 2,32,142,104,54,128,1046,Cobble,SC2,0,2024-10-16 to 2024-10-16,10/16/2024,NA
124,230000111598,Before,1,Riffle 1,32,142,104,54,128,1046,Cobble,SC2,0.74,2019-04-16 to 2022-04-27,4/16/2019,4/27/2022
50100,230000111599,After,2A,Riffle 2,32,135,120,75,128,1877,Cobble,SC2,42.11,2023-04-24 to 2024-09-24,4/24/2023,9/24/2024
226,230000111599,Before,2,Riffle 2,32,135,120,75,128,1877,Cobble,SC2,1.04,2019-04-16 to 2022-04-28,4/16/2019,4/28/2022
51261,230000111600,After,2B,Riffle 2,32,107,90,49,90,709,Cobble,SC1,0,2024-10-16 to 2024-10-16,10/16/2024,NA
346,230000111600,Before,3,Riffle 3,32,107,90,49,90,709,Cobble,SC1,0.83,2019-04-16 to 2022-04-28,4/16/2019,4/28/2022
51138,230000111601,After,3,Riffle 3,32,129,115,45,128,1232,Cobble,SC2,0,2024-10-16 to 2024-10-16,10/16/2024,NA
207,230000111601,Before,2,Riffle 2,32,129,115,45,128,1232,Cobble,SC2,2.19,2019-04-16 to 2022-04-28,4/16/2019,4/28/2022
50145,230000111602,After,2A,Riffle 2,32,178,155,48,180,2087,Cobble,LC1,35.29,2023-04-24 to 2024-09-24,4/24/2023,9/24/2024
275,230000111602,Before,2,Riffle 2,32,178,155,48,180,2087,Cobble,LC1,0.37,2019-04-16 to 2022-04-28,4/16/2019,4/28/2022
50125,230000111603,After,2A,Riffle 2,32,181,125,100,128,3827,Cobble,SC2,2.04,2023-04-24 to 2024-09-24,4/24/2023,9/24/2024
266,230000111603,Before,2,Riffle 2,32,181,125,100,128,3827,Cobble,SC2,3.82,2019-04-16 to 2022-04-28,4/16/2019,4/28/2022
50191,230000111604,After,2B,Riffle 2,32,195,62,56,90,1437,Cobble,SC1,726.95,2023-04-24 to 2024-09-24,4/24/2023,9/24/2024
289,230000111604,Before,2,Riffle 2,32,195,62,56,90,1437,Cobble,SC1,1.93,2019-04-16 to 2022-04-28,4/16/2019,4/28/2022
50127,230000111605,After,2A,Riffle 2,32,140,121,59,128,1380,Cobble,SC2,20.86,2023-04-24 to 2024-09-24,4/24/2023,9/24/2024
286,230000111605,Before,2,Riffle 2,32,140,121,59,128,1380,Cobble,SC2,0.39,2019-04-16 to 2022-04-28,4/16/2019,4/28/2022
50163,230000111606,After,2B,Riffle 2,32,147,108,64,128,1636,Cobble,SC2,687.12,2023-04-24 to 2024-09-24,4/24/2023,9/24/2024
246,230000111606,Before,2,Riffle 2,32,147,108,64,128,1636,Cobble,SC2,0.44,2019-04-16 to 2022-04-28,4/16/2019,4/28/2022
51267,230000111607,After,2B,Riffle 2,32,113,100,63,90,1093,Cobble,SC1,0,2024-10-16 to 2024-10-16,10/16/2024,NA
175,230000111607,Before,1,Riffle 1,32,113,100,63,90,1093,Cobble,SC1,2.99,2019-04-16 to 2022-04-27,4/16/2019,4/27/2022
50352,230000111608,After,GA7,GravelAug,32,160,123,71,128,2236,Cobble,SC2,8.06,2024-04-25 to 2024-09-24,4/25/2024,9/24/2024
385,230000111608,Before,3,Riffle 3,32,160,123,71,128,2236,Cobble,SC2,5.8,2019-04-16 to 2022-04-28,4/16/2019,4/28/2022
51066,230000111609,After,0,Riffle 0,32,104,76,53,90,580,Cobble,SC1,0,2024-10-16 to 2024-10-16,10/16/2024,NA
323,230000111609,Before,3,Riffle 3,32,104,76,53,90,580,Cobble,SC1,1.42,2019-04-16 to 2022-04-28,4/16/2019,4/28/2022
51185,230000111610,After,3,Riffle 3,32,130,85,56,90,936,Cobble,SC1,0,2024-10-16 to 2024-10-16,10/16/2024,NA
397,230000111610,Before,3,Riffle 3,32,130,85,56,90,936,Cobble,SC1,1,2019-04-16 to 2022-04-28,4/16/2019,4/28/2022
50359,230000111611,After,GA8,GravelAug,32,105,76,43,90,548,Cobble,SC1,21.33,2024-04-25 to 2024-09-24,4/25/2024,9/24/2024
371,230000111611,Before,3,Riffle 3,32,105,76,43,90,548,Cobble,SC1,0.68,2019-04-16 to 2022-04-28,4/16/2019,4/28/2022
51132,230000111612,After,3,Riffle 3,32,135,99,82,128,1821,Cobble,SC2,0,2024-10-16 to 2024-10-16,10/16/2024,NA
378,230000111612,Before,3,Riffle 3,32,135,99,82,128,1821,Cobble,SC2,1.43,2019-04-16 to 2022-04-28,4/16/2019,4/28/2022
51265,230000111613,After,2B,Riffle 2,32,136,112,43,90,1002,Cobble,SC1,0,2024-10-16 to 2024-10-16,10/16/2024,NA
394,230000111613,Before,3,Riffle 3,32,136,112,43,90,1002,Cobble,SC1,2.95,2019-04-16 to 2022-04-28,4/16/2019,4/28/2022
50250,230000111614,After,1,Riffle 1,32,306,205,256,256,18900,Cobble,LC2,1.27,2023-04-24 to 2024-09-24,4/24/2023,9/24/2024
194,230000111614,Before,1,Riffle 1,32,306,205,256,256,18900,Cobble,LC2,1.2,2019-04-16 to 2022-04-27,4/16/2019,4/27/2022
51065,230000111615,After,0,Riffle 0,32,134,115,42,128,986,Cobble,SC2,0,2024-10-16 to 2024-10-16,10/16/2024,NA
136,230000111615,Before,1,Riffle 1,32,134,115,42,128,986,Cobble,SC2,0.36,2019-04-16 to 2022-04-27,4/16/2019,4/27/2022
51157,230000111616,After,3,Riffle 3,32,153,135,74,128,2113,Cobble,SC2,0,2024-10-16 to 2024-10-16,10/16/2024,NA
305,230000111616,Before,3,Riffle 3,32,153,135,74,128,2113,Cobble,SC2,2.01,2019-04-16 to 2022-04-28,4/16/2019,4/28/2022
51177,230000111617,After,3,Riffle 3,32,327,250,89,256,9000,Cobble,LC2,0,2024-10-16 to 2024-10-16,10/16/2024,NA
340,230000111617,Before,3,Riffle 3,32,327,250,89,256,9000,Cobble,LC2,0.69,2019-04-16 to 2022-04-28,4/16/2019,4/28/2022
51079,230000111618,After,0,Riffle 0,32,115,108,78,128,1109,Cobble,SC2,0,2024-10-16 to 2024-10-16,10/16/2024,NA
214,230000111618,Before,2,Riffle 2,32,115,108,78,128,1109,Cobble,SC2,2.46,2019-04-16 to 2022-04-28,4/16/2019,4/28/2022
51220,230000111619,After,2A,Riffle 2,32,95,64,54,90,460,Cobble,SC1,0,2024-10-16 to 2024-10-16,10/16/2024,NA
219,230000111619,Before,2,Riffle 2,32,95,64,54,90,460,Cobble,SC1,1.07,2019-04-16 to 2022-04-28,4/16/2019,4/28/2022
51224,230000111620,After,2A,Riffle 2,32,159,120,46,128,1290,Cobble,SC2,0,2024-10-16 to 2024-10-16,10/16/2024,NA
204,230000111620,Before,2,Riffle 2,32,159,120,46,128,1290,Cobble,SC2,0.57,2019-04-16 to 2022-04-28,4/16/2019,4/28/2022
50136,230000111621,After,2A,Riffle 2,32,118,79,65,90,1151,Cobble,SC1,4.01,2023-04-24 to 2024-09-24,4/24/2023,9/24/2024
236,230000111621,Before,2,Riffle 2,32,118,79,65,90,1151,Cobble,SC1,0.29,2019-04-16 to 2022-04-28,4/16/2019,4/28/2022
51243,230000111622,After,2A,Riffle 2,32,122,66,42,90,555,Cobble,SC1,0,2024-10-16 to 2024-10-16,10/16/2024,NA
294,230000111622,Before,2,Riffle 2,32,122,66,42,90,555,Cobble,SC1,0.19,2019-04-16 to 2022-04-28,4/16/2019,4/28/2022
51035,230000111623,After,0,Riffle 0,32,136,109,36,90,858,Cobble,SC1,0,2024-10-16 to 2024-10-16,10/16/2024,NA
135,230000111623,Before,1,Riffle 1,32,136,109,36,90,858,Cobble,SC1,1.92,2019-04-16 to 2022-04-27,4/16/2019,4/27/2022
50288,230000111624,After,1,Riffle 1,32,157,152,82,180,2584,Cobble,LC1,8.52,2023-04-24 to 2024-09-24,4/24/2023,9/24/2024
102,230000111624,Before,1,Riffle 1,32,157,152,82,180,2584,Cobble,LC1,0.23,2019-04-16 to 2022-04-27,4/16/2019,4/27/2022
51227,230000111625,After,2A,Riffle 2,32,118,106,77,128,1218,Cobble,SC2,0,2024-10-16 to 2024-10-16,10/16/2024,NA
357,230000111625,Before,3,Riffle 3,32,118,106,77,128,1218,Cobble,SC2,2.9,2019-04-16 to 2022-04-28,4/16/2019,4/28/2022
51167,230000111626,After,3,Riffle 3,32,105,101,55,90,874,Cobble,SC1,0,2024-10-16 to 2024-10-16,10/16/2024,NA
368,230000111626,Before,3,Riffle 3,32,105,101,55,90,874,Cobble,SC1,0.2,2019-04-16 to 2022-04-28,4/16/2019,4/28/2022
51123,230000111627,After,3,Riffle 3,32,151,80,39,90,787,Cobble,SC1,0,2024-10-16 to 2024-10-16,10/16/2024,NA
216,230000111627,Before,2,Riffle 2,32,151,80,39,90,787,Cobble,SC1,0.78,2019-04-16 to 2022-04-28,4/16/2019,4/28/2022
51162,230000111628,After,3,Riffle 3,32,180,98,45,90,1341,Cobble,SC1,0,2024-10-16 to 2024-10-16,10/16/2024,NA
303,230000111628,Before,3,Riffle 3,32,180,98,45,90,1341,Cobble,SC1,0.8,2019-04-16 to 2022-04-28,4/16/2019,4/28/2022
50121,230000111629,After,2A,Riffle 2,32,155,132,54,128,1834,Cobble,SC2,19.69,2023-04-24 to 2024-09-24,4/24/2023,9/24/2024
244,230000111629,Before,2,Riffle 2,32,155,132,54,128,1834,Cobble,SC2,0.3,2019-04-16 to 2022-04-28,4/16/2019,4/28/2022
51260,230000111630,After,2B,Riffle 2,32,115,98,59,90,1042,Cobble,SC1,0,2024-10-16 to 2024-10-16,10/16/2024,NA
321,230000111630,Before,3,Riffle 3,32,115,98,59,90,1042,Cobble,SC1,0.86,2019-04-16 to 2022-04-28,4/16/2019,4/28/2022
50216,230000111631,After,1,Riffle 1,32,97,56,50,64,363,Gravel,VCG2,125.93,2023-04-24 to 2024-09-24,4/24/2023,9/24/2024
118,230000111631,Before,1,Riffle 1,32,97,56,50,64,363,Gravel,VCG2,1.81,2019-04-16 to 2022-04-27,4/16/2019,4/27/2022
51242,230000111632,After,2A,Riffle 2,32,124,96,53,90,802,Cobble,SC1,0,2024-10-16 to 2024-10-16,10/16/2024,NA
115,230000111632,Before,1,Riffle 1,32,124,96,53,90,802,Cobble,SC1,4.27,2019-04-16 to 2022-04-27,4/16/2019,4/27/2022
51106,230000111633,After,3,Riffle 3,32,123,109,74,128,1530,Cobble,SC2,0,2024-10-16 to 2024-10-16,10/16/2024,NA
337,230000111633,Before,3,Riffle 3,32,123,109,74,128,1530,Cobble,SC2,3.33,2019-04-16 to 2022-04-28,4/16/2019,4/28/2022
50105,230000111634,After,2A,Riffle 2,32,367,215,128,256,16700,Cobble,LC2,7.13,2023-04-24 to 2024-09-24,4/24/2023,9/24/2024
261,230000111634,Before,2,Riffle 2,32,367,215,128,256,16700,Cobble,LC2,0.65,2019-04-16 to 2022-04-28,4/16/2019,4/28/2022
51114,230000111635,After,3,Riffle 3,32,100,86,60,90,643,Cobble,SC1,0,2024-10-16 to 2024-10-16,10/16/2024,NA
343,230000111635,Before,3,Riffle 3,32,100,86,60,90,643,Cobble,SC1,0.99,2019-04-16 to 2022-04-28,4/16/2019,4/28/2022
51239,230000111636,After,2A,Riffle 2,32,141,97,83,128,2024,Cobble,SC2,0,2024-10-16 to 2024-10-16,10/16/2024,NA
164,230000111636,Before,1,Riffle 1,32,141,97,83,128,2024,Cobble,SC2,1.11,2019-04-16 to 2022-04-27,4/16/2019,4/27/2022
51194,230000111637,After,3,Riffle 3,32,168,104,67,128,1687,Cobble,SC2,0,2024-10-16 to 2024-10-16,10/16/2024,NA
351,230000111637,Before,3,Riffle 3,32,168,104,67,128,1687,Cobble,SC2,0.84,2019-04-16 to 2022-04-28,4/16/2019,4/28/2022
50195,230000111638,After,2B,Riffle 2,32,165,133,106,128,3239,Cobble,SC2,393.52,2023-04-24 to 2024-09-24,4/24/2023,9/24/2024
241,230000111638,Before,2,Riffle 2,32,165,133,106,128,3239,Cobble,SC2,0.26,2019-04-16 to 2022-04-28,4/16/2019,4/28/2022
51137,230000111640,After,3,Riffle 3,32,336,221,183,256,18800,Cobble,LC2,0,2024-10-16 to 2024-10-16,10/16/2024,NA
310,230000111640,Before,3,Riffle 3,32,336,221,183,256,18800,Cobble,LC2,1.16,2019-04-16 to 2022-04-28,4/16/2019,4/28/2022
51092,230000111641,After,0,Riffle 0,32,124,104,56,90,1093,Cobble,SC1,0,2024-10-16 to 2024-10-16,10/16/2024,NA
112,230000111641,Before,1,Riffle 1,32,124,104,56,90,1093,Cobble,SC1,0.62,2019-04-16 to 2022-04-27,4/16/2019,4/27/2022
51085,230000111642,After,0,Riffle 0,32,190,98,44,90,1225,Cobble,SC1,0,2024-10-16 to 2024-10-16,10/16/2024,NA
271,230000111642,Before,2,Riffle 2,32,190,98,44,90,1225,Cobble,SC1,0.3,2019-04-16 to 2022-04-28,4/16/2019,4/28/2022
50268,230000111643,After,1,Riffle 1,32,184,125,58,128,2352,Cobble,SC2,0.63,2023-04-24 to 2024-09-24,4/24/2023,9/24/2024
129,230000111643,Before,1,Riffle 1,32,184,125,58,128,2352,Cobble,SC2,2.31,2019-04-16 to 2022-04-27,4/16/2019,4/27/2022
50248,230000111644,After,1,Riffle 1,32,135,93,72,90,1442,Cobble,SC1,6.21,2023-04-24 to 2024-09-24,4/24/2023,9/24/2024
114,230000111644,Before,1,Riffle 1,32,135,93,72,90,1442,Cobble,SC1,1.32,2019-04-16 to 2022-04-27,4/16/2019,4/27/2022
50111,230000111645,After,2A,Riffle 2,32,134,101,91,128,2037,Cobble,SC2,1.22,2023-04-24 to 2024-09-24,4/24/2023,9/24/2024
276,230000111645,Before,2,Riffle 2,32,134,101,91,128,2037,Cobble,SC2,0.89,2019-04-16 to 2022-04-28,4/16/2019,4/28/2022
50181,230000111646,After,2B,Riffle 2,32,93,77,55,90,508,Cobble,SC1,0,2023-04-24 to 2023-04-24,4/24/2023,NA
203,230000111646,Before,2,Riffle 2,32,93,77,55,90,508,Cobble,SC1,0.38,2019-04-16 to 2022-04-28,4/16/2019,4/28/2022
51057,230000111647,After,0,Riffle 0,32,170,140,55,128,2193,Cobble,SC2,0,2024-10-16 to 2024-10-16,10/16/2024,NA
362,230000111647,Before,3,Riffle 3,32,170,140,55,128,2193,Cobble,SC2,0.9,2019-04-16 to 2022-04-28,4/16/2019,4/28/2022
50299,230000111648,After,1,Riffle 1,32,101,88,34,90,508,Cobble,SC1,76.5,2023-04-24 to 2024-09-24,4/24/2023,9/24/2024
178,230000111648,Before,1,Riffle 1,32,101,88,34,90,508,Cobble,SC1,2.06,2019-04-16 to 2022-04-27,4/16/2019,4/27/2022
51135,230000111649,After,3,Riffle 3,32,150,87,55,90,1202,Cobble,SC1,0,2024-10-16 to 2024-10-16,10/16/2024,NA
222,230000111649,Before,2,Riffle 2,32,150,87,55,90,1202,Cobble,SC1,0.52,2019-04-16 to 2022-04-28,4/16/2019,4/28/2022
51006,230000111651,After,0,Riffle 0,32,117,111,49,90,767,Cobble,SC1,0,2024-10-16 to 2024-10-16,10/16/2024,NA
132,230000111651,Before,1,Riffle 1,32,117,111,49,90,767,Cobble,SC1,1.5,2019-04-16 to 2022-04-27,4/16/2019,4/27/2022
51209,230000111652,After,2A,Riffle 2,32,120,78,71,90,861,Cobble,SC1,0,2024-10-16 to 2024-10-16,10/16/2024,NA
272,230000111652,Before,2,Riffle 2,32,120,78,71,90,861,Cobble,SC1,0.37,2019-04-16 to 2022-04-28,4/16/2019,4/28/2022
51253,230000111654,After,2B,Riffle 2,32,114,105,95,128,1678,Cobble,SC2,0,2024-10-16 to 2024-10-16,10/16/2024,NA
215,230000111654,Before,2,Riffle 2,32,114,105,95,128,1678,Cobble,SC2,1.11,2019-04-16 to 2022-04-28,4/16/2019,4/28/2022
51200,230000111655,After,2A,Riffle 2,32,107,68,56,90,697,Cobble,SC1,0,2024-10-16 to 2024-10-16,10/16/2024,NA
258,230000111655,Before,2,Riffle 2,32,107,68,56,90,697,Cobble,SC1,4.46,2019-04-16 to 2022-04-28,4/16/2019,4/28/2022
50137,230000111657,After,2A,Riffle 2,32,100,72,42,64,379,Gravel,VCG2,8.98,2023-04-24 to 2024-09-24,4/24/2023,9/24/2024
211,230000111657,Before,2,Riffle 2,32,100,72,42,64,379,Gravel,VCG2,1.66,2019-04-16 to 2022-04-28,4/16/2019,4/28/2022
50107,230000111658,After,2A,Riffle 2,32,90,83,56,90,732,Cobble,SC1,1015.32,2023-04-24 to 2024-09-24,4/24/2023,9/24/2024
247,230000111658,Before,2,Riffle 2,32,90,83,56,90,732,Cobble,SC1,0.45,2019-04-16 to 2022-04-28,4/16/2019,4/28/2022
51178,230000111659,After,3,Riffle 3,32,164,139,68,128,2411,Cobble,SC2,0,2024-10-16 to 2024-10-16,10/16/2024,NA
333,230000111659,Before,3,Riffle 3,32,164,139,68,128,2411,Cobble,SC2,2.01,2019-04-16 to 2022-04-28,4/16/2019,4/28/2022
50119,230000111660,After,2A,Riffle 2,32,112,87,57,90,727,Cobble,SC1,819.24,2023-04-24 to 2024-09-24,4/24/2023,9/24/2024
274,230000111660,Before,2,Riffle 2,32,112,87,57,90,727,Cobble,SC1,0.47,2019-04-16 to 2022-04-28,4/16/2019,4/28/2022
51133,230000111661,After,3,Riffle 3,32,141,67,45,90,711,Cobble,SC1,0,2024-10-16 to 2024-10-16,10/16/2024,NA
372,230000111661,Before,3,Riffle 3,32,141,67,45,90,711,Cobble,SC1,1.91,2019-04-16 to 2022-04-28,4/16/2019,4/28/2022
51262,230000111662,After,2B,Riffle 2,32,136,83,60,90,1117,Cobble,SC1,0,2024-10-16 to 2024-10-16,10/16/2024,NA
316,230000111662,Before,3,Riffle 3,32,136,83,60,90,1117,Cobble,SC1,0.31,2019-04-16 to 2022-04-28,4/16/2019,4/28/2022
51139,230000111663,After,3,Riffle 3,32,96,77,43,90,526,Cobble,SC1,0,2024-10-16 to 2024-10-16,10/16/2024,NA
348,230000111663,Before,3,Riffle 3,32,96,77,43,90,526,Cobble,SC1,1.6,2019-04-16 to 2022-04-28,4/16/2019,4/28/2022
50199,230000111664,After,2B,Riffle 2,32,116,88,67,90,904,Cobble,SC1,7.45,2023-04-24 to 2024-09-24,4/24/2023,9/24/2024
268,230000111664,Before,2,Riffle 2,32,116,88,67,90,904,Cobble,SC1,0.21,2019-04-16 to 2022-04-28,4/16/2019,4/28/2022
51241,230000111665,After,2A,Riffle 2,32,83,68,48,90,400,Cobble,SC1,0,2024-10-16 to 2024-10-16,10/16/2024,NA
249,230000111665,Before,2,Riffle 2,32,83,68,48,90,400,Cobble,SC1,0.42,2019-04-16 to 2022-04-28,4/16/2019,4/28/2022
50178,230000111666,After,2B,Riffle 2,32,321,290,200,>256,18300,Boulder,SB1,4.52,2023-04-24 to 2024-09-24,4/24/2023,9/24/2024
210,230000111666,Before,2,Riffle 2,32,321,290,200,>256,18300,Boulder,SB1,0.35,2019-04-16 to 2022-04-28,4/16/2019,4/28/2022
51288,230000111667,After,2B,Riffle 2,32,153,114,52,128,1347,Cobble,SC2,0,2024-10-16 to 2024-10-16,10/16/2024,NA
193,230000111667,Before,1,Riffle 1,32,153,114,52,128,1347,Cobble,SC2,3.81,2019-04-16 to 2022-04-27,4/16/2019,4/27/2022
50233,230000111668,After,1,Riffle 1,32,177,112,67,128,1929,Cobble,SC2,4.82,2023-04-24 to 2024-09-24,4/24/2023,9/24/2024
143,230000111668,Before,1,Riffle 1,32,177,112,67,128,1929,Cobble,SC2,0.67,2019-04-16 to 2022-04-27,4/16/2019,4/27/2022
50153,230000111669,After,2B,Riffle 2,32,151,137,65,128,2083,Cobble,SC2,482.15,2023-04-24 to 2024-09-24,4/24/2023,9/24/2024
257,230000111669,Before,2,Riffle 2,32,151,137,65,128,2083,Cobble,SC2,0.86,2019-04-16 to 2022-04-28,4/16/2019,4/28/2022
51208,230000111670,After,2A,Riffle 2,32,95,80,51,90,627,Cobble,SC1,0,2024-10-16 to 2024-10-16,10/16/2024,NA
231,230000111670,Before,2,Riffle 2,32,95,80,51,90,627,Cobble,SC1,1.59,2019-04-16 to 2022-04-28,4/16/2019,4/28/2022
50135,230000111671,After,2A,Riffle 2,32,110,93,42,90,657,Cobble,SC1,624.41,2023-04-24 to 2024-09-24,4/24/2023,9/24/2024
239,230000111671,Before,2,Riffle 2,32,110,93,42,90,657,Cobble,SC1,0.67,2019-04-16 to 2022-04-28,4/16/2019,4/28/2022
51225,230000111672,After,2A,Riffle 2,32,102,80,55,90,831,Cobble,SC1,0,2024-10-16 to 2024-10-16,10/16/2024,NA
220,230000111672,Before,2,Riffle 2,32,102,80,55,90,831,Cobble,SC1,1.55,2019-04-16 to 2022-04-28,4/16/2019,4/28/2022
50197,230000111673,After,2B,Riffle 2,32,139,96,75,128,1437,Cobble,SC2,710.53,2023-04-24 to 2024-09-24,4/24/2023,9/24/2024
221,230000111673,Before,2,Riffle 2,32,139,96,75,128,1437,Cobble,SC2,0.57,2019-04-16 to 2022-04-28,4/16/2019,4/28/2022
51127,230000111674,After,3,Riffle 3,32,297,226,193,256,27800,Cobble,LC2,0,2024-10-16 to 2024-10-16,10/16/2024,NA
50189,230000111675,After,2B,Riffle 2,32,98,89,68,90,939,Cobble,SC1,0,2023-04-24 to 2023-04-24,4/24/2023,NA
229,230000111675,Before,2,Riffle 2,32,98,89,68,90,939,Cobble,SC1,0.6,2019-04-16 to 2022-04-28,4/16/2019,4/28/2022
51000,230000111676,After,0,Riffle 0,32,145,84,71,90,1337,Cobble,SC1,0,2024-10-16 to 2024-10-16,10/16/2024,NA
147,230000111676,Before,1,Riffle 1,32,145,84,71,90,1337,Cobble,SC1,0.74,2019-04-16 to 2022-04-27,4/16/2019,4/27/2022
50289,230000111677,After,1,Riffle 1,32,90,78,69,90,608,Cobble,SC1,57.08,2023-04-24 to 2024-09-24,4/24/2023,9/24/2024
101,230000111677,Before,1,Riffle 1,32,90,78,69,90,608,Cobble,SC1,0.43,2019-04-16 to 2022-04-27,4/16/2019,4/27/2022
51286,230000111679,After,2B,Riffle 2,32,141,105,79,128,1381,Cobble,SC2,0,2024-10-16 to 2024-10-16,10/16/2024,NA
134,230000111679,Before,1,Riffle 1,32,141,105,79,128,1381,Cobble,SC2,0.64,2019-04-16 to 2022-04-27,4/16/2019,4/27/2022
51257,230000111680,After,2B,Riffle 2,32,131,112,71,128,1468,Cobble,SC2,0,2024-10-16 to 2024-10-16,10/16/2024,NA
380,230000111680,Before,3,Riffle 3,32,131,112,71,128,1468,Cobble,SC2,0.64,2019-04-16 to 2022-04-28,4/16/2019,4/28/2022
50194,230000111681,After,2B,Riffle 2,32,100,65,55,90,572,Cobble,SC1,894.32,2023-04-24 to 2024-09-24,4/24/2023,9/24/2024
205,230000111681,Before,2,Riffle 2,32,100,65,55,90,572,Cobble,SC1,9.4,2019-04-16 to 2022-04-28,4/16/2019,4/28/2022
51233,230000111682,After,2A,Riffle 2,32,110,97,52,90,812,Cobble,SC1,0,2024-10-16 to 2024-10-16,10/16/2024,NA
200,230000111682,Before,2,Riffle 2,32,110,97,52,90,812,Cobble,SC1,0.38,2019-04-16 to 2022-04-28,4/16/2019,4/28/2022
50202,230000111683,After,1,Riffle 1,32,132,90,80,128,1427,Cobble,SC2,2.39,2023-04-24 to 2024-09-24,4/24/2023,9/24/2024
110,230000111683,Before,1,Riffle 1,32,132,90,80,128,1427,Cobble,SC2,3.97,2019-04-16 to 2022-04-27,4/16/2019,4/27/2022
50277,230000111684,After,1,Riffle 1,32,198,117,64,128,2248,Cobble,SC2,38.58,2023-04-24 to 2024-09-24,4/24/2023,9/24/2024
106,230000111684,Before,1,Riffle 1,32,198,117,64,128,2248,Cobble,SC2,7.83,2019-04-16 to 2022-04-27,4/16/2019,4/27/2022
51240,230000111685,After,2A,Riffle 2,32,110,96,55,90,873,Cobble,SC1,0,2024-10-16 to 2024-10-16,10/16/2024,NA
224,230000111685,Before,2,Riffle 2,32,110,96,55,90,873,Cobble,SC1,1.25,2019-04-16 to 2022-04-28,4/16/2019,4/28/2022
50240,230000111686,After,1,Riffle 1,32,110,78,34,90,601,Cobble,SC1,1.14,2023-04-24 to 2024-09-24,4/24/2023,9/24/2024
149,230000111686,Before,1,Riffle 1,32,110,78,34,90,601,Cobble,SC1,7.64,2019-04-16 to 2022-04-27,4/16/2019,4/27/2022
51274,230000111687,After,2B,Riffle 2,32,167,118,59,128,1363,Cobble,SC2,0,2024-10-16 to 2024-10-16,10/16/2024,NA
301,230000111687,Before,3,Riffle 3,32,167,118,59,128,1363,Cobble,SC2,1.86,2019-04-16 to 2022-04-28,4/16/2019,4/28/2022
51291,230000111688,After,2B,Riffle 2,32,116,90,40,90,655,Cobble,SC1,0,2024-10-16 to 2024-10-16,10/16/2024,NA
318,230000111688,Before,3,Riffle 3,32,116,90,40,90,655,Cobble,SC1,2.62,2019-04-16 to 2022-04-28,4/16/2019,4/28/2022
51064,230000111689,After,0,Riffle 0,32,141,84,37,90,888,Cobble,SC1,0,2024-10-16 to 2024-10-16,10/16/2024,NA
119,230000111689,Before,1,Riffle 1,32,141,84,37,90,888,Cobble,SC1,1.3,2019-04-16 to 2022-04-27,4/16/2019,4/27/2022
51251,230000111691,After,2B,Riffle 2,32,145,105,63,128,1716,Cobble,SC2,0,2024-10-16 to 2024-10-16,10/16/2024,NA
393,230000111691,Before,3,Riffle 3,32,145,105,63,128,1716,Cobble,SC2,1.25,2019-04-16 to 2022-04-28,4/16/2019,4/28/2022
51273,230000111692,After,2B,Riffle 2,32,111,81,77,90,969,Cobble,SC1,0,2024-10-16 to 2024-10-16,10/16/2024,NA
338,230000111692,Before,3,Riffle 3,32,111,81,77,90,969,Cobble,SC1,3.85,2019-04-16 to 2022-04-28,4/16/2019,4/28/2022
51089,230000111693,After,0,Riffle 0,32,154,92,58,90,1342,Cobble,SC1,0,2024-10-16 to 2024-10-16,10/16/2024,NA
182,230000111693,Before,1,Riffle 1,32,154,92,58,90,1342,Cobble,SC1,0.35,2019-04-16 to 2022-04-27,4/16/2019,4/27/2022
50117,230000111694,After,2A,Riffle 2,32,150,109,88,128,1738,Cobble,SC2,815.59,2023-04-24 to 2024-09-24,4/24/2023,9/24/2024
287,230000111694,Before,2,Riffle 2,32,150,109,88,128,1738,Cobble,SC2,0.65,2019-04-16 to 2022-04-28,4/16/2019,4/28/2022
50244,230000111695,After,1,Riffle 1,32,120,97,77,90,1034,Cobble,SC1,11.62,2023-04-24 to 2024-09-24,4/24/2023,9/24/2024
116,230000111695,Before,1,Riffle 1,32,120,97,77,90,1034,Cobble,SC1,0.3,2019-04-16 to 2022-04-27,4/16/2019,4/27/2022
50187,230000111696,After,2B,Riffle 2,32,103,89,59,90,759,Cobble,SC1,1374.8,2023-04-24 to 2024-09-24,4/24/2023,9/24/2024
232,230000111696,Before,2,Riffle 2,32,103,89,59,90,759,Cobble,SC1,0.45,2019-04-16 to 2022-04-28,4/16/2019,4/28/2022
51207,230000111697,After,2A,Riffle 2,32,115,89,65,128,985,Cobble,SC2,0,2024-10-16 to 2024-10-16,10/16/2024,NA
235,230000111697,Before,2,Riffle 2,32,115,89,65,128,985,Cobble,SC2,0.58,2019-04-16 to 2022-04-28,4/16/2019,4/28/2022
50249,230000111698,After,1,Riffle 1,32,89,82,70,90,771,Cobble,SC1,84.76,2023-04-24 to 2024-09-24,4/24/2023,9/24/2024
128,230000111698,Before,1,Riffle 1,32,89,82,70,90,771,Cobble,SC1,0.28,2019-04-16 to 2022-04-27,4/16/2019,4/27/2022
51196,230000111699,After,3,Riffle 3,32,185,124,79,128,3653,Cobble,SC2,0,2024-10-16 to 2024-10-16,10/16/2024,NA
377,230000111699,Before,3,Riffle 3,32,185,124,79,128,3653,Cobble,SC2,0.44,2019-04-16 to 2022-04-28,4/16/2019,4/28/2022
50231,230000111700,After,1,Riffle 1,32,131,82,56,90,709,Cobble,SC1,39.03,2023-04-24 to 2024-09-24,4/24/2023,9/24/2024
186,230000111700,Before,1,Riffle 1,32,131,82,56,90,709,Cobble,SC1,6.9,2019-04-16 to 2022-04-27,4/16/2019,4/27/2022
51062,230000111701,After,0,Riffle 0,32,144,135,89,128,2792,Cobble,SC2,0,2024-10-16 to 2024-10-16,10/16/2024,NA
382,230000111701,Before,3,Riffle 3,32,144,135,89,128,2792,Cobble,SC2,1.52,2019-04-16 to 2022-04-28,4/16/2019,4/28/2022
51149,230000111702,After,3,Riffle 3,32,115,108,100,128,1144,Cobble,SC2,0,2024-10-16 to 2024-10-16,10/16/2024,NA
329,230000111702,Before,3,Riffle 3,32,115,108,100,128,1144,Cobble,SC2,1.01,2019-04-16 to 2022-04-28,4/16/2019,4/28/2022
50185,230000111703,After,2B,Riffle 2,32,114,85,37,90,604,Cobble,SC1,343.99,2023-04-24 to 2024-09-24,4/24/2023,9/24/2024
213,230000111703,Before,2,Riffle 2,32,114,85,37,90,604,Cobble,SC1,0.7,2019-04-16 to 2022-04-28,4/16/2019,4/28/2022
50141,230000111704,After,2A,Riffle 2,32,95,73,41,64,416,Gravel,VCG2,0,2023-04-24 to 2023-04-24,4/24/2023,NA
209,230000111704,Before,2,Riffle 2,32,95,73,41,64,416,Gravel,VCG2,0.3,2019-04-16 to 2022-04-28,4/16/2019,4/28/2022
50180,230000111705,After,2B,Riffle 2,32,160,84,69,90,1747,Cobble,SC1,542.59,2023-04-24 to 2024-09-24,4/24/2023,9/24/2024
253,230000111705,Before,2,Riffle 2,32,160,84,69,90,1747,Cobble,SC1,0.75,2019-04-16 to 2022-04-28,4/16/2019,4/28/2022
51121,230000111706,After,3,Riffle 3,32,120,105,62,128,1063,Cobble,SC2,0,2024-10-16 to 2024-10-16,10/16/2024,NA
363,230000111706,Before,3,Riffle 3,32,120,105,62,128,1063,Cobble,SC2,0.21,2019-04-16 to 2022-04-28,4/16/2019,4/28/2022
51230,230000111707,After,2A,Riffle 2,32,151,98,58,90,1186,Cobble,SC1,0,2024-10-16 to 2024-10-16,10/16/2024,NA
173,230000111707,Before,1,Riffle 1,32,151,98,58,90,1186,Cobble,SC1,1.53,2019-04-16 to 2022-04-27,4/16/2019,4/27/2022
50205,230000111708,After,1,Riffle 1,32,181,124,84,128,2277,Cobble,SC2,6.99,2023-04-24 to 2024-09-24,4/24/2023,9/24/2024
141,230000111708,Before,1,Riffle 1,32,181,124,84,128,2277,Cobble,SC2,6.74,2019-04-16 to 2022-04-27,4/16/2019,4/27/2022
50139,230000111709,After,2A,Riffle 2,32,201,182,58,180,3584,Cobble,LC1,3.6,2023-04-24 to 2024-09-24,4/24/2023,9/24/2024
285,230000111709,Before,2,Riffle 2,32,201,182,58,180,3584,Cobble,LC1,0.71,2019-04-16 to 2022-04-28,4/16/2019,4/28/2022
51258,230000111710,After,2B,Riffle 2,32,107,85,63,90,830,Cobble,SC1,0,2024-10-16 to 2024-10-16,10/16/2024,NA
367,230000111710,Before,3,Riffle 3,32,107,85,63,90,830,Cobble,SC1,0.53,2019-04-16 to 2022-04-28,4/16/2019,4/28/2022
50356,230000111711,After,GA9,GravelAug,32,155,106,45,128,990,Cobble,SC2,6.81,2024-04-25 to 2024-09-24,4/25/2024,9/24/2024
243,230000111711,Before,2,Riffle 2,32,155,106,45,128,990,Cobble,SC2,0.82,2019-04-16 to 2022-04-28,4/16/2019,4/28/2022
50200,230000111712,After,1,Riffle 1,32,176,113,74,128,2062,Cobble,SC2,2.92,2023-04-24 to 2024-09-24,4/24/2023,9/24/2024
121,230000111712,Before,1,Riffle 1,32,176,113,74,128,2062,Cobble,SC2,0.43,2019-04-16 to 2022-04-27,4/16/2019,4/27/2022
51214,230000111713,After,2A,Riffle 2,32,104,86,45,90,730,Cobble,SC1,0,2024-10-16 to 2024-10-16,10/16/2024,NA
223,230000111713,Before,2,Riffle 2,32,104,86,45,90,730,Cobble,SC1,1.2,2019-04-16 to 2022-04-28,4/16/2019,4/28/2022
51012,230000111714,After,0,Riffle 0,32,152,118,46,128,1749,Cobble,SC2,0,2024-10-16 to 2024-10-16,10/16/2024,NA
327,230000111714,Before,3,Riffle 3,32,152,118,46,128,1749,Cobble,SC2,3.32,2019-04-16 to 2022-04-28,4/16/2019,4/28/2022
51008,230000111715,After,0,Riffle 0,32,168,117,70,128,2178,Cobble,SC2,0,2024-10-16 to 2024-10-16,10/16/2024,NA
227,230000111715,Before,2,Riffle 2,32,168,117,70,128,2178,Cobble,SC2,0.2,2019-04-16 to 2022-04-28,4/16/2019,4/28/2022
50292,230000111716,After,1,Riffle 1,32,129,116,60,128,1338,Cobble,SC2,0.81,2023-04-24 to 2024-09-24,4/24/2023,9/24/2024
165,230000111716,Before,1,Riffle 1,32,129,116,60,128,1338,Cobble,SC2,0.73,2019-04-16 to 2022-04-27,4/16/2019,4/27/2022
50210,230000111717,After,1,Riffle 1,32,135,93,59,90,1398,Cobble,SC1,0.55,2023-04-24 to 2024-09-24,4/24/2023,9/24/2024
155,230000111717,Before,1,Riffle 1,32,135,93,59,90,1398,Cobble,SC1,1.99,2019-04-16 to 2022-04-27,4/16/2019,4/27/2022
50123,230000111718,After,2A,Riffle 2,32,85,72,57,90,509,Cobble,SC1,1275.95,2023-04-24 to 2024-09-24,4/24/2023,9/24/2024
248,230000111718,Before,2,Riffle 2,32,85,72,57,90,509,Cobble,SC1,0.62,2019-04-16 to 2022-04-28,4/16/2019,4/28/2022
50114,230000111719,After,2A,Riffle 2,32,165,110,61,128,1712,Cobble,SC2,0.21,2023-04-24 to 2024-09-24,4/24/2023,9/24/2024
263,230000111719,Before,2,Riffle 2,32,165,110,61,128,1712,Cobble,SC2,3.02,2019-04-16 to 2022-04-28,4/16/2019,4/28/2022
51091,230000111720,After,0,Riffle 0,32,119,100,43,90,741,Cobble,SC1,0,2024-10-16 to 2024-10-16,10/16/2024,NA
157,230000111720,Before,1,Riffle 1,32,119,100,43,90,741,Cobble,SC1,1.14,2019-04-16 to 2022-04-27,4/16/2019,4/27/2022
51268,230000111721,After,2B,Riffle 2,32,187,97,51,90,1395,Cobble,SC1,0,2024-10-16 to 2024-10-16,10/16/2024,NA
366,230000111721,Before,3,Riffle 3,32,187,97,51,90,1395,Cobble,SC1,0.3,2019-04-16 to 2022-04-28,4/16/2019,4/28/2022
51039,230000111722,After,0,Riffle 0,32,81,59,42,64,385,Gravel,VCG2,0,2024-10-16 to 2024-10-16,10/16/2024,NA
349,230000111722,Before,3,Riffle 3,32,81,59,42,64,385,Gravel,VCG2,0.49,2019-04-16 to 2022-04-28,4/16/2019,4/28/2022
50173,230000111723,After,2B,Riffle 2,32,146,89,36,90,807,Cobble,SC1,0,2023-04-24 to 2023-04-24,4/24/2023,NA
208,230000111723,Before,2,Riffle 2,32,146,89,36,90,807,Cobble,SC1,0.87,2019-04-16 to 2022-04-28,4/16/2019,4/28/2022
51252,230000111724,After,2B,Riffle 2,32,169,128,69,128,2436,Cobble,SC2,0,2024-10-16 to 2024-10-16,10/16/2024,NA
339,230000111724,Before,3,Riffle 3,32,169,128,69,128,2436,Cobble,SC2,2.02,2019-04-16 to 2022-04-28,4/16/2019,4/28/2022
50214,230000111725,After,1,Riffle 1,32,312,245,140,256,18500,Cobble,LC2,1.57,2023-04-24 to 2024-09-24,4/24/2023,9/24/2024
50193,230000111726,After,2B,Riffle 2,32,330,285,138,362,32000,Boulder,SB1,29.15,2023-04-24 to 2024-09-24,4/24/2023,9/24/2024
51238,230000111727,After,2A,Riffle 2,32,165,125,60,128,2087,Cobble,SC2,0,2024-10-16 to 2024-10-16,10/16/2024,NA
283,230000111727,Before,2,Riffle 2,32,165,125,60,128,2087,Cobble,SC2,1.08,2019-04-16 to 2022-04-28,4/16/2019,4/28/2022
50282,230000111728,After,1,Riffle 1,32,165,123,75,180,2327,Cobble,LC1,0.63,2023-04-24 to 2024-09-24,4/24/2023,9/24/2024
151,230000111728,Before,1,Riffle 1,32,165,123,75,180,2327,Cobble,LC1,1.27,2019-04-16 to 2022-04-27,4/16/2019,4/27/2022
50118,230000111729,After,2A,Riffle 2,32,346,280,115,>256,21300,Boulder,SB1,0.2,2023-04-24 to 2024-09-24,4/24/2023,9/24/2024
281,230000111729,Before,2,Riffle 2,32,346,280,115,>256,21300,Boulder,SB1,0.59,2019-04-16 to 2022-04-28,4/16/2019,4/28/2022
51067,230000111730,After,0,Riffle 0,32,120,114,65,128,1278,Cobble,SC2,0,2024-10-16 to 2024-10-16,10/16/2024,NA
237,230000111730,Before,2,Riffle 2,32,120,114,65,128,1278,Cobble,SC2,2.44,2019-04-16 to 2022-04-28,4/16/2019,4/28/2022
51212,230000111731,After,2A,Riffle 2,32,145,98,56,128,1335,Cobble,SC2,0,2024-10-16 to 2024-10-16,10/16/2024,NA
104,230000111731,Before,1,Riffle 1,32,145,98,56,128,1335,Cobble,SC2,0.83,2019-04-16 to 2022-04-27,4/16/2019,4/27/2022
50142,230000111732,After,2A,Riffle 2,32,210,158,107,180,3929,Cobble,LC1,739.22,2023-04-24 to 2024-09-24,4/24/2023,9/24/2024
228,230000111732,Before,2,Riffle 2,32,210,158,107,180,3929,Cobble,LC1,1.26,2019-04-16 to 2022-04-28,4/16/2019,4/28/2022
50229,230000111733,After,1,Riffle 1,32,303,265,148,>256,15900,Boulder,SB1,0.54,2023-04-24 to 2024-09-24,4/24/2023,9/24/2024
133,230000111733,Before,1,Riffle 1,32,303,265,148,>256,15900,Boulder,SB1,0.61,2019-04-16 to 2022-04-27,4/16/2019,4/27/2022
50224,230000111734,After,1,Riffle 1,32,120,104,64,128,1233,Cobble,SC2,9.48,2023-04-24 to 2024-09-24,4/24/2023,9/24/2024
131,230000111734,Before,1,Riffle 1,32,120,104,64,128,1233,Cobble,SC2,1.82,2019-04-16 to 2022-04-27,4/16/2019,4/27/2022
50238,230000111735,After,1,Riffle 1,32,141,117,56,128,1706,Cobble,SC2,3.51,2023-04-24 to 2024-09-24,4/24/2023,9/24/2024
148,230000111735,Before,1,Riffle 1,32,141,117,56,128,1706,Cobble,SC2,0.39,2019-04-16 to 2022-04-27,4/16/2019,4/27/2022
51076,230000111736,After,0,Riffle 0,32,155,109,66,128,1789,Cobble,SC2,0,2024-10-16 to 2024-10-16,10/16/2024,NA
105,230000111736,Before,1,Riffle 1,32,155,109,66,128,1789,Cobble,SC2,0.72,2019-04-16 to 2022-04-27,4/16/2019,4/27/2022
51083,230000111737,After,0,Riffle 0,32,169,138,82,128,2929,Cobble,SC2,0,2024-10-16 to 2024-10-16,10/16/2024,NA
111,230000111737,Before,1,Riffle 1,32,169,138,82,128,2929,Cobble,SC2,0.77,2019-04-16 to 2022-04-27,4/16/2019,4/27/2022
50102,230000111738,After,2A,Riffle 2,32,140,110,77,128,1999,Cobble,SC2,51.68,2023-04-24 to 2024-09-24,4/24/2023,9/24/2024
259,230000111738,Before,2,Riffle 2,32,140,110,77,128,1999,Cobble,SC2,0.81,2019-04-16 to 2022-04-28,4/16/2019,4/28/2022
51236,230000111739,After,2A,Riffle 2,32,99,86,33,90,557,Cobble,SC1,0,2024-10-16 to 2024-10-16,10/16/2024,NA
233,230000111739,Before,2,Riffle 2,32,99,86,33,90,557,Cobble,SC1,1.18,2019-04-16 to 2022-04-28,4/16/2019,4/28/2022
51256,230000111740,After,2B,Riffle 2,32,145,94,62,90,1384,Cobble,SC1,0,2024-10-16 to 2024-10-16,10/16/2024,NA
330,230000111740,Before,3,Riffle 3,32,145,94,62,90,1384,Cobble,SC1,0.4,2019-04-16 to 2022-04-28,4/16/2019,4/28/2022
51030,230000111741,After,0,Riffle 0,32,148,100,84,128,1958,Cobble,SC2,0,2024-10-16 to 2024-10-16,10/16/2024,NA
125,230000111741,Before,1,Riffle 1,32,148,100,84,128,1958,Cobble,SC2,0.45,2019-04-16 to 2022-04-27,4/16/2019,4/27/2022
51210,230000111742,After,2A,Riffle 2,32,111,72,46,90,646,Cobble,SC1,0,2024-10-16 to 2024-10-16,10/16/2024,NA
265,230000111742,Before,2,Riffle 2,32,111,72,46,90,646,Cobble,SC1,1.59,2019-04-16 to 2022-04-28,4/16/2019,4/28/2022
51222,230000111743,After,2A,Riffle 2,32,119,97,74,90,1151,Cobble,SC1,0,2024-10-16 to 2024-10-16,10/16/2024,NA
326,230000111743,Before,3,Riffle 3,32,119,97,74,90,1151,Cobble,SC1,1.18,2019-04-16 to 2022-04-28,4/16/2019,4/28/2022
51281,230000111744,After,2B,Riffle 2,32,113,96,57,90,914,Cobble,SC1,0,2024-10-16 to 2024-10-16,10/16/2024,NA
328,230000111744,Before,3,Riffle 3,32,113,96,57,90,914,Cobble,SC1,0.66,2019-04-16 to 2022-04-28,4/16/2019,4/28/2022
51104,230000111745,After,3,Riffle 3,32,96,94,43,90,833,Cobble,SC1,0,2024-10-16 to 2024-10-16,10/16/2024,NA
293,230000111745,Before,2,Riffle 2,32,96,94,43,90,833,Cobble,SC1,0.26,2019-04-16 to 2022-04-28,4/16/2019,4/28/2022
50213,230000111746,After,1,Riffle 1,32,111,68,59,90,775,Cobble,SC1,6.59,2023-04-24 to 2024-09-24,4/24/2023,9/24/2024
172,230000111746,Before,1,Riffle 1,32,111,68,59,90,775,Cobble,SC1,2.08,2019-04-16 to 2022-04-27,4/16/2019,4/27/2022
51215,230000111747,After,2A,Riffle 2,32,110,100,59,128,897,Cobble,SC2,0,2024-10-16 to 2024-10-16,10/16/2024,NA
202,230000111747,Before,2,Riffle 2,32,110,100,59,128,897,Cobble,SC2,0.36,2019-04-16 to 2022-04-28,4/16/2019,4/28/2022
51278,230000111748,After,2B,Riffle 2,32,154,99,80,128,1669,Cobble,SC2,0,2024-10-16 to 2024-10-16,10/16/2024,NA
361,230000111748,Before,3,Riffle 3,32,154,99,80,128,1669,Cobble,SC2,0.29,2019-04-16 to 2022-04-28,4/16/2019,4/28/2022
51285,230000111749,After,2B,Riffle 2,32,157,125,80,128,1961,Cobble,SC2,0,2024-10-16 to 2024-10-16,10/16/2024,NA
354,230000111749,Before,3,Riffle 3,32,157,125,80,128,1961,Cobble,SC2,4.32,2019-04-16 to 2022-04-28,4/16/2019,4/28/2022
50155,230000298004,After,2B,Riffle 2,32,285,182,120,256,11600,Cobble,LC2,462.77,2023-04-24 to 2024-09-24,4/24/2023,9/24/2024
50167,230000298005,After,2B,Riffle 2,32,183,158,100,256,4300,Cobble,LC2,716.52,2023-04-24 to 2024-09-24,4/24/2023,9/24/2024
50305,230000298006,After,GA1,GravelAug,32,264,167,82,256,8600,Cobble,LC2,5.13,2023-04-25 to 2024-09-24,4/25/2023,9/24/2024
51155,230000298009,After,3,Riffle 3,32,225,149,112,256,6900,Cobble,LC2,0,2024-10-16 to 2024-10-16,10/16/2024,NA
51195,230000298010,After,3,Riffle 3,32,310,175,65,256,10400,Cobble,LC2,0,2024-10-16 to 2024-10-16,10/16/2024,NA
50284,230000298011,After,1,Riffle 1,32,235,210,63,256,7400,Cobble,LC2,3.21,2023-04-24 to 2024-09-24,4/24/2023,9/24/2024
50176,230000298012,After,2B,Riffle 2,32,193,120,84,256,4900,Cobble,LC2,29.07,2023-04-24 to 2024-09-24,4/24/2023,9/24/2024
50265,230000298013,After,1,Riffle 1,32,225,170,104,256,9100,Cobble,LC2,1.65,2023-04-24 to 2024-09-24,4/24/2023,9/24/2024
51166,230000298015,After,3,Riffle 3,32,178,165,46,256,57000,Cobble,LC2,0,2024-10-16 to 2024-10-16,10/16/2024,NA
50322,230000298016,After,GA5,GravelAug,32,250,175,98,256,9700,Cobble,LC2,33.09,2023-04-25 to 2024-09-24,4/25/2023,9/24/2024
51117,230000298018,After,3,Riffle 3,32,260,185,115,256,6600,Cobble,LC2,0,2024-10-16 to 2024-10-16,10/16/2024,NA
51150,230000298019,After,3,Riffle 3,32,299,252,120,256,14900,Cobble,LC2,0,2024-10-16 to 2024-10-16,10/16/2024,NA
50211,231000039702,After,1,Riffle 1,14,42,38,25,32,42,Gravel,CG2,731.43,2023-04-24 to 2024-09-24,4/24/2023,9/24/2024
50368,231000039704,After,GA10,GravelAug,14,56,29,18,32,50,Gravel,CG2,0,2024-04-25 to 2024-04-25,4/25/2024,NA
50313,231000039706,After,GA2,GravelAug,14,46,27,26,32,66,Gravel,CG2,0,2023-04-25 to 2023-04-25,4/25/2023,NA
51130,231000039708,After,3,Riffle 3,14,45,32,25,32,60.5,Gravel,CG2,0,2024-10-16 to 2024-10-16,10/16/2024,NA
50264,231000039711,After,1,Riffle 1,14,38,34,22,32,44,Gravel,CG2,779.55,2023-04-24 to 2024-09-24,4/24/2023,9/24/2024
50301,231000039712,After,GA1,GravelAug,14,45,36,25,32,54.5,Gravel,CG2,7.84,2023-04-25 to 2024-09-24,4/25/2023,9/24/2024
50203,231000039714,After,1,Riffle 1,14,55,24,20,32,52.5,Gravel,CG2,277.08,2023-04-24 to 2024-09-24,4/24/2023,9/24/2024
50140,231000039715,After,2A,Riffle 2,14,61,31,17,32,42,Gravel,CG2,657.56,2023-04-24 to 2024-09-24,4/24/2023,9/24/2024
51034,231000039719,After,0,Riffle 0,14,57,39,19,45,74.5,Gravel,VCG1,0,2024-10-16 to 2024-10-16,10/16/2024,NA
50281,231000039720,After,1,Riffle 1,14,88,39,14,32,82,Gravel,CG2,216.42,2023-04-24 to 2024-09-24,4/24/2023,9/24/2024
51088,231000039721,After,0,Riffle 0,14,44,35,18,45,57.5,Gravel,VCG1,0,2024-10-16 to 2024-10-16,10/16/2024,NA
50103,231000039731,After,2A,Riffle 2,14,55,30,21,32,87.5,Gravel,CG2,0,2023-04-24 to 2023-04-24,4/24/2023,NA
50166,231000039732,After,2B,Riffle 2,14,43,38,19,32,46,Gravel,CG2,0,2023-04-24 to 2023-04-24,4/24/2023,NA
50223,231000039733,After,1,Riffle 1,14,47,37,20,32,50,Gravel,CG2,198.33,2023-04-24 to 2024-09-24,4/24/2023,9/24/2024
50108,231000039734,After,2A,Riffle 2,14,59,31,30,32,66,Gravel,CG2,0,2023-04-24 to 2023-04-24,4/24/2023,NA
50261,231000039735,After,1,Riffle 1,14,61,31,28,32,87.5,Gravel,CG2,1.57,2023-04-24 to 2024-09-24,4/24/2023,9/24/2024
50152,231000039736,After,2B,Riffle 2,14,49,36,20,32,55.5,Gravel,CG2,18.54,2023-04-24 to 2024-09-24,4/24/2023,9/24/2024
50201,231000039738,After,1,Riffle 1,14,45,34,23,32,53.5,Gravel,CG2,0.34,2023-04-24 to 2024-09-24,4/24/2023,9/24/2024
50159,231000039740,After,2B,Riffle 2,14,50,33,20,32,41,Gravel,CG2,309.42,2023-04-24 to 2024-09-24,4/24/2023,9/24/2024
50338,231000039741,After,Overflow 1A,Overflow,14,35,39,21,32,35.5,Gravel,CG2,0,2023-04-25 to 2023-04-25,4/25/2023,NA
51007,231000039742,After,0,Riffle 0,14,36,36,26,45,84,Gravel,VCG1,0,2024-10-16 to 2024-10-16,10/16/2024,NA
51144,231000039743,After,3,Riffle 3,14,54,35,18,32,51.5,Gravel,CG2,0,2024-10-16 to 2024-10-16,10/16/2024,NA
51102,231000039749,After,3,Riffle 3,14,53,28,12,32,43.5,Gravel,CG2,0,2024-10-16 to 2024-10-16,10/16/2024,NA
50307,231000039751,After,GA1,GravelAug,14,36,32,31,32,58,Gravel,CG2,6.35,2023-04-25 to 2023-09-27,4/25/2023,9/27/2023
50110,231000039756,After,2A,Riffle 2,14,51,31,27,32,59,Gravel,CG2,232.85,2023-04-24 to 2023-09-26,4/24/2023,9/26/2023
50232,231000039758,After,1,Riffle 1,14,40,33,18,32,40.5,Gravel,CG2,138.23,2023-04-24 to 2024-09-24,4/24/2023,9/24/2024
50241,231000039765,After,1,Riffle 1,14,46,30,22,32,44,Gravel,CG2,85.77,2023-04-24 to 2024-09-24,4/24/2023,9/24/2024
50351,231000039766,After,GA7,GravelAug,14,38,35,26,32,44,Gravel,CG2,407.56,2024-04-25 to 2024-09-24,4/25/2024,9/24/2024
51105,231000039767,After,3,Riffle 3,14,50,35,21,32,67,Gravel,CG2,0,2024-10-16 to 2024-10-16,10/16/2024,NA
51074,231000039772,After,0,Riffle 0,14,42,34,21,45,80.5,Gravel,VCG1,0,2024-10-16 to 2024-10-16,10/16/2024,NA
50106,231000039774,After,2A,Riffle 2,14,45,32,20,32,43.5,Gravel,CG2,0,2023-04-24 to 2023-04-24,4/24/2023,NA
51058,231000039778,After,0,Riffle 0,14,54,33,22,45,61,Gravel,VCG1,0,2024-10-16 to 2024-10-16,10/16/2024,NA
50243,231000039781,After,1,Riffle 1,14,52,28,24,32,57.5,Gravel,CG2,0.3,2023-04-24 to 2024-09-24,4/24/2023,9/24/2024
50126,231000039788,After,2A,Riffle 2,14,51,36,18,32,65,Gravel,CG2,717.6,2023-04-24 to 2024-09-24,4/24/2023,9/24/2024
51147,231000039789,After,3,Riffle 3,14,60,31,24,32,57,Gravel,CG2,0,2024-10-16 to 2024-10-16,10/16/2024,NA
51205,231000039792,After,2A,Riffle 2,14,42,29,23,32,40.5,Gravel,CG2,0,2024-10-16 to 2024-10-16,10/16/2024,NA
51163,231000039793,After,3,Riffle 3,14,61,35,26,32,81.5,Gravel,CG2,0,2024-10-16 to 2024-10-16,10/16/2024,NA
51183,231000039794,After,3,Riffle 3,14,42,33,21,45,79.5,Gravel,VCG1,0,2024-10-16 to 2024-10-16,10/16/2024,NA
51128,231000039796,After,3,Riffle 3,14,52,35,16,32,58,Gravel,CG2,0,2024-10-16 to 2024-10-16,10/16/2024,NA
