"Point","E","N","Elevation","Code","SurveyID","Date","Period","TagID","RiffleID","Site","TagSize_mm","A_Axis_mm","B_Axis_mm","C_Axis_mm","Gravelometer_mm","Weight_g","Particle_Class","Size_Class","Field_Movement","Hiding","Embedded","Buried","DetectionType","allNotes"
51300,2806339.83,1266540.49,"7460.25","PITRCK","Relocate 2025","9/16/2025","After",230000111712,"1","Riffle 1",32,176,113,74,"128",2062,"Cobble","SC2",0,0,0,0,"Trimble",""
51301,2806340.35,1266546.54,"7459","PITRCK","Relocate 2025","9/16/2025","After",231000039738,"1","Riffle 1",14,45,34,23,"32",53.5,"Gravel","CG2",0,0,0,1,"Trimble"," Approximate recap location."
51302,2806338.28,1266554.27,"7458.66","PITRCK","Relocate 2025","9/16/2025","After",230000111683,"1","Riffle 1",32,132,90,80,"128",1427,"Cobble","SC2",0,0,0,1,"Trimble"," Approximate recap location."
51303,2806064.48,1266520.15,"7456.88","PITRCK","Relocate 2025","9/16/2025","After",231000039714,"1","Riffle 1",14,55,24,20,"32",52.5,"Gravel","CG2",0,0,0,0,"Trimble",""
51305,2806331.49,1266566.36,"7459.28","PITRCK","Relocate 2025","9/16/2025","After",230000111708,"1","Riffle 1",32,181,124,84,"128",2277,"Cobble","SC2",0,0,0,0,"Trimble",""
51307,2806333.56,1266578.16,"7459.73","PITRCK","Relocate 2025","9/16/2025","After",230000111578,"1","Riffle 1",32,374,275,144,">256",19700,"Boulder","SB1",0,0,0,0,"Trimble",""
51308,2806328.94,1266581.22,"7459","PITRCK","Relocate 2025","9/16/2025","After",228000607513,"1","Riffle 1",23,91,60,38,"64",273,"Gravel","VCG2",0,0,0,1,"Trimble"," Approximate recap location."
51309,2806313.77,1266585.77,"7458.71","PITRCK","Relocate 2025","9/16/2025","After",226001370256,"1","Riffle 1",12,20,17,7,"16",2.964,"Gravel","MG2",0,0,0,1,"Trimble"," Approximate recap location."
51310,2806334.84,1266594.6,"7459.37","PITRCK","Relocate 2025","9/16/2025","After",230000111717,"1","Riffle 1",32,135,93,59,"90",1398,"Cobble","SC1",0,0,0,0,"Trimble",""
51311,2805607.47,1266527.9,"7458.6","PITRCK","Relocate 2025","9/16/2025","After",231000039702,"1","Riffle 1",14,42,38,25,"32",42,"Gravel","CG2",0,0,0,1,"Trimble"," Approximate recap location."
51312,2806332.46,1266607.87,"7459.02","PITRCK","Relocate 2025","9/16/2025","After",230000111562,"1","Riffle 1",32,197,169,68,"180",3575,"Cobble","LC1",0,1,0,0,"Trimble",""
51313,2806326.74,1266611.9,"7459.23","PITRCK","Relocate 2025","9/16/2025","After",230000111746,"1","Riffle 1",32,111,68,59,"90",775,"Cobble","SC1",0,0,0,0,"Trimble",""
51314,2806330.54,1266620.33,"7459.77","PITRCK","Relocate 2025","9/16/2025","After",230000111725,"1","Riffle 1",32,312,245,140,"256",18500,"Cobble","LC2",0,0,0,0,"Trimble",""
51316,2806208.88,1266599.15,"7457.95","PITRCK","Relocate 2025","9/16/2025","After",230000111631,"1","Riffle 1",32,97,56,50,"64",363,"Gravel","VCG2",0,0,0,0,"Trimble",""
51317,2806267.56,1266622.23,"7458.11","PITRCK","Relocate 2025","9/16/2025","After",228000607546,"1","Riffle 1",23,97,71,35,"64",338,"Gravel","VCG2",0,0,0,0,"Trimble",""
51318,2806328.93,1266653.79,"7459.33","PITRCK","Relocate 2025","9/16/2025","After",228000607532,"1","Riffle 1",23,90,55,42,"64",446,"Gravel","VCG2",0,1,0,0,"Trimble",""
51320,2806314.03,1266538.73,"7459.8","PITRCK","Relocate 2025","9/16/2025","After",230000111596,"1","Riffle 1",32,86,73,64,"90",548,"Cobble","SC1",0,0,0,0,"Trimble",""
51321,2805553.31,1266497.01,"7456.8","PITRCK","Relocate 2025","9/16/2025","After",226001370376,"1","Riffle 1",12,25,17,7,"16",5.594,"Gravel","MG2",0,0,0,1,"Trimble"," Approximate recap location."
51322,2806307.55,1266549.98,"7458.47","PITRCK","Relocate 2025","9/16/2025","After",230000111581,"1","Riffle 1",32,113,101,43,"90",755,"Cobble","SC1",0,0,0,1,"Trimble",""
51323,2806120.77,1266531.88,"7456.97","PITRCK","Relocate 2025","9/22/2025","After",231000039733,"1","Riffle 1",14,47,37,20,"32",50,"Gravel","CG2",1,0,0,1,"Trimble",""
51324,2806309.02,1266556.72,"7458.56","PITRCK","Relocate 2025","9/16/2025","After",230000111734,"1","Riffle 1",32,120,104,64,"128",1233,"Cobble","SC2",0,0,1,0,"Trimble",""
51328,2806304.43,1266592.45,"7459.03","PITRCK","Relocate 2025","9/16/2025","After",230000111575,"1","Riffle 1",32,135,96,53,"90",1034,"Cobble","SC1",0,0,0,1,"Trimble",""
51329,2806311.88,1266599.6,"7459.93","PITRCK","Relocate 2025","9/16/2025","After",230000111733,"1","Riffle 1",32,303,265,148,">256",15900,"Boulder","SB1",0,0,0,0,"Trimble",""
51331,2806271.68,1266620.8,"7458.68","PITRCK","Relocate 2025","9/16/2025","After",230000111700,"1","Riffle 1",32,131,82,56,"90",709,"Cobble","SC1",0,0,0,0,"Trimble",""
51332,2806207.74,1266595.61,"7457.56","PITRCK","Relocate 2025","9/16/2025","After",231000039758,"1","Riffle 1",14,40,33,18,"32",40.5,"Gravel","CG2",0,0,0,1,"Trimble",""
51333,2806304.22,1266626.32,"7458.94","PITRCK","Relocate 2025","9/16/2025","After",230000111668,"1","Riffle 1",32,177,112,67,"128",1929,"Cobble","SC2",0,0,0,0,"Trimble",""
51334,2806259.58,1266616.69,"7458.53","PITRCK","Relocate 2025","9/16/2025","After",228000607552,"1","Riffle 1",23,75,64,54,"64",543,"Gravel","VCG2",0,0,0,0,"Trimble",""
51335,2806224.755,1266586.71,"<Null>","PITRCK","Relocate 2025","9/16/2025","After",226001370277,"1","Riffle 1",12,23,15,13,"16",6.062,"Gravel","MG2",0,0,0,0,"Mobile","approximate coordinates from M4 Backpack. "
51336,2806293.31,1266642.91,"7457.95","PITRCK","Relocate 2025","9/16/2025","After",230000111545,"1","Riffle 1",32,121,71,58,"90",829,"Cobble","SC1",0,1,0,0,"Trimble",""
51337,2806303.76,1266653.45,"7458.99","PITRCK","Relocate 2025","9/16/2025","After",230000111540,"1","Riffle 1",32,119,82,59,"90",734,"Cobble","SC1",0,0,0,0,"Trimble",""
51338,2806300.61,1266660.14,"7459.26","PITRCK","Relocate 2025","9/16/2025","After",230000111735,"1","Riffle 1",32,141,117,56,"128",1706,"Cobble","SC2",0,1,0,0,"Trimble",""
51339,2806108.07,1266588.98,"7457.34","PITRCK","Relocate 2025","9/22/2025","After",226001370243,"1","Riffle 1",12,20,18,11,"16",4.967,"Gravel","MG2",0,0,0,1,"Trimble",""
51340,2806299.77,1266541.77,"7459.13","PITRCK","Relocate 2025","9/16/2025","After",230000111686,"1","Riffle 1",32,110,78,34,"90",601,"Cobble","SC1",0,0,0,0,"Trimble",""
51341,2806214.32,1266536.37,"7457.99","PITRCK","Relocate 2025","9/16/2025","After",231000039765,"1","Riffle 1",14,46,30,22,"32",44,"Gravel","CG2",0,0,0,1,"Trimble","tag could be damaged, trouble detecting. "
51342,2806298.16,1266551.92,"7458.92","PITRCK","Relocate 2025","9/16/2025","After",230000111592,"1","Riffle 1",32,213,113,49,"128",2412,"Cobble","SC2",0,0,0,0,"Trimble",""
51343,2806297.72,1266560.22,"7458.42","PITRCK","Relocate 2025","9/16/2025","After",231000039781,"1","Riffle 1",14,52,28,24,"32",57.5,"Gravel","CG2",0,0,0,1,"Trimble"," Approximate recap location."
51344,2806285.96,1266569.33,"7458.87","PITRCK","Relocate 2025","9/16/2025","After",230000111695,"1","Riffle 1",32,120,97,77,"90",1034,"Cobble","SC1",1,0,0,0,"Trimble",""
51346,2806293.25,1266584.43,"7458.6","PITRCK","Relocate 2025","9/16/2025","After",230000111555,"1","Riffle 1",32,109,71,69,"90",826,"Cobble","SC1",0,1,0,0,"Trimble",""
51347,2806293.69,1266594.59,"7459.16","PITRCK","Relocate 2025","9/16/2025","After",228000607507,"1","Riffle 1",23,65,45,42,"64",197,"Gravel","VCG2",0,0,0,1,"Trimble"," Approximate recap location."
51348,2806286.35,1266598.99,"7458.83","PITRCK","Relocate 2025","9/16/2025","After",230000111644,"1","Riffle 1",32,135,93,72,"90",1442,"Cobble","SC1",0,0,0,1,"Trimble",""
51349,2806210.14,1266582.67,"7457.7","PITRCK","Relocate 2025","9/16/2025","After",230000111698,"1","Riffle 1",32,89,82,70,"90",771,"Cobble","SC1",1,0,0,0,"Trimble",""
51350,2806289.87,1266613.38,"7458.97","PITRCK","Relocate 2025","9/22/2025","After",230000111614,"1","Riffle 1",32,306,205,256,"256",18900,"Cobble","LC2",0,0,0,0,"Trimble",""
51351,2806288.64,1266621.61,"7458.06","PITRCK","Relocate 2025","9/22/2025","After",228000607509,"1","Riffle 1",23,106,64,36,"64",440,"Gravel","VCG2",0,0,0,1,"Trimble"," Approximate recap location."
51352,2806136.26,1266595.7,"7457.72","PITRCK","Relocate 2025","9/22/2025","After",228000607549,"1","Riffle 1",23,72,50,38,"64",185,"Gravel","VCG2",0,1,0,0,"Trimble",""
51353,2806264.59,1266618.67,"7458.14","PITRCK","Relocate 2025","9/16/2025","After",228000607571,"1","Riffle 1",23,127,71,31,"64",415,"Gravel","VCG2",0,0,0,0,"Trimble",""
51354,2806271.5,1266622.77,"<Null>","PITRCK","Relocate 2025","9/15/2025","After",228000607541,"1","Riffle 1",23,91,64,40,"64",398,"Gravel","VCG2",0,0,0,0,"Mobile","approximate coordinates from M3 Packraft. "
51355,2806288.38,1266646.55,"7458.31","PITRCK","Relocate 2025","9/16/2025","After",228000607534,"1","Riffle 1",23,70,63,55,"64",654,"Gravel","VCG2",1,0,0,1,"Trimble",""
51356,2806287.53,1266649.89,"7458.57","PITRCK","Relocate 2025","9/16/2025","After",228000607577,"1","Riffle 1",23,94,66,23,"64",361,"Gravel","VCG2",0,0,0,0,"Trimble",""
51357,2806285.49,1266652.52,"7458.68","PITRCK","Relocate 2025","9/16/2025","After",226001370244,"1","Riffle 1",12,17,15,9,"16",3.148,"Gravel","MG2",1,0,0,1,"Trimble"," Approximate recap location."
51358,2806286.23,1266658.8,"7459.16","PITRCK","Relocate 2025","9/16/2025","After",228000607517,"1","Riffle 1",23,68,56,43,"64",241,"Gravel","VCG2",0,0,0,0,"Trimble",""
51359,2806287.69,1266663.07,"7459.17","PITRCK","Relocate 2025","9/16/2025","After",228000607560,"1","Riffle 1",23,82,64,37,"64",407,"Gravel","VCG2",0,0,0,0,"Trimble",""
51360,2806252.28,1266533.76,"7458.25","PITRCK","Relocate 2025","9/16/2025","After",230000111560,"1","Riffle 1",32,91,75,50,"64",337,"Gravel","VCG2",1,0,0,0,"Trimble",""
51361,2806257.55,1266537.89,"7458.66","PITRCK","Relocate 2025","9/16/2025","After",231000039735,"1","Riffle 1",14,61,31,28,"32",87.5,"Gravel","CG2",0,0,0,1,"Trimble",""
51362,2806257.56,1266542.21,"7458.61","PITRCK","Relocate 2025","9/16/2025","After",230000111566,"1","Riffle 1",32,134,115,43,"128",1003,"Cobble","SC2",0,0,0,0,"Trimble",""
51363,2806145.86,1266538.05,"7457.22","PITRCK","Relocate 2025","9/16/2025","After",228000607573,"1","Riffle 1",23,102,61,48,"64",550,"Gravel","VCG2",0,0,0,0,"Trimble",""
51365,2806253.33,1266560.13,"7459.26","PITRCK","Relocate 2025","9/16/2025","After",230000298013,"1","Riffle 1",32,225,170,104,"256",9100,"Cobble","LC2",0,0,0,0,"Trimble",""
51366,2806218.94,1266564.61,"7458.04","PITRCK","Relocate 2025","9/16/2025","After",228000607524,"1","Riffle 1",23,86,68,54,"64",562,"Gravel","VCG2",0,1,0,0,"Trimble",""
51367,2806165.98,1266560.49,"7457.26","PITRCK","Relocate 2025","9/22/2025","After",228000607535,"1","Riffle 1",23,74,54,36,"64",254,"Gravel","VCG2",0,0,0,1,"Trimble",""
51368,2806248.74,1266580.44,"7458.46","PITRCK","Relocate 2025","9/22/2025","After",230000111643,"1","Riffle 1",32,184,125,58,"128",2352,"Cobble","SC2",1,0,0,0,"Trimble",""
51369,2806247.51,1266581.69,"7458.34","PITRCK","Relocate 2025","9/16/2025","After",228000607505,"1","Riffle 1",23,94,61,41,"64",336,"Gravel","VCG2",0,0,0,0,"Trimble",""
51371,2806247.99,1266595.64,"7458.44","PITRCK","Relocate 2025","9/16/2025","After",230000111534,"1","Riffle 1",32,157,135,130,"180",3638,"Cobble","LC1",0,0,0,0,"Trimble",""
51372,2806246.56,1266603.21,"7458.34","PITRCK","Relocate 2025","9/16/2025","After",228000607565,"1","Riffle 1",23,94,58,56,"64",433,"Gravel","VCG2",0,0,0,1,"Trimble",""
51373,2806174.68,1266583.85,"7457.48","PITRCK","Relocate 2025","9/22/2025","After",228000607520,"1","Riffle 1",23,90,64,52,"64",543,"Gravel","VCG2",0,0,0,0,"Trimble",""
51374,2806241.62,1266614.79,"7458.11","PITRCK","Relocate 2025","9/16/2025","After",230000111541,"1","Riffle 1",32,356,290,138,">256",14100,"Boulder","SB1",0,0,0,0,"Trimble",""
51375,2806245.03,1266621.94,"7458.58","PITRCK","Relocate 2025","9/16/2025","After",230000111523,"1","Riffle 1",32,150,109,78,"128",1992,"Cobble","SC2",0,0,0,1,"Trimble",""
51376,2806224.991,1266616.944,"<Null>","PITRCK","Relocate 2025","9/16/2025","After",226001370219,"1","Riffle 1",12,34,22,19,"32",41.5,"Gravel","CG2",0,0,0,0,"Mobile","approximate coordinates from M4 Backpack. "
51377,2806210.9,1266616.16,"7458.66","PITRCK","Relocate 2025","9/16/2025","After",230000111684,"1","Riffle 1",32,198,117,64,"128",2248,"Cobble","SC2",0,0,0,0,"Trimble",""
51378,2805480.69,1266562.86,"7457.21","PITRCK","Relocate 2025","9/16/2025","After",226001370342,"1","Riffle 1",12,29,17,10,"16",7.81,"Gravel","MG2",0,0,0,1,"Trimble",""
51379,2806058.85,1266586.25,"7457.51","PITRCK","Relocate 2025","9/16/2025","After",230000111527,"1","Riffle 1",32,139,76,75,"90",1153,"Cobble","SC1",0,1,0,0,"Trimble",""
51380,2806239.35,1266524.5,"7459.14","PITRCK","Relocate 2025","9/16/2025","After",228000607516,"1","Riffle 1",23,81,63,55,"64",514,"Gravel","VCG2",0,0,0,0,"Trimble",""
51381,2806022.68,1266526.02,"7457.19","PITRCK","Relocate 2025","9/16/2025","After",231000039720,"1","Riffle 1",14,88,39,14,"32",82,"Gravel","CG2",0,0,0,1,"Trimble",""
51382,2806237.3,1266539.51,"7458.52","PITRCK","Relocate 2025","9/16/2025","After",230000111728,"1","Riffle 1",32,165,123,75,"180",2327,"Cobble","LC1",0,0,0,0,"Trimble",""
51383,2806219.94,1266543.54,"7458.08","PITRCK","Relocate 2025","9/16/2025","After",228000607537,"1","Riffle 1",23,95,61,35,"64",458,"Gravel","VCG2",0,1,0,0,"Trimble",""
51384,2806232.32,1266549.74,"7458.39","PITRCK","Relocate 2025","9/16/2025","After",230000298011,"1","Riffle 1",32,235,210,63,"256",7400,"Cobble","LC2",0,0,0,0,"Trimble",""
51386,2806087.42,1266540.52,"7457.02","PITRCK","Relocate 2025","9/16/2025","After",228000607533,"1","Riffle 1",23,89,65,52,"64",400,"Gravel","VCG2",0,1,0,0,"Trimble",""
51387,2806229.55,1266567.03,"7458.88","PITRCK","Relocate 2025","9/16/2025","After",230000111510,"1","Riffle 1",32,460,230,125,"256",17100,"Cobble","LC2",0,0,0,0,"Trimble",""
51388,2806224.29,1266571.95,"7458.51","PITRCK","Relocate 2025","9/16/2025","After",230000111624,"1","Riffle 1",32,157,152,82,"180",2584,"Cobble","LC1",1,0,0,0,"Trimble",""
51389,2806195.93,1266576.75,"7457.63","PITRCK","Relocate 2025","9/16/2025","After",230000111677,"1","Riffle 1",32,90,78,69,"90",608,"Cobble","SC1",0,0,0,0,"Trimble",""
51390,2806229.86,1266586.24,"7457.96","PITRCK","Relocate 2025","9/16/2025","After",230000111548,"1","Riffle 1",32,90,76,52,"90",530,"Cobble","SC1",0,0,0,1,"Trimble",""
51391,2806216.64,1266594.45,"7457.64","PITRCK","Relocate 2025","9/16/2025","After",230000111570,"1","Riffle 1",32,218,94,50,"128",2142,"Cobble","SC2",0,0,0,0,"Trimble",""
51392,2806227.4,1266601.35,"7457.85","PITRCK","Relocate 2025","9/16/2025","After",230000111716,"1","Riffle 1",32,129,116,60,"128",1338,"Cobble","SC2",0,1,0,0,"Trimble",""
51393,2806225.39,1266607.62,"7458.57","PITRCK","Relocate 2025","9/16/2025","After",230000111507,"1","Riffle 1",32,331,236,143,"256",11400,"Cobble","LC2",1,0,0,0,"Trimble",""
51395,2806219.33,1266616.74,"7458.18","PITRCK","Relocate 2025","9/16/2025","After",230000111594,"1","Riffle 1",32,135,67,55,"90",911,"Cobble","SC1",0,0,0,0,"Trimble",""
51397,2806221.89,1266629.07,"7458.34","PITRCK","Relocate 2025","9/16/2025","After",230000111567,"1","Riffle 1",32,128,104,33,"90",645,"Cobble","SC1",0,0,0,0,"Trimble",""
51399,2806148.72,1266610.72,"7458.48","PITRCK","Relocate 2025","9/16/2025","After",230000111648,"1","Riffle 1",32,101,88,34,"90",508,"Cobble","SC1",0,0,0,1,"Trimble",""
51400,2804575.59,1266602.9,"7454.93","PITRCK","Relocate 2025","9/17/2025","After",230000111599,"2A","Riffle 2A",32,135,120,75,"128",1877,"Cobble","SC2",1,0,0,0,"Trimble",""
51401,2803566.59,1266623.52,"7448.51","PITRCK","Relocate 2025","9/17/2025","After",228000607528,"2A","Riffle 2A",23,84,69,41,"64",409,"Gravel","VCG2",1,0,0,0,"Trimble",""
51402,2804567.22,1266592.71,"7454.62","PITRCK","Relocate 2025","9/17/2025","After",230000111738,"2A","Riffle 2A",32,140,110,77,"128",1999,"Cobble","SC2",0,1,0,0,"Trimble",""
51404,2803117.73,1266475.24,"7448.74","PITRCK","Relocate 2025","9/17/2025","After",228000607576,"2A","Riffle 2A",23,104,64,43,"64",599,"Gravel","VCG2",0,0,0,0,"Trimble","correct point, R1. "
51405,2804614.54,1266585.91,"7454.78","PITRCK","Relocate 2025","9/17/2025","After",230000111634,"2A","Riffle 2A",32,367,215,128,"256",16700,"Cobble","LC2",0,0,0,0,"Trimble",""
51407,2803614.96,1266656.6,"7448.32","PITRCK","Relocate 2025","9/17/2025","After",230000111658,"2A","Riffle 2A",32,90,83,56,"90",732,"Cobble","SC1",0,0,0,1,"Trimble",""
51409,2804498.41,1266563.82,"<Null>","PITRCK","Relocate 2025","9/17/2025","After",228000607558,"2A","Riffle 2A",23,88,73,38,"64",444,"Gravel","VCG2",0,0,0,0,"Mobile","approximate coordinates from M3 Backpack, previous detection from mobile packraft antenna. "
51410,2803233.53,1266490.85,"7449.56","PITRCK","Relocate 2025","9/17/2025","After",231000039756,"2A","Riffle 2A",14,51,31,27,"32",59,"Gravel","CG2",0,0,0,0,"Trimble","pit tag no longer attatched to rock removed from river. "
51411,2804626.44,1266556.24,"7456.18","PITRCK","Relocate 2025","9/17/2025","After",230000111645,"2A","Riffle 2A",32,134,101,91,"128",2037,"Cobble","SC2",0,0,0,0,"Trimble",""
51412,2804604.65,1266552.78,"7456.01","PITRCK","Relocate 2025","9/17/2025","After",228000607564,"2A","Riffle 2A",23,108,64,45,"64",477,"Gravel","VCG2",0,0,0,0,"Trimble",""
51414,2804603.86,1266563.62,"7455.46","PITRCK","Relocate 2025","9/17/2025","After",230000111719,"2A","Riffle 2A",32,165,110,61,"128",1712,"Cobble","SC2",0,0,0,0,"Trimble",""
51416,2802863.52,1266285.32,"<Null>","PITRCK","Relocate 2025","9/17/2025","After",228000607506,"2A","Riffle 2A",23,87,72,35,"64",423,"Gravel","VCG2",0,0,0,0,"Mobile","approximate coordinates from M3 Backpack, previous detection from mobile packraft antenna. "
51417,2803791.62,1266666.12,"7448.59","PITRCK","Relocate 2025","9/17/2025","After",230000111694,"2A","Riffle 2A",32,150,109,88,"128",1738,"Cobble","SC2",0,0,0,0,"Trimble",""
51418,2804600.19,1266587.02,"7454.75","PITRCK","Relocate 2025","9/17/2025","After",230000111729,"2A","Riffle 2A",32,346,280,115,">256",21300,"Boulder","SB1",0,0,0,0,"Trimble",""
51419,2803785.63,1266659.59,"7448.7","PITRCK","Relocate 2025","9/17/2025","After",230000111660,"2A","Riffle 2A",32,112,87,57,"90",727,"Cobble","SC1",0,0,0,1,"Trimble",""
51421,2804578.38,1266601.03,"7454.89","PITRCK","Relocate 2025","9/17/2025","After",230000111629,"2A","Riffle 2A",32,155,132,54,"128",1834,"Cobble","SC2",0,0,0,0,"Trimble",""
51422,2804451.99,1266568.62,"7453.36","PITRCK","Relocate 2025","9/17/2025","After",226001370257,"2A","Riffle 2A",12,26,20,9,"16",4.179,"Gravel","MG2",0,0,0,1,"Trimble"," Approximate recap location."
51423,2803326.43,1266565.1,"7448.95","PITRCK","Relocate 2025","9/17/2025","After",230000111718,"2A","Riffle 2A",32,85,72,57,"90",509,"Cobble","SC1",1,0,0,0,"Trimble",""
51425,2804573.76,1266610.52,"7455.29","PITRCK","Relocate 2025","9/17/2025","After",230000111603,"2A","Riffle 2A",32,181,125,100,"128",3827,"Cobble","SC2",0,0,0,0,"Trimble",""
51426,2803866.35,1266671.14,"7450.83","PITRCK","Relocate 2025","9/17/2025","After",231000039788,"2A","Riffle 2A",14,51,36,18,"32",65,"Gravel","CG2",0,0,0,1,"Trimble",""
51427,2804554.85,1266592.06,"7454.36","PITRCK","Relocate 2025","9/17/2025","After",230000111605,"2A","Riffle 2A",32,140,121,59,"128",1380,"Cobble","SC2",0,0,0,0,"Trimble",""
51428,2804572.47,1266594.36,"7455.37","PITRCK","Relocate 2025","9/17/2025","After",230000111515,"2A","Riffle 2A",32,395,265,205,"362",27100,"Boulder","SB1",0,0,0,0,"Trimble",""
51429,2804559.7,1266580.51,"7454.46","PITRCK","Relocate 2025","9/17/2025","After",230000111586,"2A","Riffle 2A",32,135,97,68,"128",1766,"Cobble","SC2",1,0,0,0,"Trimble",""
51430,2803112.06,1266390.15,"7448.73","PITRCK","Relocate 2025","9/17/2025","After",230000111583,"2A","Riffle 2A",32,85,61,55,"90",493,"Cobble","SC1",0,0,0,1,"Trimble"," Approximate recap location."
51432,2804543.31,1266564.06,"7454.43","PITRCK","Relocate 2025","9/17/2025","After",230000111547,"2A","Riffle 2A",32,168,111,53,"90",1488,"Cobble","SC1",0,0,0,0,"Trimble",""
51436,2804576.85,1266551.12,"7455.26","PITRCK","Relocate 2025","9/17/2025","After",230000111621,"2A","Riffle 2A",32,118,79,65,"90",1151,"Cobble","SC1",0,0,0,0,"Trimble",""
51437,2804510,1266596.12,"7455.71","PITRCK","Relocate 2025","9/17/2025","After",230000111657,"2A","Riffle 2A",32,100,72,42,"64",379,"Gravel","VCG2",0,1,0,0,"Trimble",""
51439,2804519.56,1266585.08,"7454.76","PITRCK","Relocate 2025","9/17/2025","After",230000111709,"2A","Riffle 2A",32,201,182,58,"180",3584,"Cobble","LC1",0,0,0,0,"Trimble",""
51440,2803868.49,1266660.88,"7450.5","PITRCK","Relocate 2025","9/17/2025","After",231000039715,"2A","Riffle 2A",14,61,31,17,"32",42,"Gravel","CG2",0,0,0,1,"Trimble",""
51442,2803815.33,1266673.44,"7449.7","PITRCK","Relocate 2025","9/17/2025","After",230000111732,"2A","Riffle 2A",32,210,158,107,"180",3929,"Cobble","LC1",0,0,0,0,"Trimble",""
51443,2804524.9,1266563.16,"7454.08","PITRCK","Relocate 2025","9/17/2025","After",230000111587,"2A","Riffle 2A",32,320,235,105,"256",11600,"Cobble","LC2",0,0,0,0,"Trimble",""
51444,2803657.68,1266626.39,"7448.28","PITRCK","Relocate 2025","9/17/2025","After",228000607539,"2A","Riffle 2A",23,110,63,31,"64",372,"Gravel","VCG2",0,0,0,0,"Trimble"," Approximate recap location."
51445,2804496.13,1266541.9,"7453.26","PITRCK","Relocate 2025","9/17/2025","After",230000111602,"2A","Riffle 2A",32,178,155,48,"180",2087,"Cobble","LC1",0,0,0,0,"Trimble",""
51446,2804035.15,1266630.35,"7452.26","PITRCK","Relocate 2025","9/17/2025","After",226001370298,"2A","Riffle 2A",12,18,17,10,"16",4.49,"Gravel","MG2",0,0,0,1,"Trimble"," Approximate recap location."
51447,2804490.12,1266541.85,"7453.09","PITRCK","Relocate 2025","9/17/2025","After",228000607569,"2A","Riffle 2A",23,99,78,44,"64",493,"Gravel","VCG2",1,0,0,0,"Trimble",""
51448,2803575.03,1266619.6,"7448.4","PITRCK","Relocate 2025","9/17/2025","After",228000607561,"2A","Riffle 2A",23,106,53,49,"64",350,"Gravel","VCG2",0,0,0,0,"Trimble",""
51449,2804515.49,1266536.06,"7455.02","PITRCK","Relocate 2025","9/17/2025","After",228000607547,"2A","Riffle 2A",23,80,70,43,"64",370,"Gravel","VCG2",1,0,0,0,"Trimble",""
51450,2804253.29,1266614.2,"7454.12","PITRCK","Relocate 2025","9/17/2025","After",228000607511,"2B","Riffle 2B",23,120,75,50,"64",466,"Gravel","VCG2",0,0,0,1,"Trimble"," Approximate recap location."
51451,2804251.38,1266610.48,"7453.39","PITRCK","Relocate 2025","9/17/2025","After",228000607570,"2B","Riffle 2B",23,75,63,48,"64",338,"Gravel","VCG2",0,0,0,1,"Trimble",""
51452,2804234.38,1266614.23,"7454.13","PITRCK","Relocate 2025","9/17/2025","After",231000039736,"2B","Riffle 2B",14,49,36,20,"32",55.5,"Gravel","CG2",0,0,0,0,"Trimble",""
51453,2803768.74,1266651.21,"7448.51","PITRCK","Relocate 2025","9/17/2025","After",230000111669,"2B","Riffle 2B",32,151,137,65,"128",2083,"Cobble","SC2",0,0,0,1,"Trimble"," Approximate recap location."
51454,2803530.34,1266641.49,"7448.19","PITRCK","Relocate 2025","9/17/2025","After",230000111584,"2B","Riffle 2B",32,145,141,67,"128",2105,"Cobble","SC2",0,0,0,1,"Trimble"," Approximate recap location."
51455,2803790.5,1266630.51,"7448.51","PITRCK","Relocate 2025","9/17/2025","After",230000298004,"2B","Riffle 2B",32,285,182,120,"256",11600,"Cobble","LC2",1,0,0,0,"Trimble",""
51456,2803471.37,1266663.57,"7449.11","PITRCK","Relocate 2025","9/17/2025","After",228000607554,"2B","Riffle 2B",23,81,64,30,"64",213,"Gravel","VCG2",0,0,0,1,"Trimble"," Approximate recap location."
51457,2803807.67,1266652.84,"7449.37","PITRCK","Relocate 2025","9/17/2025","After",230000111568,"2B","Riffle 2B",32,133,87,49,"90",784,"Cobble","SC1",0,0,0,1,"Trimble"," Approximate recap location."
51459,2803938.03,1266622.87,"7452.02","PITRCK","Relocate 2025","9/17/2025","After",231000039740,"2B","Riffle 2B",14,50,33,20,"32",41,"Gravel","CG2",0,0,0,1,"Trimble"," Approximate recap location."
51462,2803694.38,1266666.58,"7448.02","PITRCK","Relocate 2025","9/17/2025","After",228000607527,"2B","Riffle 2B",23,70,74,55,"64",425,"Gravel","VCG2",0,0,0,0,"Trimble"," Approximate recap location."
51463,2803547.89,1266644.97,"7448.53","PITRCK","Relocate 2025","9/17/2025","After",230000111606,"2B","Riffle 2B",32,147,108,64,"128",1636,"Cobble","SC2",0,0,0,0,"Trimble",""
51465,2803826.12,1266657.77,"7450.04","PITRCK","Relocate 2025","9/17/2025","After",230000111572,"2B","Riffle 2B",32,162,104,67,"128",1710,"Cobble","SC2",0,0,0,1,"Trimble"," Approximate recap location."
51467,2803516.8,1266659.94,"7448.24","PITRCK","Relocate 2025","9/17/2025","After",230000298005,"2B","Riffle 2B",32,183,158,100,"256",4300,"Cobble","LC2",0,0,0,1,"Trimble"," Approximate recap location."
51468,2804146.54,1266631.54,"7452.96","PITRCK","Relocate 2025","9/17/2025","After",230000111522,"2B","Riffle 2B",32,295,250,174,"256",16100,"Cobble","LC2",0,0,0,0,"Trimble",""
51469,2803118.39,1266449.58,"7449.8","PITRCK","Relocate 2025","9/17/2025","After",228000607504,"2B","Riffle 2B",23,77,65,40,"64",362,"Gravel","VCG2",0,0,0,1,"Trimble"," Approximate recap location."
51470,2802722.61,1266165.13,"<Null>","PITRCK","Relocate 2025","9/17/2025","After",228000607514,"2B","Riffle 2B",23,139,64,54,"64",813,"Gravel","VCG2",0,0,0,0,"Mobile","approximate coordinates from M3 Backpack, previous detection from mobile packraft antenna. "
51471,2803754.57,1266646.92,"7448.37","PITRCK","Relocate 2025","9/17/2025","After",230000111504,"2B","Riffle 2B",32,166,128,81,"128",2127,"Cobble","SC2",0,0,0,1,"Trimble",""
51474,2803122.85,1266464.17,"7449.13","PITRCK","Relocate 2025","9/17/2025","After",228000607540,"2B","Riffle 2B",23,100,67,46,"64",506,"Gravel","VCG2",0,0,0,1,"Trimble"," Approximate recap location."
51475,2803145.43,1266458.19,"7448.05","PITRCK","Relocate 2025","9/17/2025","After",228000607526,"2B","Riffle 2B",23,117,74,43,"64",561,"Gravel","VCG2",0,0,0,1,"Trimble"," Approximate recap location."
51476,2804171.14,1266637.59,"7453.52","PITRCK","Relocate 2025","9/17/2025","After",230000298012,"2B","Riffle 2B",32,193,120,84,"256",4900,"Cobble","LC2",0,0,0,0,"Trimble",""
51478,2804190.47,1266621.4,"7453.79","PITRCK","Relocate 2025","9/17/2025","After",230000111666,"2B","Riffle 2B",32,321,290,200,">256",18300,"Boulder","SB1",0,0,0,0,"Trimble",""
51479,2803098.02,1266453.58,"<Null>","PITRCK","Relocate 2025","9/16/2025","After",228000607572,"2B","Riffle 2B",23,75,68,37,"64",300,"Gravel","VCG2",0,0,0,0,"Mobile","approximate coordinates from M3 Packraft, previous detection from mobile packraft antenna. "
51480,2803651.29,1266642.6,"7448.49","PITRCK","Relocate 2025","9/17/2025","After",230000111705,"2B","Riffle 2B",32,160,84,69,"90",1747,"Cobble","SC1",0,0,0,0,"Trimble",""
51483,2804003.74,1266655.94,"7451.42","PITRCK","Relocate 2025","9/17/2025","After",230000111508,"2B","Riffle 2B",32,256,214,190,"256",16900,"Cobble","LC2",0,0,0,0,"Trimble",""
51485,2803846.66,1266650.71,"7450.6","PITRCK","Relocate 2025","9/17/2025","After",230000111703,"2B","Riffle 2B",32,114,85,37,"90",604,"Cobble","SC1",0,0,0,1,"Trimble"," Approximate recap location."
51487,2802849.18,1266239.12,"7447.66","PITRCK","Relocate 2025","9/17/2025","After",230000111696,"2B","Riffle 2B",32,103,89,59,"90",759,"Cobble","SC1",0,0,0,1,"Trimble"," Approximate recap location."
51491,2803441.54,1266630.79,"7448.42","PITRCK","Relocate 2025","9/17/2025","After",230000111604,"2B","Riffle 2B",32,195,62,56,"90",1437,"Cobble","SC1",1,0,0,0,"Trimble",""
51493,2804144.96,1266630.22,"7453.16","PITRCK","Relocate 2025","9/17/2025","After",230000111726,"2B","Riffle 2B",32,330,285,138,"362",32000,"Boulder","SB1",0,0,0,0,"Trimble",""
51494,2803279.76,1266545.24,"7448.87","PITRCK","Relocate 2025","9/17/2025","After",230000111681,"2B","Riffle 2B",32,100,65,55,"90",572,"Cobble","SC1",0,0,0,1,"Trimble",""
51497,2803464.59,1266629.99,"7448.46","PITRCK","Relocate 2025","9/17/2025","After",230000111673,"2B","Riffle 2B",32,139,96,75,"128",1437,"Cobble","SC2",1,0,0,0,"Trimble",""
51499,2804171.09,1266643.34,"7453.75","PITRCK","Relocate 2025","9/17/2025","After",230000111664,"2B","Riffle 2B",32,116,88,67,"90",904,"Cobble","SC1",1,0,0,0,"Trimble",""
51500,2804706.38,1266623.41,"7455.53","PITRCK","Relocate 2025","9/17/2025","After",230000111655,"2A","Riffle 2A",32,107,68,56,"90",697,"Cobble","SC1",0,0,0,0,"Trimble","Exclude this tag from analysis. Likely tampered with by angler. But include on allData_PITRocks survey file in case we find it again. Potentially reset this point to initial deployment for this year to make it usable in the future. "
51501,2804605.13,1266608.7,"7455.55","PITRCK","Relocate 2025","9/17/2025","After",230000111519,"2A","Riffle 2A",32,151,141,52,"128",1937,"Cobble","SC2",0,0,0,0,"Trimble",""
51502,2804605.85,1266602.92,"7455.03","PITRCK","Relocate 2025","9/17/2025","After",230000111591,"2A","Riffle 2A",32,150,122,61,"128",1204,"Cobble","SC2",0,0,0,0,"Trimble",""
51503,2804606.22,1266598.2,"7454.72","PITRCK","Relocate 2025","9/17/2025","After",230000111585,"2A","Riffle 2A",32,115,105,33,"90",770,"Cobble","SC1",0,0,0,0,"Trimble",""
51504,2804607.2,1266593.33,"7454.67","PITRCK","Relocate 2025","9/17/2025","After",230000111537,"2A","Riffle 2A",32,158,99,67,"128",1856,"Cobble","SC2",0,0,0,0,"Trimble",""
51505,2804607.51,1266588.68,"7454.23","PITRCK","Relocate 2025","9/17/2025","After",231000039792,"2A","Riffle 2A",14,42,29,23,"32",40.5,"Gravel","CG2",0,0,0,0,"Trimble",""
51506,2804608.73,1266583.48,"7454.69","PITRCK","Relocate 2025","9/17/2025","After",230000111573,"2A","Riffle 2A",32,137,93,55,"90",1165,"Cobble","SC1",1,0,0,0,"Trimble",""
51507,2804608.69,1266578.75,"7454.94","PITRCK","Relocate 2025","9/17/2025","After",230000111697,"2A","Riffle 2A",32,115,89,65,"128",985,"Cobble","SC2",1,0,0,0,"Trimble",""
51508,2804611,1266572.41,"7455.07","PITRCK","Relocate 2025","9/17/2025","After",230000111670,"2A","Riffle 2A",32,95,80,51,"90",627,"Cobble","SC1",0,0,0,1,"Trimble",""
51509,2804610.66,1266567.53,"7455.39","PITRCK","Relocate 2025","9/17/2025","After",230000111652,"2A","Riffle 2A",32,120,78,71,"90",861,"Cobble","SC1",0,0,0,0,"Trimble",""
51510,2804610.39,1266561.04,"7455.67","PITRCK","Relocate 2025","9/17/2025","After",230000111742,"2A","Riffle 2A",32,111,72,46,"90",646,"Cobble","SC1",1,0,0,0,"Trimble",""
51511,2804591.98,1266552.5,"7455.26","PITRCK","Relocate 2025","9/17/2025","After",226001370241,"2A","Riffle 2A",12,22,16,12,"16",5.082,"Gravel","MG2",0,0,0,0,"Trimble",""
51512,2804590.66,1266559.44,"7455.46","PITRCK","Relocate 2025","9/17/2025","After",230000111731,"2A","Riffle 2A",32,145,98,56,"128",1335,"Cobble","SC2",0,0,0,0,"Trimble",""
51513,2804589.48,1266565.29,"7455.38","PITRCK","Relocate 2025","9/17/2025","After",209000132772,"2A","Riffle 2A",23,186,132,87,"128",3700,"Cobble","SC2",0,0,0,0,"Trimble",""
51514,2804588.76,1266570.25,"7454.86","PITRCK","Relocate 2025","9/17/2025","After",230000111713,"2A","Riffle 2A",32,104,86,45,"90",730,"Cobble","SC1",0,0,0,0,"Trimble",""
51515,2804587.1,1266576.08,"7454.71","PITRCK","Relocate 2025","9/17/2025","After",230000111747,"2A","Riffle 2A",32,110,100,59,"128",897,"Cobble","SC2",1,0,0,0,"Trimble",""
51516,2804588.27,1266580.83,"7454.75","PITRCK","Relocate 2025","9/17/2025","After",230000111589,"2A","Riffle 2A",32,125,113,95,"128",2284,"Cobble","SC2",0,0,0,0,"Trimble",""
51517,2804587.65,1266586.17,"7454.96","PITRCK","Relocate 2025","9/17/2025","After",230000111564,"2A","Riffle 2A",32,109,85,42,"90",747,"Cobble","SC1",0,0,0,0,"Trimble",""
51518,2804587.03,1266591.63,"7455.29","PITRCK","Relocate 2025","9/17/2025","After",209000132797,"2A","Riffle 2A",23,411,280,220,">256",29700,"Boulder","SB1",0,0,0,0,"Trimble",""
51519,2804587.06,1266596.83,"7455","PITRCK","Relocate 2025","9/17/2025","After",209000133113,"2A","Riffle 2A",23,100,59,51,"90",629,"Cobble","SC1",0,0,0,0,"Trimble",""
51520,2804586.14,1266602.65,"7454.83","PITRCK","Relocate 2025","9/17/2025","After",230000111619,"2A","Riffle 2A",32,95,64,54,"90",460,"Cobble","SC1",1,1,0,0,"Trimble",""
51521,2804585.09,1266607.72,"7455.22","PITRCK","Relocate 2025","9/17/2025","After",228000607542,"2A","Riffle 2A",23,119,64,45,"64",469,"Gravel","VCG2",0,0,0,0,"Trimble",""
51522,2804566.17,1266609.7,"7455.27","PITRCK","Relocate 2025","9/17/2025","After",230000111743,"2A","Riffle 2A",32,119,97,74,"90",1151,"Cobble","SC1",0,0,0,0,"Trimble",""
51523,2804567.16,1266603.63,"7454.86","PITRCK","Relocate 2025","9/17/2025","After",228000607574,"2A","Riffle 2A",23,62,43,32,"64",140,"Gravel","VCG2",0,0,0,0,"Trimble",""
51524,2804569.34,1266597.75,"7454.75","PITRCK","Relocate 2025","9/17/2025","After",230000111620,"2A","Riffle 2A",32,159,120,46,"128",1290,"Cobble","SC2",0,0,0,0,"Trimble",""
51525,2804570.31,1266592.35,"7455.13","PITRCK","Relocate 2025","9/17/2025","After",230000111672,"2A","Riffle 2A",32,102,80,55,"90",831,"Cobble","SC1",0,0,0,0,"Trimble",""
51526,2804571.55,1266587.83,"7454.77","PITRCK","Relocate 2025","9/17/2025","After",230000111593,"2A","Riffle 2A",32,165,66,54,"90",1192,"Cobble","SC1",0,0,0,0,"Trimble",""
51527,2804572.43,1266583.25,"7454.77","PITRCK","Relocate 2025","9/17/2025","After",230000111625,"2A","Riffle 2A",32,118,106,77,"128",1218,"Cobble","SC2",1,0,0,0,"Trimble",""
51528,2804573.9,1266577.73,"7454.55","PITRCK","Relocate 2025","9/17/2025","After",228000607518,"2A","Riffle 2A",23,86,66,38,"64",NA,"Gravel","VCG2",1,1,0,0,"Trimble",""
51529,2804574.36,1266572.85,"7454.57","PITRCK","Relocate 2025","9/17/2025","After",226001370201,"2A","Riffle 2A",12,26,16,7,"16",3.799,"Gravel","MG2",0,0,0,0,"Trimble",""
51530,2804575.7,1266567.93,"7455","PITRCK","Relocate 2025","9/17/2025","After",230000111707,"2A","Riffle 2A",32,151,98,58,"90",1186,"Cobble","SC1",1,0,0,0,"Trimble",""
51531,2804575.21,1266562.84,"7454.71","PITRCK","Relocate 2025","9/17/2025","After",226001370208,"2A","Riffle 2A",12,20,18,15,"22.6",5.638,"Gravel","CG1",1,0,0,0,"Trimble",""
51532,2804578.78,1266557.45,"7455.24","PITRCK","Relocate 2025","9/17/2025","After",230000111546,"2A","Riffle 2A",32,135,108,38,"128",1187,"Cobble","SC2",0,0,0,0,"Trimble",""
51533,2804579.14,1266552.09,"7455.34","PITRCK","Relocate 2025","9/17/2025","After",230000111682,"2A","Riffle 2A",32,110,97,52,"90",812,"Cobble","SC1",0,0,0,0,"Trimble",""
51534,2804547.84,1266545.88,"7455.24","PITRCK","Relocate 2025","9/17/2025","After",230000111506,"2A","Riffle 2A",32,110,108,41,"128",941,"Cobble","SC2",1,0,0,0,"Trimble",""
51535,2804546.57,1266552.02,"7455.03","PITRCK","Relocate 2025","9/17/2025","After",230000111526,"2A","Riffle 2A",32,119,101,43,"90",1036,"Cobble","SC1",0,0,0,0,"Trimble",""
51536,2804545.79,1266557.51,"7454.57","PITRCK","Relocate 2025","9/17/2025","After",230000111739,"2A","Riffle 2A",32,99,86,33,"90",557,"Cobble","SC1",0,0,0,0,"Trimble",""
51537,2804542.56,1266568.55,"7454.37","PITRCK","Relocate 2025","9/17/2025","After",230000111501,"2A","Riffle 2A",32,148,110,100,"128",2344,"Cobble","SC2",1,0,0,0,"Trimble",""
51538,2804542.72,1266573.21,"7454.14","PITRCK","Relocate 2025","9/17/2025","After",230000111727,"2A","Riffle 2A",32,165,125,60,"128",2087,"Cobble","SC2",0,0,0,0,"Trimble",""
51539,2804542.15,1266578.64,"7454.15","PITRCK","Relocate 2025","9/17/2025","After",230000111636,"2A","Riffle 2A",32,141,97,83,"128",2024,"Cobble","SC2",0,0,0,0,"Trimble",""
51540,2804541.33,1266583.83,"7454.31","PITRCK","Relocate 2025","9/17/2025","After",230000111685,"2A","Riffle 2A",32,110,96,55,"90",873,"Cobble","SC1",0,0,0,0,"Trimble",""
51541,2804539.31,1266589.18,"7454.3","PITRCK","Relocate 2025","9/17/2025","After",230000111665,"2A","Riffle 2A",32,83,68,48,"90",400,"Cobble","SC1",1,0,0,0,"Trimble",""
51542,2804538.5,1266595.16,"7454.51","PITRCK","Relocate 2025","9/17/2025","After",230000111632,"2A","Riffle 2A",32,124,96,53,"90",802,"Cobble","SC1",0,0,0,1,"Trimble",""
51543,2804536.62,1266599.88,"7454.41","PITRCK","Relocate 2025","9/17/2025","After",230000111622,"2A","Riffle 2A",32,122,66,42,"90",555,"Cobble","SC1",0,0,0,1,"Trimble",""
51550,2804263.27,1266611,"7454.83","PITRCK","Relocate 2025","9/17/2025","After",230000111598,"2B","Riffle 2B",32,142,104,54,"128",1046,"Cobble","SC2",0,0,0,0,"Trimble",""
51551,2804261.81,1266604.82,"7454.23","PITRCK","Relocate 2025","9/17/2025","After",230000111691,"2B","Riffle 2B",32,145,105,63,"128",1716,"Cobble","SC2",1,0,0,0,"Trimble",""
51552,2804260.5,1266599.08,"7453.23","PITRCK","Relocate 2025","9/17/2025","After",230000111724,"2B","Riffle 2B",32,169,128,69,"128",2436,"Cobble","SC2",1,0,0,0,"Trimble",""
51553,2804259.75,1266591.94,"7452.97","PITRCK","Relocate 2025","9/17/2025","After",230000111654,"2B","Riffle 2B",32,114,105,95,"128",1678,"Cobble","SC2",1,0,0,0,"Trimble",""
51554,2804257.62,1266586.93,"7452.95","PITRCK","Relocate 2025","9/17/2025","After",228000607523,"2B","Riffle 2B",23,112,60,45,"64",579,"Gravel","VCG2",0,1,0,0,"Trimble",""
51555,2804256.42,1266581.91,"7452.8","PITRCK","Relocate 2025","9/17/2025","After",230000111569,"2B","Riffle 2B",32,94,71,67,"90",638,"Cobble","SC1",1,0,0,0,"Trimble",""
51556,2804256.28,1266576.93,"7452.82","PITRCK","Relocate 2025","9/17/2025","After",230000111740,"2B","Riffle 2B",32,145,94,62,"90",1384,"Cobble","SC1",0,0,0,0,"Trimble",""
51557,2804255.44,1266572.8,"7452.93","PITRCK","Relocate 2025","9/17/2025","After",230000111680,"2B","Riffle 2B",32,131,112,71,"128",1468,"Cobble","SC2",1,0,0,0,"Trimble",""
51558,2804253.94,1266568.46,"7453.44","PITRCK","Relocate 2025","9/17/2025","After",230000111710,"2B","Riffle 2B",32,107,85,63,"90",830,"Cobble","SC1",0,0,0,0,"Trimble",""
51559,2804252.93,1266562.05,"7453.76","PITRCK","Relocate 2025","9/17/2025","After",230000111582,"2B","Riffle 2B",32,115,113,51,"90",1007,"Cobble","SC1",0,0,0,0,"Trimble",""
51560,2804252.04,1266557.51,"7453.78","PITRCK","Relocate 2025","9/17/2025","After",230000111630,"2B","Riffle 2B",32,115,98,59,"90",1042,"Cobble","SC1",1,0,0,0,"Trimble",""
51561,2804250.18,1266551.6,"7454.33","PITRCK","Relocate 2025","9/17/2025","After",230000111600,"2B","Riffle 2B",32,107,90,49,"90",709,"Cobble","SC1",0,0,0,0,"Trimble",""
51562,2804227.81,1266556.55,"7454.27","PITRCK","Relocate 2025","9/17/2025","After",230000111662,"2B","Riffle 2B",32,136,83,60,"90",1117,"Cobble","SC1",1,0,0,0,"Trimble",""
51563,2804229.92,1266563.65,"7453.82","PITRCK","Relocate 2025","9/17/2025","After",209000132723,"2B","Riffle 2B",23,207,204,91,"180",5526,"Cobble","LC1",0,0,0,0,"Trimble",""
51564,2804231.49,1266569.32,"7453.02","PITRCK","Relocate 2025","9/17/2025","After",230000111511,"2B","Riffle 2B",32,106,93,80,"90",1175,"Cobble","SC1",0,0,0,0,"Trimble",""
51565,2804232.45,1266574.84,"7452.67","PITRCK","Relocate 2025","9/17/2025","After",230000111613,"2B","Riffle 2B",32,136,112,43,"90",1002,"Cobble","SC1",0,1,0,0,"Trimble",""
51566,2804234.21,1266580.53,"7452.45","PITRCK","Relocate 2025","9/17/2025","After",226001370276,"2B","Riffle 2B",12,25,20,10,"16",5.391,"Gravel","MG2",0,0,0,1,"Trimble"," Approximate recap location."
51567,2804235.62,1266586,"7452.71","PITRCK","Relocate 2025","9/17/2025","After",230000111607,"2B","Riffle 2B",32,113,100,63,"90",1093,"Cobble","SC1",0,1,0,0,"Trimble",""
51568,2804237.48,1266594.83,"7453.06","PITRCK","Relocate 2025","9/17/2025","After",230000111721,"2B","Riffle 2B",32,187,97,51,"90",1395,"Cobble","SC1",0,1,0,0,"Trimble",""
51569,2804239.3,1266603.31,"7453.2","PITRCK","Relocate 2025","9/17/2025","After",226001370273,"2B","Riffle 2B",12,18,15,9,"16",2.443,"Gravel","MG2",0,0,0,0,"Trimble"," Approximate recap location."
51571,2804205.93,1266628.38,"7453.94","PITRCK","Relocate 2025","9/17/2025","After",209000132802,"2B","Riffle 2B",23,184,155,105,"180",4768,"Cobble","LC1",0,0,0,0,"Trimble",""
51572,2804203.64,1266621.48,"7453.42","PITRCK","Relocate 2025","9/17/2025","After",228000607553,"2B","Riffle 2B",23,76,59,50,"64",435,"Gravel","VCG2",0,0,0,0,"Trimble",""
51573,2804202.04,1266617.61,"7453.69","PITRCK","Relocate 2025","9/17/2025","After",230000111692,"2B","Riffle 2B",32,111,81,77,"90",969,"Cobble","SC1",1,0,0,0,"Trimble",""
51574,2804199.71,1266611.02,"7453.58","PITRCK","Relocate 2025","9/17/2025","After",230000111687,"2B","Riffle 2B",32,167,118,59,"128",1363,"Cobble","SC2",0,0,0,0,"Trimble",""
51575,2804197.5,1266603.45,"7452.59","PITRCK","Relocate 2025","9/17/2025","After",226001370225,"2B","Riffle 2B",12,22,15,13,"16",5.19,"Gravel","MG2",1,0,0,0,"Trimble"," Approximate recap location."
51576,2804196.95,1266598.34,"7452.25","PITRCK","Relocate 2025","9/17/2025","After",226001370247,"2B","Riffle 2B",12,22,15,10,"16",3.018,"Gravel","MG2",1,0,0,1,"Trimble",""
51577,2804195.23,1266591.17,"7452.8","PITRCK","Relocate 2025","9/17/2025","After",230000111518,"2B","Riffle 2B",32,129,102,56,"90",1168,"Cobble","SC1",1,0,0,0,"Trimble",""
51578,2804192.21,1266584.39,"7452.92","PITRCK","Relocate 2025","9/17/2025","After",230000111748,"2B","Riffle 2B",32,154,99,80,"128",1669,"Cobble","SC2",1,0,0,0,"Trimble",""
51579,2804190.02,1266579.64,"7452.76","PITRCK","Relocate 2025","9/17/2025","After",230000111539,"2B","Riffle 2B",32,153,112,75,"128",1871,"Cobble","SC2",1,0,0,0,"Trimble",""
51580,2804186.81,1266572.26,"7453.62","PITRCK","Relocate 2025","9/17/2025","After",230000111528,"2B","Riffle 2B",32,116,93,67,"90",1027,"Cobble","SC1",0,0,0,0,"Trimble",""
51581,2804162.17,1266576.98,"7453.82","PITRCK","Relocate 2025","9/17/2025","After",230000111744,"2B","Riffle 2B",32,113,96,57,"90",914,"Cobble","SC1",1,0,0,0,"Trimble",""
51582,2804165.33,1266583.3,"7453.08","PITRCK","Relocate 2025","9/17/2025","After",230000111571,"2B","Riffle 2B",32,126,87,39,"90",849,"Cobble","SC1",0,0,0,0,"Trimble",""
51583,2804168.68,1266589.95,"7452.87","PITRCK","Relocate 2025","9/17/2025","After",230000111559,"2B","Riffle 2B",32,104,81,74,"90",892,"Cobble","SC1",1,0,0,0,"Trimble",""
51584,2804170.89,1266595.29,"7452.45","PITRCK","Relocate 2025","9/17/2025","After",230000111558,"2B","Riffle 2B",32,145,118,52,"128",1424,"Cobble","SC2",0,0,0,0,"Trimble",""
51585,2804175.06,1266600.78,"7452.97","PITRCK","Relocate 2025","9/17/2025","After",230000111749,"2B","Riffle 2B",32,157,125,80,"128",1961,"Cobble","SC2",0,0,0,0,"Trimble",""
51586,2804177.65,1266607.36,"7453.13","PITRCK","Relocate 2025","9/17/2025","After",230000111679,"2B","Riffle 2B",32,141,105,79,"128",1381,"Cobble","SC2",0,0,0,0,"Trimble",""
51587,2804177.34,1266613.85,"7453.27","PITRCK","Relocate 2025","9/17/2025","After",230000111550,"2B","Riffle 2B",32,107,91,42,"90",571,"Cobble","SC1",1,0,0,0,"Trimble",""
51588,2804182.78,1266618.93,"7453.24","PITRCK","Relocate 2025","9/17/2025","After",230000111667,"2B","Riffle 2B",32,153,114,52,"128",1347,"Cobble","SC2",0,0,0,0,"Trimble",""
51589,2804184.83,1266624.08,"7453.18","PITRCK","Relocate 2025","9/17/2025","After",230000111563,"2B","Riffle 2B",32,114,62,54,"90",634,"Cobble","SC1",0,0,0,0,"Trimble",""
51590,2804186.85,1266629.62,"7453.53","PITRCK","Relocate 2025","9/17/2025","After",230000111509,"2B","Riffle 2B",32,103,99,48,"90",750,"Cobble","SC1",0,0,0,0,"Trimble",""
51591,2804188.48,1266635.69,"7453.86","PITRCK","Relocate 2025","9/17/2025","After",230000111688,"2B","Riffle 2B",32,116,90,40,"90",655,"Cobble","SC1",0,0,0,0,"Trimble",""
51600,2805198.23,1266508.86,"7457.87","PITRCK","Relocate 2025","9/17/2025","After",209000133204,"GA1","Gravel Augmentation",23,66,55,45,"64",207.5,"Gravel","VCG2",0,0,0,0,"Trimble",""
51602,2805214.93,1266496.83,"7457.57","PITRCK","Relocate 2025","9/17/2025","After",209000133209,"GA1","Gravel Augmentation",23,124,118,87,"128",1659.5,"Cobble","SC2",0,0,0,0,"Trimble",""
51603,2805192.4,1266517.23,"7456.61","PITRCK","Relocate 2025","9/17/2025","After",209000133181,"GA1","Gravel Augmentation",23,115,81,58,"90",893,"Cobble","SC1",0,0,0,0,"Trimble",""
51605,2805185.81,1266502.85,"7457.59","PITRCK","Relocate 2025","9/17/2025","After",230000298006,"GA1","Gravel Augmentation",32,264,167,82,"256",8600,"Cobble","LC2",1,0,0,0,"Trimble",""
51606,2805177.74,1266497.95,"7454.97","PITRCK","Relocate 2025","9/17/2025","After",209000133155,"GA1","Gravel Augmentation",23,118,85,39,"90",868,"Cobble","SC1",0,0,0,0,"Trimble",""
51608,2805162.24,1266514.5,"7456.97","PITRCK","Relocate 2025","9/17/2025","After",209000133126,"GA1","Gravel Augmentation",23,196,92,78,"128",2591,"Cobble","SC2",1,0,0,0,"Trimble",""
51609,2805158.42,1266509.67,"7455.31","PITRCK","Relocate 2025","9/17/2025","After",209000133194,"GA1","Gravel Augmentation",23,85,66,42,"64",348,"Gravel","VCG2",0,0,0,0,"Trimble",""
51610,2804793.68,1266584.34,"7454.48","PITRCK","Relocate 2025","9/17/2025","After",209000133134,"GA2","Gravel Augmentation",23,63,51,34,"64",157,"Gravel","VCG2",0,0,0,1,"Trimble"," Approximate recap location."
51612,2803750.82,1266647.15,"7448.64","PITRCK","Relocate 2025","9/17/2025","After",209000133192,"GA2","Gravel Augmentation",32,117,105,60,"128",1101,"Cobble","SC2",0,0,0,1,"Trimble"," Approximate recap location."
51614,2804898.23,1266460.64,"7455.88","PITRCK","Relocate 2025","9/17/2025","After",209000133185,"GA3","Gravel Augmentation",23,99,63,40,"64",407,"Gravel","VCG2",0,0,0,0,"Trimble"," Approximate recap location."
51616,2804904.04,1266470.27,"7457.12","PITRCK","Relocate 2025","9/17/2025","After",209000133175,"GA3","Gravel Augmentation",23,159,105,68,"128",2043,"Cobble","SC2",0,0,0,1,"Trimble"," Approximate recap location."
51617,2804748.11,1266627.65,"7456.24","PITRCK","Relocate 2025","9/17/2025","After",209000133130,"GA4","Gravel Augmentation",23,80,60,36,"64",289,"Gravel","VCG2",0,0,0,1,"Trimble"," Approximate recap location."
51619,2803709.68,1266658.22,"7448.12","PITRCK","Relocate 2025","9/17/2025","After",209000133137,"GA4","Gravel Augmentation",23,165,74,64,"90",1338.5,"Cobble","SC1",0,0,0,1,"Trimble"," Approximate recap location."
51620,2804135.38,1266641.17,"7452.67","PITRCK","Relocate 2025","9/17/2025","After",209000133179,"GA4","Gravel Augmentation",23,84,58,47,"64",371,"Gravel","VCG2",0,0,0,0,"Trimble",""
51621,2804483.3,1266576.25,"7454.37","PITRCK","Relocate 2025","9/17/2025","After",209000133147,"GA5","Gravel Augmentation",23,65,61,41,"64",265.5,"Gravel","VCG2",1,0,0,0,"Trimble",""
51622,2804657.08,1266599.51,"7454.95","PITRCK","Relocate 2025","9/17/2025","After",230000298016,"GA5","Gravel Augmentation",32,250,175,98,"256",9700,"Cobble","LC2",0,0,0,0,"Trimble",""
51624,2804584.35,1266590.95,"7454.81","PITRCK","Relocate 2025","9/17/2025","After",209000133187,"GA5","Gravel Augmentation",23,95,94,40,"90",630.5,"Cobble","SC1",0,0,0,0,"Trimble",""
51626,2804173.73,1266623.44,"7452.85","PITRCK","Relocate 2025","9/17/2025","After",209000133110,"GA6","Gravel Augmentation",23,131,92,72,"128",1429,"Cobble","SC2",0,0,0,1,"Trimble",""
51628,2804367.67,1266553.17,"7452.89","PITRCK","Relocate 2025","9/17/2025","After",209000133191,"GA6","Gravel Augmentation",23,92,52,50,"64",543,"Gravel","VCG2",0,0,0,0,"Trimble",""
51629,2804188.56,1266604.1,"7452.88","PITRCK","Relocate 2025","9/17/2025","After",209000133151,"GA6","Gravel Augmentation",23,90,58,40,"64",295.5,"Gravel","VCG2",0,0,0,0,"Trimble",""
51630,2804193.22,1266526,"7455.43","PITRCK","Relocate 2025","9/17/2025","After",226001370205,"Overflow 1C","Gravel Augmentation",12,35,25,18,"32",45,"Gravel","CG2",0,0,0,1,"Trimble",""
51631,2804196.42,1266527.41,"7455.36","PITRCK","Relocate 2025","9/17/2025","After",226001370222,"Overflow 1C","Gravel Augmentation",12,26,18,11,"16",7.0078,"Gravel","MG2",0,0,0,1,"Trimble",""
51632,2804197.69,1266532.79,"7455.18","PITRCK","Relocate 2025","9/17/2025","After",226001370230,"Overflow 1C","Gravel Augmentation",12,47,29,16,"32",59,"Gravel","CG2",0,0,0,1,"Trimble",""
51635,2803097.63,1266404.77,"<Null>","PITRCK","Relocate 2025","9/16/2025","After",226001370259,"Overflow 1A","Gravel Augmentation",12,22,17,10,"16",4.273,"Gravel","MG2",0,0,0,0,"Mobile","approximate coordinates from M3 Packraft, previous detection from mobile packraft antenna. "
51636,2804583.87,1266514.09,"7456.21","PITRCK","Relocate 2025","9/17/2025","After",226001370291,"Overflow 1A","Gravel Augmentation",12,36,29,10,"32",32,"Gravel","CG2",1,0,0,0,"Trimble",""
51639,2802889.83,1266288.09,"7448.82","PITRCK","Relocate 2025","9/17/2025","After",226001370204,"Overflow 1A","Gravel Augmentation",12,21,18,10,"16",5.067,"Gravel","MG2",0,0,0,1,"Trimble",""
51651,2803123.48,1266408.44,"7449.04","PITRCK","Relocate 2025","9/17/2025","After",231000039766,"GA7","Gravel Augmentation",14,38,35,26,"32",44,"Gravel","CG2",0,0,0,1,"Trimble"," Approximate recap location."
51652,2803478.34,1266595.27,"7451.06","PITRCK","Relocate 2025","9/17/2025","After",230000111608,"GA7","Gravel Augmentation",32,160,123,71,"128",2236,"Cobble","SC2",0,0,0,0,"Trimble",""
51654,2803091.96,1266382.4,"7448.64","PITRCK","Relocate 2025","9/17/2025","After",209000132730,"GA9","Gravel Augmentation",23,213,165,116,"180",6700,"Cobble","LC1",0,0,0,0,"Trimble",""
51656,2803095.79,1266397.76,"7450.06","PITRCK","Relocate 2025","9/17/2025","After",230000111711,"GA9","Gravel Augmentation",32,155,106,45,"128",990,"Cobble","SC2",0,0,0,0,"Trimble",""
51657,2803097.59,1266398.94,"<Null>","PITRCK","Relocate 2025","9/17/2025","After",226001370262,"GA9","Gravel Augmentation",12,30,20,20,"22.6",18.5,"Gravel","CG1",0,0,0,0,"Mobile","approximate coordinates from M3 Packraft. "
51659,2803037,1266435.64,"7449.14","PITRCK","Relocate 2025","9/17/2025","After",230000111611,"GA8","Gravel Augmentation",32,105,76,43,"90",548,"Cobble","SC1",0,0,0,1,"Trimble",""
51661,2803057.2,1266429.77,"7450.51","PITRCK","Relocate 2025","9/17/2025","After",228000607522,"GA8","Gravel Augmentation",23,136,61,33,"64",516,"Gravel","VCG2",0,0,0,1,"Trimble",""
51662,2802562.87,1266085.16,"7447.13","PITRCK","Relocate 2025","9/17/2025","After",228000607519,"GA11","Gravel Augmentation",23,81,64,41,"64",437,"Gravel","VCG2",1,0,0,0,"Trimble",""
51664,2802576.72,1266071.87,"7447.46","PITRCK","Relocate 2025","9/17/2025","After",230000111502,"GA11","Gravel Augmentation",32,148,121,63,"128",2125,"Cobble","SC2",0,0,0,0,"Trimble",""
51666,2801639.2,1265852.94,"7443.06","PITRCK","Relocate 2025","9/17/2025","After",228000607500,"GA10","Gravel Augmentation",23,102,64,55,"64",373,"Gravel","VCG2",1,0,0,1,"Trimble",""
51667,2802592,1266171.47,"7449.1","PITRCK","Relocate 2025","9/17/2025","After",209000132759,"GA10","Gravel Augmentation",23,185,175,98,"180",5000,"Cobble","LC1",0,0,0,0,"Trimble",""
51671,2802009.73,1265834.77,"7443.52","PITRCK","Relocate 2025","9/17/2025","After",230000111553,"GA12","Gravel Augmentation",32,144,123,55,"128",1551,"Cobble","SC2",1,0,0,0,"Trimble",""
51700,2802537,1266135.43,"7447.87","PITRCK","Relocate 2025","9/18/2025","After",230000111574,"3","Riffle 3",32,122,118,43,"128",1033,"Cobble","SC2",0,0,0,0,"Trimble",""
51701,2802540.33,1266131.84,"7447.05","PITRCK","Relocate 2025","9/18/2025","After",230000111529,"3","Riffle 3",32,248,168,104,"180",5200,"Cobble","LC1",0,0,0,0,"Trimble",""
51702,2802543.37,1266127.61,"7446.62","PITRCK","Relocate 2025","9/18/2025","After",231000039749,"3","Riffle 3",14,53,28,12,"32",43.5,"Gravel","CG2",0,1,0,0,"Trimble",""
51703,2802545.67,1266123.77,"7446.84","PITRCK","Relocate 2025","9/18/2025","After",209000133173,"3","Riffle 3",23,81,60,51,"64",370.5,"Gravel","VCG2",0,0,0,0,"Trimble",""
51704,2802547.98,1266118.59,"7446.49","PITRCK","Relocate 2025","9/18/2025","After",230000111745,"3","Riffle 3",32,96,94,43,"90",833,"Cobble","SC1",1,0,0,0,"Trimble",""
51705,2802552.06,1266115.99,"7446.05","PITRCK","Relocate 2025","9/18/2025","After",231000039767,"3","Riffle 3",14,50,35,21,"32",67,"Gravel","CG2",0,0,0,0,"Trimble"," Approximate recap location."
51706,2802552.62,1266111.36,"7445.44","PITRCK","Relocate 2025","9/18/2025","After",230000111633,"3","Riffle 3",32,123,109,74,"128",1530,"Cobble","SC2",1,0,0,0,"Trimble",""
51707,2802557.75,1266108.59,"7445.9","PITRCK","Relocate 2025","9/18/2025","After",230000111542,"3","Riffle 3",32,102,71,69,"90",796,"Cobble","SC1",1,0,0,0,"Trimble",""
51708,2802559.33,1266103.96,"7445.52","PITRCK","Relocate 2025","9/18/2025","After",209000133189,"3","Riffle 3",23,79,57,39,"64",274.5,"Gravel","VCG2",1,0,0,0,"Trimble",""
51709,2802563.43,1266102.66,"7445.79","PITRCK","Relocate 2025","9/18/2025","After",226001370211,"3","Riffle 3",12,33,30,14,"32",36,"Gravel","CG2",1,0,0,1,"Trimble",""
51710,2802566.59,1266096.21,"7446.19","PITRCK","Relocate 2025","9/18/2025","After",226001370263,"3","Riffle 3",12,17,17,11,"16",3.727,"Gravel","MG2",1,0,0,1,"Trimble"," Approximate recap location."
51711,2802569.25,1266091.41,"7447.15","PITRCK","Relocate 2025","9/18/2025","After",209000133198,"3","Riffle 3",23,75,56,45,"64",317.5,"Gravel","VCG2",1,0,0,0,"Trimble",""
51712,2802575.29,1266082.75,"7447.49","PITRCK","Relocate 2025","9/18/2025","After",226001370297,"3","Riffle 3",12,20,15,14,"16",5.694,"Gravel","MG2",1,0,0,1,"Trimble",""
51713,2802581.02,1266071.71,"7447.59","PITRCK","Relocate 2025","9/18/2025","After",209000133195,"3","Riffle 3",23,73,46,44,"64",207,"Gravel","VCG2",1,0,0,0,"Trimble",""
51714,2802581.95,1266063.09,"7447.35","PITRCK","Relocate 2025","9/18/2025","After",230000111635,"3","Riffle 3",32,100,86,60,"90",643,"Cobble","SC1",1,0,0,0,"Trimble",""
51715,2802569.21,1266048.51,"7446.84","PITRCK","Relocate 2025","9/18/2025","After",209000133112,"3","Riffle 3",23,70,45,32,"45",113.5,"Gravel","VCG1",1,0,0,1,"Trimble",""
51716,2802564.46,1266054.02,"7446.56","PITRCK","Relocate 2025","9/18/2025","After",226001370254,"3","Riffle 3",12,22,14,12,"16",5.005,"Gravel","MG2",1,0,0,1,"Trimble"," Approximate recap location."
51717,2802559.82,1266062.42,"7447.16","PITRCK","Relocate 2025","9/18/2025","After",230000298018,"3","Riffle 3",32,260,185,115,"256",6600,"Cobble","LC2",0,0,0,0,"Trimble",""
51718,2802555.25,1266068.52,"7446.66","PITRCK","Relocate 2025","9/18/2025","After",209000133139,"3","Riffle 3",23,55,38,22,"45",128,"Gravel","VCG1",0,1,0,0,"Trimble",""
51719,2802551.22,1266075.62,"7446.25","PITRCK","Relocate 2025","9/18/2025","After",226001370258,"3","Riffle 3",12,20,13,11,"16",4.263,"Gravel","MG2",0,0,0,1,"Trimble",""
51720,2802545.35,1266080.26,"7446.33","PITRCK","Relocate 2025","9/18/2025","After",230000111597,"3","Riffle 3",32,130,76,70,"90",1058,"Cobble","SC1",1,0,0,0,"Trimble",""
51721,2802544.01,1266088.23,"7445.65","PITRCK","Relocate 2025","9/18/2025","After",230000111706,"3","Riffle 3",32,120,105,62,"128",1063,"Cobble","SC2",0,0,0,0,"Trimble",""
51722,2802541.18,1266094.01,"7445.39","PITRCK","Relocate 2025","9/18/2025","After",226001370265,"3","Riffle 3",12,21,18,11,"16",4.056,"Gravel","MG2",0,0,0,0,"Trimble"," Approximate recap location."
51723,2802537.51,1266099.61,"7445.54","PITRCK","Relocate 2025","9/18/2025","After",230000111627,"3","Riffle 3",32,151,80,39,"90",787,"Cobble","SC1",0,0,0,0,"Trimble",""
51724,2802533.32,1266104.62,"7446.11","PITRCK","Relocate 2025","9/18/2025","After",209000133133,"3","Riffle 3",23,88,51,35,"64",230.5,"Gravel","VCG2",1,0,0,0,"Trimble",""
51725,2802529.99,1266109.48,"7446.05","PITRCK","Relocate 2025","9/18/2025","After",209000133122,"3","Riffle 3",23,90,52,44,"64",332.5,"Gravel","VCG2",0,0,0,0,"Trimble",""
51726,2802526.81,1266114.59,"7446.44","PITRCK","Relocate 2025","9/18/2025","After",226001370252,"3","Riffle 3",12,25,18,10,"16",4.005,"Gravel","MG2",1,0,0,1,"Trimble"," Approximate recap location."
51727,2802523.4,1266118.44,"7447.44","PITRCK","Relocate 2025","9/18/2025","After",230000111674,"3","Riffle 3",32,297,226,193,"256",27800,"Cobble","LC2",0,0,0,0,"Trimble",""
51728,2802520.47,1266121.95,"7446.77","PITRCK","Relocate 2025","9/18/2025","After",231000039796,"3","Riffle 3",14,52,35,16,"32",58,"Gravel","CG2",0,0,0,0,"Trimble",""
51729,2802517.52,1266126.14,"7447.44","PITRCK","Relocate 2025","9/18/2025","After",209000133154,"3","Riffle 3",23,86,55,34,"64",294.5,"Gravel","VCG2",0,0,0,0,"Trimble",""
51730,2802502.61,1266113.79,"7447.39","PITRCK","Relocate 2025","9/18/2025","After",231000039708,"3","Riffle 3",14,45,32,25,"32",60.5,"Gravel","CG2",0,0,0,0,"Trimble",""
51731,2802505.59,1266109.2,"7446.86","PITRCK","Relocate 2025","9/18/2025","After",230000111514,"3","Riffle 3",32,107,96,62,"90",894,"Cobble","SC1",1,0,0,0,"Trimble",""
51732,2802508.56,1266103.74,"7446.91","PITRCK","Relocate 2025","9/18/2025","After",230000111612,"3","Riffle 3",32,135,99,82,"128",1821,"Cobble","SC2",1,0,0,0,"Trimble",""
51733,2802514.41,1266099.06,"7446.59","PITRCK","Relocate 2025","9/18/2025","After",230000111661,"3","Riffle 3",32,141,67,45,"90",711,"Cobble","SC1",1,0,0,0,"Trimble",""
51734,2802517.82,1266094.27,"7446.16","PITRCK","Relocate 2025","9/18/2025","After",226001370260,"3","Riffle 3",12,30,26,12,"32",33.5,"Gravel","CG2",0,0,0,0,"Trimble",""
51735,2802520.89,1266090.33,"7445.89","PITRCK","Relocate 2025","9/18/2025","After",230000111649,"3","Riffle 3",32,150,87,55,"90",1202,"Cobble","SC1",1,0,0,0,"Trimble",""
51736,2802524.05,1266086.68,"7445.9","PITRCK","Relocate 2025","9/18/2025","After",230000111538,"3","Riffle 3",32,186,126,93,"128",2956,"Cobble","SC2",0,0,0,0,"Trimble",""
51737,2802524.61,1266081.01,"7445.91","PITRCK","Relocate 2025","9/18/2025","After",230000111640,"3","Riffle 3",32,336,221,183,"256",18800,"Cobble","LC2",1,0,0,0,"Trimble",""
51738,2802530.04,1266078.96,"7445.65","PITRCK","Relocate 2025","9/18/2025","After",230000111601,"3","Riffle 3",32,129,115,45,"128",1232,"Cobble","SC2",1,0,0,0,"Trimble",""
51739,2802533.67,1266074.85,"7445.24","PITRCK","Relocate 2025","9/18/2025","After",230000111663,"3","Riffle 3",32,96,77,43,"90",526,"Cobble","SC1",1,0,0,0,"Trimble",""
51740,2802537.11,1266070.6,"7445.86","PITRCK","Relocate 2025","9/18/2025","After",209000133145,"3","Riffle 3",23,84,71,35,"64",359,"Gravel","VCG2",0,0,0,0,"Trimble",""
51741,2802541.52,1266062.85,"7446.17","PITRCK","Relocate 2025","9/18/2025","After",226001370370,"3","Riffle 3",12,25,17,13,"16",9.352,"Gravel","MG2",1,0,0,0,"Trimble",""
51742,2802547.09,1266051.87,"7446.78","PITRCK","Relocate 2025","9/18/2025","After",209000133202,"3","Riffle 3",23,70,55,44,"64",225,"Gravel","VCG2",0,0,0,0,"Trimble",""
51743,2802550.43,1266044.54,"7446.9","PITRCK","Relocate 2025","9/18/2025","After",230000111512,"3","Riffle 3",32,135,102,78,"128",1872,"Cobble","SC2",1,0,0,0,"Trimble",""
51744,2802533.86,1266031.04,"7446.66","PITRCK","Relocate 2025","9/18/2025","After",231000039743,"3","Riffle 3",14,54,35,18,"32",51.5,"Gravel","CG2",0,0,0,1,"Trimble",""
51745,2802528.79,1266039.86,"7446.4","PITRCK","Relocate 2025","9/18/2025","After",209000133166,"3","Riffle 3",23,51,44,24,"45",70.5,"Gravel","VCG1",0,0,0,0,"Trimble",""
51746,2802525.23,1266046.28,"7446.7","PITRCK","Relocate 2025","9/18/2025","After",230000111500,"3","Riffle 3",32,265,245,90,"256",12100,"Cobble","LC2",0,0,0,0,"Trimble",""
51747,2802522.34,1266052.24,"7445.92","PITRCK","Relocate 2025","9/18/2025","After",231000039789,"3","Riffle 3",14,60,31,24,"32",57,"Gravel","CG2",0,0,0,1,"Trimble",""
51748,2802518.67,1266057.81,"7445.5","PITRCK","Relocate 2025","9/18/2025","After",230000111580,"3","Riffle 3",32,115,103,61,"90",1055,"Cobble","SC1",0,0,0,0,"Trimble",""
51749,2802513.91,1266062.11,"7445.21","PITRCK","Relocate 2025","9/18/2025","After",230000111702,"3","Riffle 3",32,115,108,100,"128",1144,"Cobble","SC2",1,0,0,0,"Trimble",""
51750,2802513.55,1266064.96,"7445.9","PITRCK","Relocate 2025","9/18/2025","After",230000298019,"3","Riffle 3",32,299,252,120,"256",14900,"Cobble","LC2",1,0,0,0,"Trimble",""
51751,2802508.84,1266068.9,"7445.23","PITRCK","Relocate 2025","9/18/2025","After",230000111524,"3","Riffle 3",32,154,89,64,"90",1292,"Cobble","SC1",1,0,0,0,"Trimble",""
51752,2802509.01,1266075.83,"7446.02","PITRCK","Relocate 2025","9/18/2025","After",230000111554,"3","Riffle 3",32,375,265,193,">256",22700,"Boulder","SB1",0,0,0,0,"Trimble",""
51753,2802504.8,1266081.17,"7446.16","PITRCK","Relocate 2025","9/18/2025","After",228000607568,"3","Riffle 3",23,91,69,40,"64",384,"Gravel","VCG2",0,0,0,0,"Trimble",""
51754,2802501.77,1266085.58,"7446.11","PITRCK","Relocate 2025","9/18/2025","After",209000133150,"3","Riffle 3",23,65,36,24,"45",94,"Gravel","VCG1",0,0,0,0,"Trimble",""
51755,2802497.4,1266087.4,"7446.82","PITRCK","Relocate 2025","9/18/2025","After",230000298009,"3","Riffle 3",32,225,149,112,"256",6900,"Cobble","LC2",1,0,0,0,"Trimble",""
51756,2802495.17,1266092.98,"7446.22","PITRCK","Relocate 2025","9/18/2025","After",226001370246,"3","Riffle 3",12,21,17,11,"16",5.37,"Gravel","MG2",1,0,0,0,"Trimble",""
51757,2802492.81,1266096.2,"7446.76","PITRCK","Relocate 2025","9/18/2025","After",230000111616,"3","Riffle 3",32,153,135,74,"128",2113,"Cobble","SC2",0,0,0,0,"Trimble",""
51758,2802455.64,1266075.46,"7446.55","PITRCK","Relocate 2025","9/18/2025","After",226001370229,"3","Riffle 3",12,26,16,9,"16",4.223,"Gravel","MG2",1,0,0,1,"Trimble",""
51759,2802460.08,1266068.15,"7446.53","PITRCK","Relocate 2025","9/18/2025","After",209000133186,"3","Riffle 3",23,73,60,35,"64",286,"Gravel","VCG2",0,0,0,0,"Trimble",""
51760,2802462.99,1266063.18,"7445.93","PITRCK","Relocate 2025","9/18/2025","After",226001370270,"3","Riffle 3",12,39,29,12,"32",33,"Gravel","CG2",1,0,0,1,"Trimble",""
51761,2802465.92,1266057.69,"7446.15","PITRCK","Relocate 2025","9/18/2025","After",230000111565,"3","Riffle 3",32,311,241,149,"256",13100,"Cobble","LC2",0,0,0,0,"Trimble",""
51762,2802469.1,1266053.52,"7445.64","PITRCK","Relocate 2025","9/18/2025","After",230000111628,"3","Riffle 3",32,180,98,45,"90",1341,"Cobble","SC1",0,0,0,0,"Trimble",""
51763,2802471.57,1266049.5,"7445.17","PITRCK","Relocate 2025","9/18/2025","After",231000039793,"3","Riffle 3",14,61,35,26,"32",81.5,"Gravel","CG2",0,0,0,0,"Trimble"," Approximate recap location."
51764,2802471.35,1266044.96,"7445.14","PITRCK","Relocate 2025","9/18/2025","After",230000111543,"3","Riffle 3",32,109,88,33,"90",649,"Cobble","SC1",1,0,0,0,"Trimble",""
51765,2802476.83,1266042.64,"7444.72","PITRCK","Relocate 2025","9/18/2025","After",226001370226,"3","Riffle 3",12,41,22,14,"32",31,"Gravel","CG2",0,0,0,0,"Trimble"," Approximate recap location."
51766,2802480.15,1266037.94,"7445.17","PITRCK","Relocate 2025","9/18/2025","After",230000298015,"3","Riffle 3",32,178,165,46,"256",57000,"Cobble","LC2",1,0,0,0,"Trimble",""
51768,2802486.69,1266031.57,"7444.97","PITRCK","Relocate 2025","9/18/2025","After",226001370300,"3","Riffle 3",12,24,15,13,"16",5.791,"Gravel","MG2",0,0,0,0,"Trimble",""
51769,2802488.6,1266026.96,"7445.82","PITRCK","Relocate 2025","9/18/2025","After",228000607575,"3","Riffle 3",23,105,71,43,"64",522,"Gravel","VCG2",1,0,0,0,"Trimble",""
51770,2802491.76,1266021.66,"7445.99","PITRCK","Relocate 2025","9/18/2025","After",209000133170,"3","Riffle 3",23,122,76,38,"64",542.5,"Gravel","VCG2",0,0,0,0,"Trimble",""
51771,2802494.92,1266013.47,"7446.32","PITRCK","Relocate 2025","9/18/2025","After",209000133193,"3","Riffle 3",23,70,64,45,"64",346.5,"Gravel","VCG2",0,0,0,1,"Trimble",""
51772,2802479.36,1266001.14,"7446.27","PITRCK","Relocate 2025","9/18/2025","After",226001370268,"3","Riffle 3",12,18,16,12,"16",4.506,"Gravel","MG2",0,0,0,0,"Trimble",""
51773,2802475.06,1266007.75,"7445.66","PITRCK","Relocate 2025","9/18/2025","After",226001370248,"3","Riffle 3",12,28,28,26,"32",45,"Gravel","CG2",0,1,0,0,"Trimble",""
51774,2802472.4,1266013.13,"7445.48","PITRCK","Relocate 2025","9/18/2025","After",226001370282,"3","Riffle 3",12,39,28,18,"32",53,"Gravel","CG2",1,0,0,0,"Trimble",""
51775,2802469.46,1266017.36,"7445.02","PITRCK","Relocate 2025","9/18/2025","After",226001370283,"3","Riffle 3",12,30,29,17,"32",41.5,"Gravel","CG2",0,0,0,0,"Trimble",""
51776,2802463.3,1266018.1,"7444.61","PITRCK","Relocate 2025","9/18/2025","After",209000133178,"3","Riffle 3",23,76,60,33,"64",245.5,"Gravel","VCG2",1,0,0,0,"Trimble",""
51777,2802464.77,1266025.69,"7444.96","PITRCK","Relocate 2025","9/18/2025","After",230000111617,"3","Riffle 3",32,327,250,89,"256",9000,"Cobble","LC2",0,0,0,0,"Trimble",""
51778,2802461.2,1266031.79,"7444.76","PITRCK","Relocate 2025","9/18/2025","After",230000111659,"3","Riffle 3",32,164,139,68,"128",2411,"Cobble","SC2",0,0,0,0,"Trimble",""
51779,2802458.25,1266037.09,"7445","PITRCK","Relocate 2025","9/18/2025","After",226001370202,"3","Riffle 3",12,20,16,15,"16",5.569,"Gravel","MG2",1,1,0,0,"Trimble",""
51780,2802455.31,1266041.39,"7445.61","PITRCK","Relocate 2025","9/18/2025","After",230000111505,"3","Riffle 3",32,117,77,71,"90",941,"Cobble","SC1",0,0,0,0,"Trimble",""
51781,2802449.95,1266045.36,"7445.54","PITRCK","Relocate 2025","9/18/2025","After",226001370242,"3","Riffle 3",12,24,21,12,"16",4.828,"Gravel","MG2",1,0,0,0,"Trimble","moved by hand 1-2 ft.  Approximate recap location."
51782,2802449.67,1266049.87,"7446.04","PITRCK","Relocate 2025","9/18/2025","After",230000111513,"3","Riffle 3",32,148,93,75,"90",1599,"Cobble","SC1",0,0,0,0,"Trimble",""
51784,2802443.94,1266059.21,"7446.44","PITRCK","Relocate 2025","9/18/2025","After",230000111579,"3","Riffle 3",32,121,89,53,"90",906,"Cobble","SC1",0,0,0,0,"Trimble",""
51785,2802441.32,1266063.36,"7446.75","PITRCK","Relocate 2025","9/18/2025","After",230000111610,"3","Riffle 3",32,130,85,56,"90",936,"Cobble","SC1",0,0,0,0,"Trimble",""
51786,2802421.31,1266052.38,"7447.2","PITRCK","Relocate 2025","9/18/2025","After",230000111520,"3","Riffle 3",32,134,95,42,"90",1088,"Cobble","SC1",1,0,0,0,"Trimble",""
51787,2802424.34,1266048.12,"7446.45","PITRCK","Relocate 2025","9/18/2025","After",226001370220,"3","Riffle 3",12,22,15,10,"16",4.661,"Gravel","MG2",0,0,0,1,"Trimble",""
51788,2802428.23,1266041.8,"7446.19","PITRCK","Relocate 2025","9/18/2025","After",230000111533,"3","Riffle 3",32,98,93,48,"90",686,"Cobble","SC1",1,0,0,0,"Trimble",""
51789,2802432.74,1266033.95,"7445.85","PITRCK","Relocate 2025","9/18/2025","After",209000133177,"3","Riffle 3",23,87,66,41,"64",368,"Gravel","VCG2",0,0,0,0,"Trimble",""
51790,2802436.1,1266029.45,"7445.54","PITRCK","Relocate 2025","9/18/2025","After",209000133492,"3","Riffle 3",23,68,54,45,"64",212,"Gravel","VCG2",0,0,0,0,"Trimble",""
51791,2802438.71,1266025.65,"7445.2","PITRCK","Relocate 2025","9/18/2025","After",226001370217,"3","Riffle 3",12,39,31,14,"32",44.5,"Gravel","CG2",0,0,0,0,"Trimble",""
51792,2802440.01,1266020.94,"7445.21","PITRCK","Relocate 2025","9/18/2025","After",230000111557,"3","Riffle 3",32,330,277,129,">256",17300,"Boulder","SB1",1,0,0,0,"Trimble",""
51793,2802443.64,1266017.25,"7444.6","PITRCK","Relocate 2025","9/18/2025","After",209000133196,"3","Riffle 3",23,76,62,40,"64",296,"Gravel","VCG2",0,0,0,0,"Trimble",""
51794,2802446.52,1266012.89,"7444.96","PITRCK","Relocate 2025","9/18/2025","After",230000111637,"3","Riffle 3",32,168,104,67,"128",1687,"Cobble","SC2",0,0,0,0,"Trimble",""
51795,2802447.39,1266009.13,"7445.08","PITRCK","Relocate 2025","9/18/2025","After",230000298010,"3","Riffle 3",32,310,175,65,"256",10400,"Cobble","LC2",1,0,0,0,"Trimble",""
51796,2802450.62,1266005.8,"7445.11","PITRCK","Relocate 2025","9/18/2025","After",230000111699,"3","Riffle 3",32,185,124,79,"128",3653,"Cobble","SC2",0,0,0,0,"Trimble",""
51797,2802453.69,1266002.18,"7445.08","PITRCK","Relocate 2025","9/18/2025","After",230000111561,"3","Riffle 3",32,125,98,59,"90",1054,"Cobble","SC1",0,0,0,0,"Trimble",""
51798,2802456.91,1265996.38,"7445.4","PITRCK","Relocate 2025","9/18/2025","After",226001370385,"3","Riffle 3",12,22,17,13,"16",6.371,"Gravel","MG2",0,0,0,1,"Trimble",""
51799,2802460.2,1265991.51,"7446.01","PITRCK","Relocate 2025","9/18/2025","After",209000133201,"3","Riffle 3",23,94,65,45,"64",461.5,"Gravel","VCG2",1,0,0,0,"Trimble",""
51800,2808424.04,1266599.58,"7466.75","PITRCK","Relocate 2025","9/22/2025","After",230000111676,"0","Riffle 0",32,145,84,71,"90",1337,"Cobble","SC1",0,0,0,0,"Trimble",""
51801,2808426.4,1266592.21,"7466.38","PITRCK","Relocate 2025","9/22/2025","After",228000607556,"0","Riffle 0",23,51,49,46,"64",159,"Gravel","VCG2",1,0,0,0,"Trimble",""
51802,2808426.51,1266584.62,"7465.58","PITRCK","Relocate 2025","9/22/2025","After",230000111531,"0","Riffle 0",32,123,113,67,"128",1519,"Cobble","SC2",0,0,0,0,"Trimble",""
51803,2808425.94,1266578.55,"7466.34","PITRCK","Relocate 2025","9/22/2025","After",209000132800,"0","Riffle 0",23,285,220,197,">256",24100,"Boulder","SB1",1,0,0,0,"Trimble",""
51804,2808427.66,1266573.43,"7465.79","PITRCK","Relocate 2025","9/22/2025","After",228000607510,"0","Riffle 0",23,82,65,40,"64",401,"Gravel","VCG2",0,0,0,0,"Trimble",""
51805,2808428.38,1266568.52,"7466.09","PITRCK","Relocate 2025","9/22/2025","After",209000132794,"0","Riffle 0",23,129,126,110,"180",3000,"Cobble","LC1",0,0,0,0,"Trimble",""
51806,2808430.06,1266563.14,"7466.01","PITRCK","Relocate 2025","9/22/2025","After",230000111651,"0","Riffle 0",32,117,111,49,"90",767,"Cobble","SC1",0,0,0,0,"Trimble",""
51807,2808431.94,1266558.07,"7466.18","PITRCK","Relocate 2025","9/22/2025","After",231000039742,"0","Riffle 0",14,36,36,26,"45",84,"Gravel","VCG1",0,0,0,0,"Trimble",""
51808,2808432.77,1266552.9,"7466.31","PITRCK","Relocate 2025","9/22/2025","After",230000111715,"0","Riffle 0",32,168,117,70,"128",2178,"Cobble","SC2",0,0,0,0,"Trimble",""
51809,2808434.35,1266546.79,"7466.08","PITRCK","Relocate 2025","9/22/2025","After",209000133171,"0","Riffle 0",23,46,44,24,"45",55,"Gravel","VCG1",0,0,0,0,"Trimble",""
51810,2808434.88,1266542.8,"7466.06","PITRCK","Relocate 2025","9/22/2025","After",230000111521,"0","Riffle 0",32,203,83,83,"90",2179,"Cobble","SC1",0,0,0,0,"Trimble",""
51811,2808435.37,1266538.85,"7465.92","PITRCK","Relocate 2025","9/22/2025","After",226001370295,"0","Riffle 0",12,50,35,21,"32",44,"Gravel","CG2",0,0,0,0,"Trimble",""
51813,2808436.51,1266529.08,"7466.24","PITRCK","Relocate 2025","9/22/2025","After",226001370301,"0","Riffle 0",12,26,18,10,"16",6,"Gravel","MG2",0,0,0,1,"Trimble",""
51815,2808436.92,1266519.21,"7466.67","PITRCK","Relocate 2025","9/22/2025","After",226001370381,"0","Riffle 0",12,21,20,12,"22.6",6.5,"Gravel","CG1",1,1,0,0,"Trimble",""
51816,2808437.63,1266514.22,"7467.04","PITRCK","Relocate 2025","9/22/2025","After",226001370287,"0","Riffle 0",12,40,37,24,"32",36,"Gravel","CG2",0,0,0,1,"Trimble",""
51820,2808416.12,1266498.71,"7467.31","PITRCK","Relocate 2025","9/22/2025","After",226001370357,"0","Riffle 0",12,32,21,12,"22.6",9.5,"Gravel","CG1",1,0,0,1,"Trimble",""
51821,2808416.14,1266504.76,"7467.39","PITRCK","Relocate 2025","9/22/2025","After",209000133207,"0","Riffle 0",23,120,69,56,"90",768.5,"Cobble","SC1",1,0,0,0,"Trimble",""
51824,2808416.41,1266522.45,"7466.21","PITRCK","Relocate 2025","9/22/2025","After",226001370238,"0","Riffle 0",12,45,25,13,"22.6",22.5,"Gravel","CG1",1,1,0,0,"Trimble",""
51825,2808415.28,1266529.03,"7466.44","PITRCK","Relocate 2025","9/22/2025","After",209000132778,"0","Riffle 0",23,175,147,98,"180",4500,"Cobble","LC1",1,0,0,0,"Trimble",""
51826,2808413.5,1266534.31,"7465.79","PITRCK","Relocate 2025","9/22/2025","After",226001370393,"0","Riffle 0",12,31,17,12,"16",9.5,"Gravel","MG2",1,1,0,0,"Trimble",""
51827,2808407.71,1266536.45,"7466.02","PITRCK","Relocate 2025","9/22/2025","After",230000111595,"0","Riffle 0",32,158,98,49,"90",939,"Cobble","SC1",1,0,0,0,"Trimble",""
51828,2808413.37,1266545.6,"7465.95","PITRCK","Relocate 2025","9/22/2025","After",226001370302,"0","Riffle 0",12,28,18,10,"22.6",7.5,"Gravel","CG1",1,0,0,1,"Trimble",""
51829,2808411.29,1266549.43,"7466.07","PITRCK","Relocate 2025","9/22/2025","After",228000607536,"0","Riffle 0",23,70,68,51,"64",373,"Gravel","VCG2",1,1,0,0,"Trimble",""
51830,2808410.54,1266554.36,"7466.01","PITRCK","Relocate 2025","9/22/2025","After",230000111741,"0","Riffle 0",32,148,100,84,"128",1958,"Cobble","SC2",1,0,0,0,"Trimble",""
51831,2808412.17,1266559.09,"7466.58","PITRCK","Relocate 2025","9/22/2025","After",209000132717,"0","Riffle 0",23,318,176,124,"180",9300,"Cobble","LC1",0,0,0,1,"Trimble",""
51832,2808412.49,1266563.43,"7465.73","PITRCK","Relocate 2025","9/22/2025","After",226001370384,"0","Riffle 0",12,27,20,10,"22.6",8,"Gravel","CG1",1,0,0,1,"Trimble",""
51833,2808411.53,1266567.99,"7466.1","PITRCK","Relocate 2025","9/22/2025","After",209000133200,"0","Riffle 0",23,56,45,32,"64",174,"Gravel","VCG2",0,1,0,0,"Trimble",""
51836,2808408.76,1266581.33,"7465.71","PITRCK","Relocate 2025","9/22/2025","After",226001370336,"0","Riffle 0",12,26,15,13,"16",7,"Gravel","MG2",0,1,0,0,"Trimble",""
51838,2808406.57,1266593.25,"7466.63","PITRCK","Relocate 2025","9/22/2025","After",226001370371,"0","Riffle 0",12,25,23,13,"22.6",7,"Gravel","CG1",0,1,0,0,"Trimble",""
51839,2808405.14,1266599.83,"7467.12","PITRCK","Relocate 2025","9/22/2025","After",230000111722,"0","Riffle 0",32,81,59,42,"64",385,"Gravel","VCG2",0,0,0,0,"Trimble",""
51840,2808384.88,1266601.63,"7467.07","PITRCK","Relocate 2025","9/22/2025","After",226001370307,"0","Riffle 0",12,97,76,26,"64",274.5,"Gravel","VCG2",0,1,0,0,"Trimble",""
51841,2808384.02,1266596.8,"7466.73","PITRCK","Relocate 2025","9/22/2025","After",226001370399,"0","Riffle 0",12,42,26,23,"32",33.5,"Gravel","CG2",1,1,0,0,"Trimble",""
51842,2808385.65,1266590.83,"7466.64","PITRCK","Relocate 2025","9/22/2025","After",228000607559,"0","Riffle 0",23,63,54,45,"64",235,"Gravel","VCG2",0,1,0,0,"Trimble",""
51843,2808387.51,1266585.28,"7466.41","PITRCK","Relocate 2025","9/22/2025","After",228000607501,"0","Riffle 0",23,78,52,34,"64",212,"Gravel","VCG2",0,1,0,0,"Trimble",""
51844,2808387.61,1266580.28,"7466.08","PITRCK","Relocate 2025","9/22/2025","After",228000607562,"0","Riffle 0",23,74,50,36,"45",173,"Gravel","VCG1",0,1,0,0,"Trimble",""
51845,2808388.98,1266574.61,"7465.92","PITRCK","Relocate 2025","9/22/2025","After",209000133128,"0","Riffle 0",23,65,41,25,"45",73,"Gravel","VCG1",0,1,0,0,"Trimble",""
51846,2808389.83,1266570.31,"7465.9","PITRCK","Relocate 2025","9/22/2025","After",226001370251,"0","Riffle 0",12,49,32,16,"32",32.5,"Gravel","CG2",0,0,0,1,"Trimble",""
51847,2808390.17,1266566.11,"7466.44","PITRCK","Relocate 2025","9/22/2025","After",209000132724,"0","Riffle 0",23,214,160,80,"180",4700,"Cobble","LC1",1,0,0,0,"Trimble",""
51848,2808392.5,1266561.19,"7466.06","PITRCK","Relocate 2025","9/22/2025","After",226001370362,"0","Riffle 0",12,25,18,15,"22.6",8,"Gravel","CG1",0,0,0,1,"Trimble",""
51849,2808394.95,1266556.26,"7466.66","PITRCK","Relocate 2025","9/22/2025","After",209000132728,"0","Riffle 0",23,336,224,183,">256",26700,"Boulder","SB1",0,0,0,0,"Trimble",""
51850,2808396.1,1266551.17,"7465.63","PITRCK","Relocate 2025","9/22/2025","After",226001370239,"0","Riffle 0",12,46,33,19,"45",76,"Gravel","VCG1",0,0,0,0,"Trimble",""
51851,2808396.12,1266547.16,"7465.79","PITRCK","Relocate 2025","9/22/2025","After",230000111532,"0","Riffle 0",32,134,126,67,"128",1534,"Cobble","SC2",0,0,0,0,"Trimble",""
51852,2808395.42,1266542.82,"7465.8","PITRCK","Relocate 2025","9/22/2025","After",228000607566,"0","Riffle 0",23,79,41,35,"45",159,"Gravel","VCG1",1,1,0,0,"Trimble",""
51853,2808396.2,1266536.98,"7465.56","PITRCK","Relocate 2025","9/22/2025","After",226001370328,"0","Riffle 0",12,28,17,16,"22.6",10,"Gravel","CG1",0,0,0,1,"Trimble",""
51854,2808395.69,1266532.04,"7465.75","PITRCK","Relocate 2025","9/22/2025","After",226001370305,"0","Riffle 0",12,66,33,18,"32",55.5,"Gravel","CG2",0,1,0,0,"Trimble",""
51855,2808393.92,1266525.91,"7466.18","PITRCK","Relocate 2025","9/22/2025","After",230000111549,"0","Riffle 0",32,82,76,75,"90",643,"Cobble","SC1",1,1,0,0,"Trimble",""
51856,2808395.46,1266521.2,"7466.11","PITRCK","Relocate 2025","9/22/2025","After",226001370358,"0","Riffle 0",12,38,24,19,"32",29,"Gravel","CG2",1,1,0,0,"Trimble",""
51857,2808398.52,1266512.21,"7466.77","PITRCK","Relocate 2025","9/22/2025","After",230000111647,"0","Riffle 0",32,170,140,55,"128",2193,"Cobble","SC2",1,0,0,0,"Trimble","moved upstream, likely tampered with. "
51858,2808397.13,1266509.08,"7466.66","PITRCK","Relocate 2025","9/22/2025","After",231000039778,"0","Riffle 0",14,54,33,22,"45",61,"Gravel","VCG1",1,0,0,1,"Trimble",""
51859,2808394.18,1266505.81,"7466.75","PITRCK","Relocate 2025","9/22/2025","After",226001370274,"0","Riffle 0",12,39,29,19,"32",31,"Gravel","CG2",1,1,0,0,"Trimble",""
51860,2808344.56,1266596.14,"7466.8","PITRCK","Relocate 2025","9/22/2025","After",209000132746,"0","Riffle 0",23,226,175,143,">256",10700,"Boulder","SB1",1,1,0,0,"Trimble",""
51861,2808344.96,1266591.31,"7466.3","PITRCK","Relocate 2025","9/22/2025","After",226001370255,"0","Riffle 0",12,29,19,14,"16",8.435,"Gravel","MG2",0,0,0,1,"Trimble",""
51862,2808345.9,1266585.51,"7466.59","PITRCK","Relocate 2025","9/22/2025","After",230000111701,"0","Riffle 0",32,144,135,89,"128",2792,"Cobble","SC2",1,1,0,0,"Trimble",""
51863,2808347.39,1266580.07,"7465.72","PITRCK","Relocate 2025","9/22/2025","After",209000133124,"0","Riffle 0",23,61,53,25,"45",110.5,"Gravel","VCG1",0,0,0,1,"Trimble",""
51864,2808348.03,1266574.43,"7465.69","PITRCK","Relocate 2025","9/22/2025","After",230000111689,"0","Riffle 0",32,141,84,37,"90",888,"Cobble","SC1",0,1,0,0,"Trimble","used to be in riffle 1, now gravel aug"
51865,2808348.47,1266569.48,"7465.42","PITRCK","Relocate 2025","9/22/2025","After",230000111615,"0","Riffle 0",32,134,115,42,"128",986,"Cobble","SC2",0,1,0,0,"Trimble",""
51866,2808349.52,1266564.07,"7465.55","PITRCK","Relocate 2025","9/22/2025","After",230000111609,"0","Riffle 0",32,104,76,53,"90",580,"Cobble","SC1",0,1,0,0,"Trimble",""
51867,2808350.42,1266561.03,"7465.65","PITRCK","Relocate 2025","9/22/2025","After",230000111730,"0","Riffle 0",32,120,114,65,"128",1278,"Cobble","SC2",1,0,0,0,"Trimble",""
51868,2808350.86,1266556.32,"7465.42","PITRCK","Relocate 2025","9/22/2025","After",230000111577,"0","Riffle 0",32,102,78,45,"90",546,"Cobble","SC1",0,1,0,0,"Trimble",""
51869,2808351.04,1266551.28,"7465.69","PITRCK","Relocate 2025","9/22/2025","After",209000132718,"0","Riffle 0",23,210,149,100,"180",3500,"Cobble","LC1",1,0,0,0,"Trimble",""
51870,2808352.97,1266546.78,"7465.51","PITRCK","Relocate 2025","9/22/2025","After",228000607515,"0","Riffle 0",23,61,57,54,"64",362,"Gravel","VCG2",0,1,0,0,"Trimble",""
51871,2808353.59,1266543.3,"7465.74","PITRCK","Relocate 2025","9/22/2025","After",209000132788,"0","Riffle 0",23,212,185,97,"180",3800,"Cobble","LC1",0,1,0,0,"Trimble",""
51872,2808349.95,1266537.17,"7465.05","PITRCK","Relocate 2025","9/22/2025","After",226001370347,"0","Riffle 0",12,24,20,15,"22.6",9,"Gravel","CG1",1,0,0,1,"Trimble","Found rock, didn't read tag, may be damaged.  Approximate recap location."
51873,2808356.13,1266533.29,"7465.84","PITRCK","Relocate 2025","9/22/2025","After",230000111517,"0","Riffle 0",32,142,136,46,"128",1173,"Cobble","SC2",0,0,0,0,"Trimble",""
51874,2808353.22,1266529.51,"7465.71","PITRCK","Relocate 2025","9/22/2025","After",231000039772,"0","Riffle 0",14,42,34,21,"45",80.5,"Gravel","VCG1",0,0,0,1,"Trimble",""
51875,2808356.35,1266523.82,"7465.76","PITRCK","Relocate 2025","9/22/2025","After",226001370354,"0","Riffle 0",12,24,19,13,"16",5,"Gravel","MG2",0,0,0,1,"Trimble",""
51876,2808356.6,1266518.27,"7466.13","PITRCK","Relocate 2025","9/22/2025","After",230000111736,"0","Riffle 0",32,155,109,66,"128",1789,"Cobble","SC2",0,1,0,0,"Trimble",""
51877,2808356.75,1266512.17,"7466.21","PITRCK","Relocate 2025","9/22/2025","After",226001370279,"0","Riffle 0",12,60,38,19,"32",65.5,"Gravel","CG2",1,1,0,0,"Trimble",""
51878,2808356.64,1266505.53,"7466.12","PITRCK","Relocate 2025","9/22/2025","After",226001370323,"0","Riffle 0",12,31,19,13,"16",9,"Gravel","MG2",0,0,0,1,"Trimble",""
51879,2808356.85,1266499.95,"7466.63","PITRCK","Relocate 2025","9/22/2025","After",230000111618,"0","Riffle 0",32,115,108,78,"128",1109,"Cobble","SC2",0,1,0,0,"Trimble",""
51880,2808338.25,1266498.2,"7465.96","PITRCK","Relocate 2025","9/22/2025","After",209000133163,"0","Riffle 0",23,61,56,41,"64",218.5,"Gravel","VCG2",0,1,0,0,"Trimble",""
51881,2808337.46,1266504.38,"7465.88","PITRCK","Relocate 2025","9/22/2025","After",230000111556,"0","Riffle 0",32,116,113,59,"128",1187,"Cobble","SC2",0,0,0,0,"Trimble",""
51882,2808336.72,1266509.17,"7465.89","PITRCK","Relocate 2025","9/22/2025","After",226001370231,"0","Riffle 0",12,35,34,20,"32",32.5,"Gravel","CG2",0,1,0,0,"Trimble",""
51883,2808335.82,1266513.15,"7466.22","PITRCK","Relocate 2025","9/22/2025","After",230000111737,"0","Riffle 0",32,169,138,82,"128",2929,"Cobble","SC2",1,0,0,0,"Trimble","used to be in riffle 1, now gravel aug"
51884,2808334.32,1266520.03,"7465.78","PITRCK","Relocate 2025","9/22/2025","After",226001370209,"0","Riffle 0",12,52,34,27,"32",50.5,"Gravel","CG2",1,1,0,0,"Trimble",""
51885,2808334.89,1266526.33,"7465.71","PITRCK","Relocate 2025","9/22/2025","After",230000111642,"0","Riffle 0",32,190,98,44,"90",1225,"Cobble","SC1",1,0,0,0,"Trimble",""
51886,2808335.13,1266530.21,"7465.46","PITRCK","Relocate 2025","9/22/2025","After",226001370288,"0","Riffle 0",12,39,38,15,"32",31.5,"Gravel","CG2",0,0,0,1,"Trimble",""
51887,2808334.25,1266534.22,"7466.07","PITRCK","Relocate 2025","9/22/2025","After",209000132715,"0","Riffle 0",23,340,209,196,">256",27100,"Boulder","SB1",0,0,0,0,"Trimble",""
51888,2808334.32,1266539.12,"7465.43","PITRCK","Relocate 2025","9/22/2025","After",231000039721,"0","Riffle 0",14,44,35,18,"45",57.5,"Gravel","VCG1",0,1,0,0,"Trimble",""
51889,2808333.81,1266545.39,"7465.27","PITRCK","Relocate 2025","9/22/2025","After",230000111693,"0","Riffle 0",32,154,92,58,"90",1342,"Cobble","SC1",0,1,0,0,"Trimble",""
51890,2808333.08,1266550.56,"7465.7","PITRCK","Relocate 2025","9/22/2025","After",230000111552,"0","Riffle 0",32,120,126,78,"128",2224,"Cobble","SC2",1,0,0,0,"Trimble",""
51891,2808332.49,1266555.36,"7465.61","PITRCK","Relocate 2025","9/22/2025","After",230000111720,"0","Riffle 0",32,119,100,43,"90",741,"Cobble","SC1",0,0,0,0,"Trimble",""
51892,2808332.77,1266560.1,"7465.52","PITRCK","Relocate 2025","9/22/2025","After",230000111641,"0","Riffle 0",32,124,104,56,"90",1093,"Cobble","SC1",1,0,0,0,"Trimble",""
51893,2808331.56,1266565.39,"7465.08","PITRCK","Relocate 2025","9/22/2025","After",226001370369,"0","Riffle 0",12,26,19,15,"22.6",9,"Gravel","CG1",0,0,0,1,"Trimble",""
51894,2808332.26,1266569.77,"7465.75","PITRCK","Relocate 2025","9/22/2025","After",209000132755,"0","Riffle 0",23,214,173,90,"180",5000,"Cobble","LC1",1,1,0,0,"Trimble",""
51895,2808330.88,1266574.95,"7465.77","PITRCK","Relocate 2025","9/22/2025","After",226001370320,"0","Riffle 0",12,38,30,19,"32",31,"Gravel","CG2",0,0,0,1,"Trimble",""
51896,2808330.4,1266579.56,"7466.07","PITRCK","Relocate 2025","9/22/2025","After",230000111503,"0","Riffle 0",32,156,92,43,"90",895,"Cobble","SC1",0,1,0,0,"Trimble",""
51897,2808329.34,1266584.24,"7466.27","PITRCK","Relocate 2025","9/22/2025","After",228000607502,"0","Riffle 0",23,118,54,52,"64",615,"Gravel","VCG2",0,0,0,0,"Trimble",""
51898,2808328.4,1266589.15,"7466.23","PITRCK","Relocate 2025","9/22/2025","After",226001370227,"0","Riffle 0",12,50,27,21,"32",33,"Gravel","CG2",1,0,0,1,"Trimble",""
51899,2808326.09,1266594,"7466.92","PITRCK","Relocate 2025","9/22/2025","After",230000111535,"0","Riffle 0",32,168,101,97,"128",1715,"Cobble","SC2",0,0,0,0,"Trimble",""
