OBJECTID,Shape,Date,Time,TagID,Latitude,Longitude,Antenna
1,Point,9/16/2025,10:54:52 AM,230000142503,1266491.627,2806271.876,HPR+
2,Point,9/16/2025,11:21:04 AM,230000111712,1266542.654,2806315.099,HPR+
3,Point,9/16/2025,11:27:04 AM,231000039738,1266553.15,2806370.602,HPR+
4,Point,9/16/2025,11:35:34 AM,230000111683,1266567.191,2806345.24,HPR+
5,Point,9/16/2025,11:45:14 AM,230000111708,1266567.191,2806345.24,HPR+
6,Point,9/16/2025,11:47:32 AM,230000111578,1266567.191,2806345.24,HPR+
7,Point,9/16/2025,11:49:37 AM,228000607513,1266567.191,2806345.24,HPR+
8,Point,9/16/2025,11:54:18 AM,226001370256,1266567.191,2806345.24,HPR+
9,Point,9/16/2025,11:56:26 AM,230000111717,1266567.191,2806345.24,HPR+
10,Point,9/16/2025,11:59:35 AM,230000111562,1266567.191,2806345.24,HPR+
11,Point,9/16/2025,12:01:25 PM,230000111746,1266567.191,2806345.24,HPR+
12,Point,9/16/2025,12:03:04 PM,230000111725,1266567.191,2806345.24,HPR+
13,Point,9/16/2025,12:05:25 PM,228000607532,1266567.191,2806345.24,HPR+
14,Point,9/16/2025,12:10:24 PM,230000111735,1266567.191,2806345.24,HPR+
15,Point,9/16/2025,12:13:29 PM,230000111540,1266567.191,2806345.24,HPR+
16,Point,9/16/2025,12:15:45 PM,230000111545,1266567.191,2806345.24,HPR+
17,Point,9/16/2025,12:22:23 PM,230000111668,1266641.023,2806313.628,HPR+
18,Point,9/16/2025,12:24:20 PM,230000111733,1266641.023,2806313.628,HPR+
19,Point,9/16/2025,12:25:46 PM,230000111575,1266641.023,2806313.628,HPR+
20,Point,9/16/2025,12:30:36 PM,230000111734,1266641.023,2806313.628,HPR+
21,Point,9/16/2025,12:33:27 PM,230000111581,1266641.023,2806313.628,HPR+
22,Point,9/16/2025,12:35:45 PM,230000111596,1266641.023,2806313.628,HPR+
23,Point,9/16/2025,1:17:51 PM,231000039765,1266525.19,2806218.956,HPR+
24,Point,9/16/2025,1:20:39 PM,230000142503,1266536.551,2806210.368,HPR+
25,Point,9/16/2025,1:28:19 PM,228000607537,1266525.208,2806216.717,HPR+
26,Point,9/16/2025,1:34:19 PM,228000607524,1266525.208,2806216.717,HPR+
27,Point,9/16/2025,1:35:58 PM,230000111510,1266525.208,2806216.717,HPR+
28,Point,9/16/2025,1:37:56 PM,230000111624,1266525.208,2806216.717,HPR+
29,Point,9/16/2025,1:39:29 PM,230000111698,1266525.208,2806216.717,HPR+
30,Point,9/16/2025,1:42:50 PM,230000111677,1266525.208,2806216.717,HPR+
31,Point,9/16/2025,1:45:48 PM,231000039758,1266525.208,2806216.717,HPR+
32,Point,9/16/2025,1:49:32 PM,230000111631,1266525.208,2806216.717,HPR+
33,Point,9/16/2025,1:49:42 PM,231000039758,1266525.208,2806216.717,HPR+
34,Point,9/16/2025,1:49:49 PM,230000142503,1266525.208,2806216.717,HPR+
35,Point,9/16/2025,1:49:50 PM,231000039758,1266525.208,2806216.717,HPR+
36,Point,9/16/2025,1:51:17 PM,230000111631,1266525.208,2806216.717,HPR+
37,Point,9/16/2025,1:53:47 PM,230000111570,1266525.208,2806216.717,HPR+
38,Point,9/16/2025,1:55:55 PM,230000111684,1266525.208,2806216.717,HPR+
39,Point,9/16/2025,1:59:02 PM,230000111567,1266525.208,2806216.717,HPR+
40,Point,9/16/2025,2:08:24 PM,230000111594,1266615.546,2806217.422,HPR+
41,Point,9/16/2025,2:12:19 PM,230000111507,1266615.563,2806215.183,HPR+
42,Point,9/16/2025,2:15:11 PM,230000111716,1266615.563,2806215.183,HPR+
43,Point,9/16/2025,2:16:33 PM,226001370277,1266615.563,2806215.183,HPR+
44,Point,9/16/2025,2:18:43 PM,230000111548,1266615.563,2806215.183,HPR+
45,Point,9/16/2025,2:22:56 PM,230000298011,1266615.563,2806215.183,HPR+
46,Point,9/16/2025,2:23:59 PM,230000111728,1266615.563,2806215.183,HPR+
47,Point,9/16/2025,2:25:13 PM,228000607516,1266615.563,2806215.183,HPR+
48,Point,9/16/2025,2:27:36 PM,230000111560,1266615.563,2806215.183,HPR+
49,Point,9/16/2025,2:29:53 PM,231000039735,1266615.563,2806215.183,HPR+
50,Point,9/16/2025,2:31:42 PM,230000111566,1266615.563,2806215.183,HPR+
51,Point,9/16/2025,2:33:19 PM,230000298013,1266615.563,2806215.183,HPR+
52,Point,9/16/2025,2:35:40 PM,228000607505,1266615.563,2806215.183,HPR+
53,Point,9/16/2025,2:36:51 PM,230000111534,1266615.563,2806215.183,HPR+
54,Point,9/16/2025,2:38:08 PM,228000607565,1266615.563,2806215.183,HPR+
55,Point,9/16/2025,2:39:15 PM,230000111541,1266615.563,2806215.183,HPR+
56,Point,9/16/2025,2:41:21 PM,230000111523,1266615.563,2806215.183,HPR+
57,Point,9/16/2025,2:46:55 PM,228000607552,1266615.563,2806215.183,HPR+
58,Point,9/16/2025,2:48:32 PM,228000607571,1266615.563,2806215.183,HPR+
59,Point,9/16/2025,2:51:15 PM,230000142503,1266615.563,2806215.183,HPR+
60,Point,9/16/2025,2:51:41 PM,228000607546,1266615.563,2806215.183,HPR+
61,Point,9/16/2025,2:52:01 PM,230000111700,1266615.563,2806215.183,HPR+
62,Point,9/16/2025,2:55:33 PM,228000607560,1266615.563,2806215.183,HPR+
63,Point,9/16/2025,2:56:55 PM,228000607517,1266615.563,2806215.183,HPR+
64,Point,9/16/2025,2:58:18 PM,226001370244,1266615.563,2806215.183,HPR+
65,Point,9/16/2025,3:07:00 PM,228000607577,1266659.569,2806271.227,HPR+
66,Point,9/16/2025,3:08:08 PM,230000111735,1266659.569,2806271.227,HPR+
67,Point,9/16/2025,3:08:46 PM,230000111540,1266659.569,2806271.227,HPR+
68,Point,9/16/2025,3:09:24 PM,228000607534,1266659.569,2806271.227,HPR+
69,Point,9/16/2025,3:12:06 PM,230000111545,1266659.569,2806271.227,HPR+
70,Point,9/16/2025,3:13:10 PM,230000111668,1266659.569,2806271.227,HPR+
71,Point,9/16/2025,3:14:01 PM,230000111733,1266659.569,2806271.227,HPR+
72,Point,9/16/2025,3:14:22 PM,230000111575,1266659.569,2806271.227,HPR+
73,Point,9/16/2025,3:15:45 PM,228000607513,1266659.569,2806271.227,HPR+
74,Point,9/16/2025,3:17:20 PM,230000111644,1266608.041,2806292.098,HPR+
75,Point,9/16/2025,3:18:36 PM,228000607507,1266608.041,2806292.098,HPR+
76,Point,9/16/2025,4:04:54 PM,230000111592,1266560.586,2806304.603,HPR+
77,Point,9/16/2025,4:05:27 PM,230000111686,1266542.805,2806295.787,HPR+
78,Point,9/16/2025,4:06:18 PM,230000111596,1266538.416,2806297.992,HPR+
79,Point,9/16/2025,4:06:51 PM,230000111592,1266538.416,2806297.992,HPR+
80,Point,9/16/2025,4:09:14 PM,230000111581,1266538.416,2806297.992,HPR+
81,Point,9/16/2025,4:09:37 PM,230000111734,1266538.416,2806297.992,HPR+
82,Point,9/16/2025,4:09:52 PM,231000039781,1266571.979,2806291.816,HPR+
83,Point,9/16/2025,4:12:09 PM,230000111695,1266574.496,2806296.034,HPR+
84,Point,9/16/2025,4:13:14 PM,230000111555,1266589.71,2806307.069,HPR+
85,Point,9/16/2025,4:15:11 PM,230000111695,1266564.99,2806300.439,HPR+
86,Point,9/16/2025,4:15:43 PM,230000111560,1266527.772,2806261.522,HPR+
87,Point,9/16/2025,4:17:01 PM,228000607573,1266554.85,2806152.851,HPR+
88,Point,9/16/2025,4:19:26 PM,228000607533,1266540.034,2806090.876,HPR+
89,Point,9/16/2025,4:24:41 PM,231000039714,1266518.03,2806062.994,HPR+
90,Point,9/16/2025,4:27:30 PM,231000039720,1266526.758,2806018.277,HPR+
91,Point,9/16/2025,4:30:15 PM,230000111527,1266526.776,2806016.038,HPR+
92,Point,9/16/2025,4:33:25 PM,230000111648,1266597.833,2806153.186,HPR+
93,Point,9/16/2025,4:35:50 PM,230000111677,1266575.246,2806200.034,HPR+
94,Point,9/16/2025,4:49:05 PM,231000039702,1266529.951,2805610.203,HPR+
95,Point,9/16/2025,4:52:05 PM,226001370376,1266508.183,2805552.372,HPR+
96,Point,9/16/2025,4:57:19 PM,226001370342,1266555.989,2805495.087,HPR+
97,Point,9/17/2025,10:23:49 AM,230000142503,1266678.097,2805346.576,HPR+
98,Point,9/17/2025,10:27:10 AM,209000133209,1266499.833,2805223.42,HPR+
99,Point,9/17/2025,10:33:06 AM,209000133204,1266510.895,2805206.432,HPR+
100,Point,9/17/2025,10:35:17 AM,209000133181,1266514.986,2805195.828,HPR+
101,Point,9/17/2025,10:38:14 AM,230000298006,1266517.9,2805195.851,HPR+
102,Point,9/17/2025,10:38:41 AM,209000133181,1266522.271,2805195.885,HPR+
103,Point,9/17/2025,10:42:51 AM,209000133155,1266504.242,2805172.232,HPR+
104,Point,9/17/2025,10:45:24 AM,209000133126,1266500.286,2805165.763,HPR+
105,Point,9/17/2025,10:46:13 AM,209000133194,1266504.326,2805161.596,HPR+
106,Point,9/17/2025,10:53:07 AM,209000133185,1266465.922,2804902.943,HPR+
107,Point,9/17/2025,10:55:41 AM,209000133175,1266472.843,2804902.997,HPR+
108,Point,9/17/2025,10:59:32 AM,209000133185,1266472.843,2804902.997,HPR+
109,Point,9/17/2025,11:06:14 AM,209000133134,1266565.293,2804820.313,HPR+
110,Point,9/17/2025,11:11:19 AM,209000133130,1266624.078,2804756.957,HPR+
111,Point,9/17/2025,11:18:32 AM,230000111655,1266624.483,2804705.458,HPR+
112,Point,9/17/2025,11:28:39 AM,230000298016,1266613.907,2804660.591,HPR+
113,Point,9/17/2025,11:37:58 AM,228000607542,1266621.214,2804611.665,HPR+
114,Point,9/17/2025,11:38:26 AM,230000111519,1266621.214,2804611.665,HPR+
115,Point,9/17/2025,11:39:00 AM,230000111591,1266621.214,2804611.665,HPR+
116,Point,9/17/2025,11:39:07 AM,230000111519,1266621.214,2804611.665,HPR+
117,Point,9/17/2025,11:39:10 AM,230000111591,1266621.214,2804611.665,HPR+
118,Point,9/17/2025,11:40:20 AM,230000111585,1266621.214,2804611.665,HPR+
119,Point,9/17/2025,11:40:56 AM,230000111537,1266621.214,2804611.665,HPR+
120,Point,9/17/2025,11:41:37 AM,231000039792,1266621.214,2804611.665,HPR+
121,Point,9/17/2025,11:42:06 AM,230000111634,1266621.214,2804611.665,HPR+
122,Point,9/17/2025,11:42:10 AM,230000111573,1266621.214,2804611.665,HPR+
123,Point,9/17/2025,11:42:51 AM,230000111634,1266621.214,2804611.665,HPR+
124,Point,9/17/2025,11:45:45 AM,231000039792,1266621.214,2804611.665,HPR+
125,Point,9/17/2025,11:46:12 AM,230000111697,1266621.214,2804611.665,HPR+
126,Point,9/17/2025,11:46:51 AM,230000111573,1266621.214,2804611.665,HPR+
127,Point,9/17/2025,11:47:21 AM,230000111697,1266621.214,2804611.665,HPR+
128,Point,9/17/2025,11:47:49 AM,230000111670,1266621.214,2804611.665,HPR+
129,Point,9/17/2025,11:48:35 AM,230000111652,1266621.214,2804611.665,HPR+
130,Point,9/17/2025,11:49:02 AM,230000111742,1266621.214,2804611.665,HPR+
131,Point,9/17/2025,11:50:17 AM,230000111645,1266621.214,2804611.665,HPR+
132,Point,9/17/2025,11:50:50 AM,228000607564,1266621.214,2804611.665,HPR+
133,Point,9/17/2025,11:51:51 AM,226001370241,1266621.214,2804611.665,HPR+
134,Point,9/17/2025,11:52:26 AM,228000607564,1266621.214,2804611.665,HPR+
135,Point,9/17/2025,11:55:26 AM,226001370241,1266621.214,2804611.665,HPR+
136,Point,9/17/2025,11:56:49 AM,230000111731,1266621.214,2804611.665,HPR+
137,Point,9/17/2025,11:57:38 AM,209000132772,1266621.214,2804611.665,HPR+
138,Point,9/17/2025,11:58:00 AM,230000111713,1266621.214,2804611.665,HPR+
139,Point,9/17/2025,11:58:49 AM,230000111747,1266621.214,2804611.665,HPR+
140,Point,9/17/2025,11:59:13 AM,230000111598,1266621.214,2804611.665,HPR+
141,Point,9/17/2025,11:59:41 AM,230000111564,1266621.214,2804611.665,HPR+
142,Point,9/17/2025,12:00:06 PM,209000132797,1266621.214,2804611.665,HPR+
143,Point,9/17/2025,12:00:08 PM,209000133187,1266621.214,2804611.665,HPR+
144,Point,9/17/2025,12:00:25 PM,209000132797,1266621.214,2804611.665,HPR+
145,Point,9/17/2025,12:01:19 PM,209000133113,1266621.214,2804611.665,HPR+
146,Point,9/17/2025,12:01:51 PM,230000111619,1266621.214,2804611.665,HPR+
147,Point,9/17/2025,12:02:47 PM,228000607542,1266621.214,2804611.665,HPR+
148,Point,9/17/2025,12:03:21 PM,230000111743,1266621.214,2804611.665,HPR+
149,Point,9/17/2025,12:04:43 PM,230000111599,1266621.214,2804611.665,HPR+
150,Point,9/17/2025,12:05:01 PM,230000111603,1266621.214,2804611.665,HPR+
151,Point,9/17/2025,12:06:46 PM,230000111599,1266621.214,2804611.665,HPR+
152,Point,9/17/2025,12:07:17 PM,228000607574,1266621.214,2804611.665,HPR+
153,Point,9/17/2025,12:08:14 PM,230000111620,1266621.214,2804611.665,HPR+
154,Point,9/17/2025,12:08:46 PM,230000111515,1266621.214,2804611.665,HPR+
155,Point,9/17/2025,12:10:08 PM,230000111672,1266585.489,2804568.559,HPR+
156,Point,9/17/2025,12:11:22 PM,230000111593,1266585.489,2804568.559,HPR+
157,Point,9/17/2025,12:12:03 PM,230000111625,1266585.489,2804568.559,HPR+
158,Point,9/17/2025,12:14:27 PM,228000607518,1266585.489,2804568.559,HPR+
159,Point,9/17/2025,12:14:39 PM,226001370201,1266585.489,2804568.559,HPR+
160,Point,9/17/2025,12:15:31 PM,230000111707,1266585.489,2804568.559,HPR+
161,Point,9/17/2025,12:15:56 PM,226001370208,1266585.489,2804568.559,HPR+
162,Point,9/17/2025,12:16:41 PM,230000111546,1266585.489,2804568.559,HPR+
163,Point,9/17/2025,12:17:21 PM,226001370208,1266585.489,2804568.559,HPR+
164,Point,9/17/2025,12:18:03 PM,230000111506,1266549.576,2804549.243,HPR+
165,Point,9/17/2025,12:18:47 PM,226001370208,1266549.511,2804557.639,HPR+
166,Point,9/17/2025,12:20:37 PM,230000111682,1266541.064,2804566.249,HPR+
167,Point,9/17/2025,12:20:37 PM,230000111621,1266541.064,2804566.249,HPR+
168,Point,9/17/2025,12:20:56 PM,230000111682,1266538.15,2804566.227,HPR+
169,Point,9/17/2025,12:20:57 PM,230000111621,1266538.15,2804566.227,HPR+
170,Point,9/17/2025,12:21:01 PM,230000111682,1266538.15,2804566.227,HPR+
171,Point,9/17/2025,12:21:02 PM,230000111621,1266538.15,2804566.227,HPR+
172,Point,9/17/2025,12:22:24 PM,230000111506,1266538.15,2804566.227,HPR+
173,Point,9/17/2025,12:22:31 PM,230000111526,1266538.15,2804566.227,HPR+
174,Point,9/17/2025,12:22:52 PM,230000111739,1266538.15,2804566.227,HPR+
175,Point,9/17/2025,12:23:13 PM,230000111547,1266538.15,2804566.227,HPR+
176,Point,9/17/2025,12:24:47 PM,230000111501,1266538.15,2804566.227,HPR+
177,Point,9/17/2025,12:25:52 PM,230000111727,1266538.15,2804566.227,HPR+
178,Point,9/17/2025,12:25:56 PM,230000111501,1266538.15,2804566.227,HPR+
179,Point,9/17/2025,12:25:59 PM,230000111727,1266538.15,2804566.227,HPR+
180,Point,9/17/2025,12:26:31 PM,230000111636,1266538.15,2804566.227,HPR+
181,Point,9/17/2025,12:26:49 PM,230000111685,1266538.15,2804566.227,HPR+
182,Point,9/17/2025,12:27:54 PM,230000111665,1266538.15,2804566.227,HPR+
183,Point,9/17/2025,12:28:16 PM,230000111632,1266538.15,2804566.227,HPR+
184,Point,9/17/2025,12:28:39 PM,230000111622,1266538.15,2804566.227,HPR+
185,Point,9/17/2025,12:30:35 PM,230000111738,1266538.15,2804566.227,HPR+
186,Point,9/17/2025,12:33:37 PM,230000111586,1266538.15,2804566.227,HPR+
187,Point,9/17/2025,12:37:51 PM,230000111605,1266538.15,2804566.227,HPR+
188,Point,9/17/2025,1:13:01 PM,230000111591,1266607.491,2804596.442,HPR+
189,Point,9/17/2025,1:13:22 PM,230000111729,1266592.123,2804604.998,HPR+
190,Point,9/17/2025,1:13:54 PM,230000111719,1266563.033,2804598.332,HPR+
191,Point,9/17/2025,1:15:28 PM,226001370291,1266504.852,2804584.998,HPR+
192,Point,9/17/2025,1:18:43 PM,230000111629,1266599.313,2804570.907,HPR+
193,Point,9/17/2025,1:19:30 PM,209000133187,1266603.32,2804570.938,HPR+
194,Point,9/17/2025,1:20:01 PM,209000132797,1266603.32,2804570.938,HPR+
195,Point,9/17/2025,1:20:05 PM,209000133113,1266603.32,2804570.938,HPR+
196,Point,9/17/2025,1:21:27 PM,230000111603,1266596.298,2804583.759,HPR+
197,Point,9/17/2025,1:22:19 PM,230000111657,1266596.886,2804509.029,HPR+
198,Point,9/17/2025,1:22:43 PM,230000111709,1266592.915,2804504.519,HPR+
199,Point,9/17/2025,1:23:43 PM,230000111587,1266592.915,2804504.519,HPR+
200,Point,9/17/2025,1:24:14 PM,230000111657,1266599.836,2804504.574,HPR+
201,Point,9/17/2025,1:26:10 PM,228000607547,1266549.848,2804514.817,HPR+
202,Point,9/17/2025,1:28:47 PM,230000111602,1266530.261,2804504.026,HPR+
203,Point,9/17/2025,1:30:33 PM,228000607569,1266530.261,2804504.026,HPR+
204,Point,9/17/2025,1:36:58 PM,226001370257,1266571.113,2804451.166,HPR+
205,Point,9/17/2025,1:40:34 PM,209000133191,1266582.63,2804376.522,HPR+
206,Point,9/17/2025,1:44:20 PM,230000111589,1266619.569,2804265.692,HPR+
207,Point,9/17/2025,1:46:05 PM,230000111724,1266619.569,2804265.692,HPR+
208,Point,9/17/2025,1:46:14 PM,230000111691,1266619.569,2804265.692,HPR+
209,Point,9/17/2025,1:46:38 PM,230000111724,1266619.569,2804265.692,HPR+
210,Point,9/17/2025,1:47:40 PM,230000111654,1266619.569,2804265.692,HPR+
211,Point,9/17/2025,1:47:45 PM,230000111724,1266619.569,2804265.692,HPR+
212,Point,9/17/2025,1:48:40 PM,230000111654,1266619.569,2804265.692,HPR+
213,Point,9/17/2025,1:49:18 PM,230000111724,1266619.569,2804265.692,HPR+
214,Point,9/17/2025,1:50:13 PM,230000111569,1266619.569,2804265.692,HPR+
215,Point,9/17/2025,1:50:36 PM,228000607523,1266619.569,2804265.692,HPR+
216,Point,9/17/2025,1:51:01 PM,230000111569,1266619.569,2804265.692,HPR+
217,Point,9/17/2025,1:51:50 PM,230000111740,1266619.569,2804265.692,HPR+
218,Point,9/17/2025,1:52:23 PM,230000111680,1266619.569,2804265.692,HPR+
219,Point,9/17/2025,1:52:48 PM,230000111710,1266619.569,2804265.692,HPR+
220,Point,9/17/2025,1:53:17 PM,230000111582,1266619.569,2804265.692,HPR+
221,Point,9/17/2025,1:53:28 PM,230000111630,1266619.569,2804265.692,HPR+
222,Point,9/17/2025,1:53:42 PM,230000111600,1266619.569,2804265.692,HPR+
223,Point,9/17/2025,1:54:58 PM,230000111662,1266619.569,2804265.692,HPR+
224,Point,9/17/2025,1:55:25 PM,209000132723,1266619.569,2804265.692,HPR+
225,Point,9/17/2025,1:55:50 PM,230000111511,1266619.569,2804265.692,HPR+
226,Point,9/17/2025,1:56:40 PM,230000111613,1266619.569,2804265.692,HPR+
227,Point,9/17/2025,1:57:04 PM,226001370276,1266619.569,2804265.692,HPR+
228,Point,9/17/2025,1:58:02 PM,230000111607,1266619.569,2804265.692,HPR+
229,Point,9/17/2025,1:58:56 PM,230000111721,1266619.569,2804265.692,HPR+
230,Point,9/17/2025,1:59:44 PM,226001370276,1266619.569,2804265.692,HPR+
231,Point,9/17/2025,2:02:34 PM,226001370273,1266619.569,2804265.692,HPR+
232,Point,9/17/2025,2:05:37 PM,231000039736,1266619.569,2804265.692,HPR+
233,Point,9/17/2025,2:08:27 PM,230000111691,1266619.569,2804265.692,HPR+
234,Point,9/17/2025,2:08:52 PM,228000607570,1266619.569,2804265.692,HPR+
235,Point,9/17/2025,2:09:37 PM,228000607511,1266619.569,2804265.692,HPR+
236,Point,9/17/2025,2:10:13 PM,228000607570,1266619.569,2804265.692,HPR+
237,Point,9/17/2025,2:10:46 PM,228000607511,1266619.569,2804265.692,HPR+
238,Point,9/17/2025,2:14:02 PM,209000132802,1266602.108,2804216.292,HPR+
239,Point,9/17/2025,2:14:36 PM,228000607553,1266606.181,2804207.927,HPR+
240,Point,9/17/2025,2:15:33 PM,230000111692,1266606.181,2804207.927,HPR+
241,Point,9/17/2025,2:16:35 PM,230000111687,1266606.181,2804207.927,HPR+
242,Point,9/17/2025,2:18:12 PM,226001370225,1266606.181,2804207.927,HPR+
243,Point,9/17/2025,2:18:25 PM,226001370247,1266606.181,2804207.927,HPR+
244,Point,9/17/2025,2:19:27 PM,226001370225,1266606.181,2804207.927,HPR+
245,Point,9/17/2025,2:20:13 PM,226001370247,1266606.181,2804207.927,HPR+
246,Point,9/17/2025,2:20:38 PM,226001370225,1266606.181,2804207.927,HPR+
247,Point,9/17/2025,2:22:32 PM,230000111518,1266606.181,2804207.927,HPR+
248,Point,9/17/2025,2:23:10 PM,230000111748,1266606.181,2804207.927,HPR+
249,Point,9/17/2025,2:23:20 PM,230000111539,1266606.181,2804207.927,HPR+
250,Point,9/17/2025,2:24:30 PM,230000111528,1266606.181,2804207.927,HPR+
251,Point,9/17/2025,2:28:44 PM,209000133151,1266606.181,2804207.927,HPR+
252,Point,9/17/2025,2:31:36 PM,230000111571,1266591.169,2804171.421,HPR+
253,Point,9/17/2025,2:31:59 PM,230000111744,1266591.169,2804171.421,HPR+
254,Point,9/17/2025,2:33:36 PM,230000111558,1266591.169,2804171.421,HPR+
255,Point,9/17/2025,2:34:35 PM,230000111749,1266591.169,2804171.421,HPR+
256,Point,9/17/2025,2:34:52 PM,230000111679,1266591.169,2804171.421,HPR+
257,Point,9/17/2025,2:36:31 PM,230000111666,1266591.169,2804171.421,HPR+
258,Point,9/17/2025,2:37:05 PM,230000111550,1266591.169,2804171.421,HPR+
259,Point,9/17/2025,2:37:26 PM,230000111667,1266591.169,2804171.421,HPR+
260,Point,9/17/2025,2:38:22 PM,230000111563,1266591.169,2804171.421,HPR+
261,Point,9/17/2025,2:38:46 PM,230000111509,1266591.169,2804171.421,HPR+
262,Point,9/17/2025,2:39:46 PM,230000111688,1266591.169,2804171.421,HPR+
263,Point,9/17/2025,2:44:04 PM,230000298012,1266591.169,2804171.421,HPR+
264,Point,9/17/2025,2:44:12 PM,209000133110,1266591.169,2804171.421,HPR+
265,Point,9/17/2025,2:45:29 PM,230000298012,1266591.169,2804171.421,HPR+
266,Point,9/17/2025,2:48:14 PM,230000111664,1266591.169,2804171.421,HPR+
267,Point,9/17/2025,2:49:24 PM,230000111522,1266617.878,2804156.797,HPR+
268,Point,9/17/2025,2:50:16 PM,209000133179,1266617.878,2804156.797,HPR+
269,Point,9/17/2025,2:51:32 PM,230000111726,1266617.878,2804156.797,HPR+
270,Point,9/17/2025,2:51:58 PM,209000133179,1266617.878,2804156.797,HPR+
271,Point,9/17/2025,2:55:08 PM,226001370205,1266532.752,2804188.034,HPR+
272,Point,9/17/2025,2:57:35 PM,226001370222,1266541.113,2804190.339,HPR+
273,Point,9/17/2025,2:59:47 PM,226001370230,1266537.022,2804200.943,HPR+
274,Point,9/17/2025,3:25:18 PM,230000111508,1266659.262,2803990.581,HPR+
275,Point,9/17/2025,3:29:49 PM,226001370298,1266636.688,2804035.188,HPR+
276,Point,9/17/2025,3:35:58 PM,230000142503,1266637.311,2803956.26,HPR+
277,Point,9/17/2025,3:39:07 PM,231000039740,1266622.081,2803947.463,HPR+
278,Point,9/17/2025,3:47:28 PM,231000039715,1266626.383,2803956.174,HPR+
279,Point,9/17/2025,3:49:50 PM,231000039788,1266626.383,2803956.174,HPR+
280,Point,9/17/2025,3:58:27 PM,230000111703,1266626.383,2803956.174,HPR+
281,Point,9/17/2025,3:59:20 PM,230000111572,1266626.383,2803956.174,HPR+
282,Point,9/17/2025,3:59:55 PM,230000111703,1266626.383,2803956.174,HPR+
283,Point,9/17/2025,4:01:28 PM,230000111572,1266626.383,2803956.174,HPR+
284,Point,9/17/2025,4:04:26 PM,230000111732,1266626.383,2803956.174,HPR+
285,Point,9/17/2025,4:10:53 PM,230000111568,1266626.383,2803956.174,HPR+
286,Point,9/17/2025,4:18:19 PM,230000111694,1266656.741,2803802.467,HPR+
287,Point,9/17/2025,4:18:36 PM,230000111669,1266646.032,2803774.672,HPR+
288,Point,9/17/2025,4:20:16 PM,230000111694,1266663.746,2803791.886,HPR+
289,Point,9/17/2025,4:21:52 PM,230000111504,1266646.167,2803757.599,HPR+
290,Point,9/17/2025,4:23:32 PM,230000111660,1266643.253,2803757.576,HPR+
291,Point,9/17/2025,4:27:35 PM,230000298004,1266643.253,2803757.576,HPR+
292,Point,9/17/2025,4:33:17 PM,209000133192,1266643.337,2803746.94,HPR+
293,Point,9/17/2025,4:33:57 PM,230000111504,1266643.37,2803742.742,HPR+
294,Point,9/17/2025,4:34:19 PM,209000133192,1266643.37,2803742.742,HPR+
295,Point,9/17/2025,4:34:26 PM,230000111504,1266643.37,2803742.742,HPR+
296,Point,9/17/2025,4:38:03 PM,209000133192,1266643.37,2803742.742,HPR+
297,Point,9/17/2025,4:39:40 PM,228000607539,1266643.37,2803742.742,HPR+
298,Point,9/17/2025,4:41:38 PM,209000133137,1266650.393,2803729.922,HPR+
299,Point,9/17/2025,4:42:25 PM,230000142503,1266650.393,2803729.922,HPR+
300,Point,9/18/2025,9:46:16 AM,230000111705,1266635.483,2803680.541,HPR+
301,Point,9/18/2025,9:49:35 AM,228000607527,1266697.967,2803702.588,HPR+
302,Point,9/18/2025,9:51:22 AM,230000111658,1266665.081,2803623.116,HPR+
303,Point,9/18/2025,9:54:35 AM,228000607561,1266622.401,2803584.431,HPR+
304,Point,9/18/2025,9:57:05 AM,228000607528,1266622.401,2803584.431,HPR+
305,Point,9/18/2025,9:58:05 AM,230000111606,1266622.401,2803584.431,HPR+
306,Point,9/18/2025,9:59:27 AM,230000298005,1266633.65,2803543.934,HPR+
307,Point,9/18/2025,10:02:48 AM,230000111584,1266633.65,2803543.934,HPR+
308,Point,9/18/2025,10:06:01 AM,230000111608,1266633.65,2803543.934,HPR+
309,Point,9/18/2025,10:07:48 AM,230000111584,1266658.869,2803533.498,HPR+
310,Point,9/18/2025,10:11:20 AM,230000111608,1266587.183,2803477.509,HPR+
311,Point,9/18/2025,10:13:43 AM,230000111673,1266616.324,2803477.74,HPR+
312,Point,9/18/2025,10:15:41 AM,230000298005,1266647.992,2803526.974,HPR+
313,Point,9/18/2025,10:20:16 AM,230000111604,1266645.552,2803467.055,HPR+
314,Point,9/18/2025,10:22:47 AM,228000607554,1266645.585,2803462.857,HPR+
315,Point,9/18/2025,10:32:55 AM,230000111718,1266568.697,2803327.894,HPR+
316,Point,9/18/2025,10:33:16 AM,230000111681,1266551.169,2803287.169,HPR+
317,Point,9/18/2025,10:35:21 AM,231000039756,1266501.24,2803243.948,HPR+
318,Point,9/18/2025,10:45:43 AM,228000607576,1266475.894,2803132.625,HPR+
319,Point,9/18/2025,10:46:25 AM,228000607540,1266475.894,2803132.625,HPR+
320,Point,9/18/2025,10:50:04 AM,228000607576,1266475.894,2803132.625,HPR+
321,Point,9/18/2025,10:50:45 AM,228000607526,1266475.894,2803132.625,HPR+
322,Point,9/18/2025,10:51:11 AM,228000607540,1266468.94,2803136.769,HPR+
323,Point,9/18/2025,10:51:43 AM,228000607526,1266464.449,2803151.848,HPR+
324,Point,9/18/2025,10:52:49 AM,228000607540,1266464.449,2803151.848,HPR+
325,Point,9/18/2025,10:54:08 AM,228000607526,1266464.449,2803151.848,HPR+
326,Point,9/18/2025,10:55:09 AM,228000607504,1266464.449,2803151.848,HPR+
327,Point,9/18/2025,10:59:15 AM,231000039766,1266421.499,2803147.309,HPR+
328,Point,9/18/2025,11:01:50 AM,230000111711,1266410.977,2803096.002,HPR+
329,Point,9/18/2025,11:02:39 AM,230000111583,1266410.977,2803096.002,HPR+
330,Point,9/18/2025,11:07:02 AM,209000132730,1266410.977,2803096.002,HPR+
331,Point,9/18/2025,11:09:54 AM,230000111611,1266436.205,2803038.542,HPR+
332,Point,9/18/2025,11:13:32 AM,228000607522,1266436.205,2803038.542,HPR+
333,Point,9/18/2025,11:25:35 AM,226001370204,1266263.639,2802887.422,HPR+
334,Point,9/18/2025,11:26:41 AM,230000111696,1266237.683,2802853.068,HPR+
335,Point,9/18/2025,11:29:05 AM,226001370204,1266226.391,2802852.978,HPR+
336,Point,9/18/2025,11:29:52 AM,230000111696,1266226.391,2802852.978,HPR+
337,Point,9/18/2025,11:41:53 AM,209000132759,1266170.229,2802585.779,HPR+
338,Point,9/18/2025,12:01:02 PM,230000111529,1266123.595,2802540.623,HPR+
339,Point,9/18/2025,12:02:00 PM,230000111574,1266123.595,2802540.623,HPR+
340,Point,9/18/2025,12:03:14 PM,231000039749,1266123.595,2802540.623,HPR+
341,Point,9/18/2025,12:04:02 PM,209000133173,1266123.595,2802540.623,HPR+
342,Point,9/18/2025,12:04:22 PM,230000111745,1266113.796,2802536.066,HPR+
343,Point,9/18/2025,12:04:50 PM,231000039767,1266113.796,2802536.066,HPR+
344,Point,9/18/2025,12:11:41 PM,230000111542,1266116.14,2802561.836,HPR+
345,Point,9/18/2025,12:14:19 PM,230000111633,1266116.243,2802548.962,HPR+
346,Point,9/18/2025,12:18:22 PM,209000133189,1266116.243,2802548.962,HPR+
347,Point,9/18/2025,12:18:46 PM,230000111542,1266116.243,2802548.962,HPR+
348,Point,9/18/2025,12:18:50 PM,209000133189,1266116.243,2802548.962,HPR+
349,Point,9/18/2025,12:21:22 PM,230000142503,1266116.243,2802548.962,HPR+
350,Point,9/18/2025,12:23:15 PM,209000133189,1266116.243,2802548.962,HPR+
351,Point,9/18/2025,12:28:11 PM,226001370263,1266116.243,2802548.962,HPR+
352,Point,9/18/2025,12:29:20 PM,226001370211,1266116.243,2802548.962,HPR+
353,Point,9/18/2025,12:29:35 PM,226001370263,1266116.243,2802548.962,HPR+
354,Point,9/18/2025,12:31:11 PM,209000133198,1266116.243,2802548.962,HPR+
355,Point,9/18/2025,12:32:19 PM,226001370297,1266116.243,2802548.962,HPR+
356,Point,9/18/2025,12:35:44 PM,230000111502,1266116.243,2802548.962,HPR+
357,Point,9/18/2025,12:36:40 PM,228000607519,1266109.135,2802572.418,HPR+
358,Point,9/18/2025,12:38:13 PM,230000298018,1266109.135,2802572.418,HPR+
359,Point,9/18/2025,12:38:59 PM,226001370254,1266109.135,2802572.418,HPR+
360,Point,9/18/2025,12:39:35 PM,209000133112,1266109.135,2802572.418,HPR+
361,Point,9/18/2025,12:40:03 PM,230000111635,1266057.604,2802593.281,HPR+
362,Point,9/18/2025,12:40:25 PM,209000133112,1266062.111,2802576.242,HPR+
363,Point,9/18/2025,12:42:18 PM,226001370254,1266062.111,2802576.242,HPR+
364,Point,9/18/2025,12:43:13 PM,209000133112,1266062.111,2802576.242,HPR+
365,Point,9/18/2025,12:45:09 PM,226001370254,1266062.111,2802576.242,HPR+
366,Point,9/18/2025,12:48:42 PM,209000133139,1266062.111,2802576.242,HPR+
367,Point,9/18/2025,12:48:56 PM,226001370258,1266062.111,2802576.242,HPR+
368,Point,9/18/2025,12:49:42 PM,209000133139,1266062.111,2802576.242,HPR+
369,Point,9/18/2025,12:50:05 PM,230000111597,1266062.111,2802576.242,HPR+
370,Point,9/18/2025,12:51:00 PM,230000111706,1266062.111,2802576.242,HPR+
371,Point,9/18/2025,12:51:58 PM,226001370258,1266062.111,2802576.242,HPR+
372,Point,9/18/2025,12:52:54 PM,226001370265,1266062.111,2802576.242,HPR+
373,Point,9/18/2025,12:54:42 PM,230000142503,1266062.111,2802576.242,HPR+
374,Point,9/18/2025,12:55:07 PM,226001370265,1266062.111,2802576.242,HPR+
375,Point,9/18/2025,12:58:05 PM,209000133133,1266062.111,2802576.242,HPR+
376,Point,9/18/2025,12:58:38 PM,230000111627,1266062.111,2802576.242,HPR+
377,Point,9/18/2025,12:58:56 PM,209000133133,1266062.111,2802576.242,HPR+
378,Point,9/18/2025,1:02:40 PM,209000133122,1266062.111,2802576.242,HPR+
379,Point,9/18/2025,1:03:05 PM,226001370252,1266062.111,2802576.242,HPR+
380,Point,9/18/2025,1:03:53 PM,230000111674,1266062.111,2802576.242,HPR+
381,Point,9/18/2025,1:04:03 PM,226001370252,1266062.111,2802576.242,HPR+
382,Point,9/18/2025,1:05:33 PM,230000111674,1266084.721,2802527.438,HPR+
383,Point,9/18/2025,1:05:48 PM,226001370252,1266084.721,2802527.438,HPR+
384,Point,9/18/2025,1:06:18 PM,231000039796,1266084.721,2802527.438,HPR+
385,Point,9/18/2025,1:06:47 PM,209000133154,1266084.721,2802527.438,HPR+
386,Point,9/18/2025,1:07:28 PM,231000039796,1266084.721,2802527.438,HPR+
387,Point,9/18/2025,1:09:52 PM,209000133154,1266084.721,2802527.438,HPR+
388,Point,9/18/2025,1:12:36 PM,230000111514,1266120.97,2802504.214,HPR+
389,Point,9/18/2025,1:13:11 PM,231000039708,1266120.97,2802504.214,HPR+
390,Point,9/18/2025,1:13:46 PM,230000111514,1266120.97,2802504.214,HPR+
391,Point,9/18/2025,1:13:57 PM,230000111612,1266120.97,2802504.214,HPR+
392,Point,9/18/2025,1:14:39 PM,230000111661,1266120.97,2802504.214,HPR+
393,Point,9/18/2025,1:15:24 PM,226001370260,1266120.97,2802504.214,HPR+
394,Point,9/18/2025,1:16:32 PM,230000111649,1266120.97,2802504.214,HPR+
395,Point,9/18/2025,1:17:35 PM,230000111538,1266120.97,2802504.214,HPR+
396,Point,9/18/2025,1:18:36 PM,230000111640,1266120.97,2802504.214,HPR+
397,Point,9/18/2025,1:22:11 PM,230000111601,1266084.585,2802544.511,HPR+
398,Point,9/18/2025,1:22:31 PM,230000111663,1266084.585,2802544.511,HPR+
399,Point,9/18/2025,1:23:39 PM,209000133145,1266058.181,2802520.789,HPR+
400,Point,9/18/2025,1:25:25 PM,226001370370,1266058.181,2802520.789,HPR+
401,Point,9/18/2025,1:26:35 PM,209000133202,1266058.181,2802520.789,HPR+
402,Point,9/18/2025,1:26:51 PM,230000111512,1266058.181,2802520.789,HPR+
403,Point,9/18/2025,1:27:33 PM,231000039743,1266035.843,2802535.446,HPR+
404,Point,9/18/2025,1:28:20 PM,209000133166,1266035.843,2802535.446,HPR+
405,Point,9/18/2025,1:28:47 PM,231000039743,1266003.854,2802526.794,HPR+
406,Point,9/18/2025,1:29:20 PM,230000111500,1266003.854,2802526.794,HPR+
407,Point,9/18/2025,1:30:09 PM,231000039789,1266003.854,2802526.794,HPR+
408,Point,9/18/2025,1:30:39 PM,230000111580,1266003.854,2802526.794,HPR+
409,Point,9/18/2025,1:31:51 PM,230000298019,1266003.854,2802526.794,HPR+
410,Point,9/18/2025,1:32:35 PM,230000111524,1266003.854,2802526.794,HPR+
411,Point,9/18/2025,1:33:59 PM,230000111554,1266003.854,2802526.794,HPR+
412,Point,9/18/2025,1:34:58 PM,228000607568,1266003.854,2802526.794,HPR+
413,Point,9/18/2025,1:36:05 PM,209000133150,1266003.854,2802526.794,HPR+
414,Point,9/18/2025,1:38:40 PM,230000298009,1266003.854,2802526.794,HPR+
415,Point,9/18/2025,1:39:20 PM,226001370246,1266080.622,2802493.256,HPR+
416,Point,9/18/2025,1:39:27 PM,230000111616,1266080.622,2802493.256,HPR+
417,Point,9/18/2025,1:39:58 PM,226001370246,1266080.622,2802493.256,HPR+
418,Point,9/18/2025,1:41:47 PM,209000133186,1266065.594,2802458.988,HPR+
419,Point,9/18/2025,1:42:07 PM,226001370229,1266063.062,2802456.728,HPR+
420,Point,9/18/2025,1:43:53 PM,209000133186,1266063.062,2802456.728,HPR+
421,Point,9/18/2025,1:44:00 PM,226001370270,1266063.062,2802456.728,HPR+
422,Point,9/18/2025,1:44:32 PM,226001370229,1266063.114,2802450.291,HPR+
423,Point,9/18/2025,1:45:13 PM,209000133186,1266063.114,2802450.291,HPR+
424,Point,9/18/2025,1:45:20 PM,226001370270,1266063.114,2802450.291,HPR+
425,Point,9/18/2025,1:45:56 PM,230000111565,1266063.114,2802450.291,HPR+
426,Point,9/18/2025,1:46:09 PM,230000111628,1266063.114,2802450.291,HPR+
427,Point,9/18/2025,1:46:47 PM,231000039793,1266063.114,2802450.291,HPR+
428,Point,9/18/2025,1:49:10 PM,230000111543,1266063.114,2802450.291,HPR+
429,Point,9/18/2025,1:50:25 PM,230000298015,1266063.114,2802450.291,HPR+
430,Point,9/18/2025,1:52:11 PM,230000111626,1266063.114,2802450.291,HPR+
431,Point,9/18/2025,1:53:07 PM,226001370300,1266063.114,2802450.291,HPR+
432,Point,9/18/2025,1:58:34 PM,230000111626,1266040.706,2802473.625,HPR+
433,Point,9/18/2025,1:58:56 PM,209000133170,1266018.384,2802486.323,HPR+
434,Point,9/18/2025,1:59:23 PM,209000133193,1266018.35,2802490.521,HPR+
435,Point,9/18/2025,2:01:46 PM,226001370268,1266018.35,2802490.521,HPR+
436,Point,9/18/2025,2:03:19 PM,209000133193,1266018.35,2802490.521,HPR+
437,Point,9/18/2025,2:04:18 PM,226001370248,1266018.35,2802490.521,HPR+
438,Point,9/18/2025,2:06:26 PM,226001370282,1266018.35,2802490.521,HPR+
439,Point,9/18/2025,2:07:37 PM,226001370283,1266018.35,2802490.521,HPR+
440,Point,9/18/2025,2:09:39 PM,230000142503,1266018.35,2802490.521,HPR+
441,Point,9/18/2025,2:10:44 PM,209000133178,1266018.35,2802490.521,HPR+
442,Point,9/18/2025,2:12:03 PM,230000111617,1266018.35,2802490.521,HPR+
443,Point,9/18/2025,2:14:12 PM,230000111659,1266018.35,2802490.521,HPR+
444,Point,9/18/2025,2:14:54 PM,226001370202,1266011.547,2802475.632,HPR+
445,Point,9/18/2025,2:15:43 PM,230000111505,1266022.611,2802458.645,HPR+
446,Point,9/18/2025,2:16:48 PM,226001370242,1266022.611,2802458.645,HPR+
447,Point,9/18/2025,2:17:05 PM,230000111513,1266022.611,2802458.645,HPR+
448,Point,9/18/2025,2:17:30 PM,226001370242,1266022.611,2802458.645,HPR+
449,Point,9/18/2025,2:17:45 PM,226001370202,1266022.611,2802458.645,HPR+
450,Point,9/18/2025,2:18:30 PM,230000111579,1266022.611,2802458.645,HPR+
451,Point,9/18/2025,2:18:56 PM,230000111610,1266056.346,2802430.923,HPR+
452,Point,9/18/2025,2:20:07 PM,226001370242,1266056.346,2802430.923,HPR+
453,Point,9/18/2025,2:20:14 PM,230000111513,1266056.346,2802430.923,HPR+
454,Point,9/18/2025,2:20:50 PM,226001370242,1266056.346,2802430.923,HPR+
455,Point,9/18/2025,2:22:49 PM,209000133177,1266041.047,2802430.801,HPR+
456,Point,9/18/2025,2:23:04 PM,230000111533,1266029.788,2802426.513,HPR+
457,Point,9/18/2025,2:24:38 PM,230000111579,1266056.295,2802437.361,HPR+
458,Point,9/18/2025,2:24:52 PM,230000111610,1266056.295,2802437.361,HPR+
459,Point,9/18/2025,2:25:14 PM,230000111579,1266056.295,2802437.361,HPR+
460,Point,9/18/2025,2:26:27 PM,230000111610,1266056.295,2802437.361,HPR+
461,Point,9/18/2025,2:26:47 PM,230000111513,1266056.295,2802437.361,HPR+
462,Point,9/18/2025,2:26:58 PM,209000133177,1266056.295,2802437.361,HPR+
463,Point,9/18/2025,2:27:08 PM,230000111533,1266029.755,2802430.711,HPR+
464,Point,9/18/2025,2:27:43 PM,226001370220,1266029.755,2802430.711,HPR+
465,Point,9/18/2025,2:29:48 PM,209000133177,1266047.917,2802437.294,HPR+
466,Point,9/18/2025,2:29:57 PM,209000133492,1266047.917,2802437.294,HPR+
467,Point,9/18/2025,2:30:49 PM,226001370217,1266047.917,2802437.294,HPR+
468,Point,9/18/2025,2:31:37 PM,230000111557,1266047.917,2802437.294,HPR+
469,Point,9/18/2025,2:31:51 PM,209000133196,1266047.917,2802437.294,HPR+
470,Point,9/18/2025,2:34:19 PM,230000111637,1266047.917,2802437.294,HPR+
471,Point,9/18/2025,2:35:00 PM,230000298010,1266047.917,2802437.294,HPR+
472,Point,9/18/2025,2:36:07 PM,230000111699,1266047.917,2802437.294,HPR+
473,Point,9/18/2025,2:37:53 PM,226001370385,1266047.917,2802437.294,HPR+
474,Point,9/18/2025,2:38:19 PM,230000111561,1266047.917,2802437.294,HPR+
475,Point,9/18/2025,2:38:38 PM,226001370385,1266047.917,2802437.294,HPR+
476,Point,9/18/2025,2:38:52 PM,209000133201,1266047.917,2802437.294,HPR+
477,Point,9/18/2025,2:53:12 PM,228000607500,1265860.862,2801637.217,HPR+
478,Point,9/18/2025,2:58:15 PM,230000111553,1265857.86,2802013.114,HPR+
479,Point,9/19/2025,11:27:20 AM,230000142503,1449393.172,3116189.285,HPR+
480,Point,9/22/2025,12:32:10 PM,230000111676,1266595.621,2808408.344,HPR+
481,Point,9/22/2025,12:37:25 PM,228000607556,1266584.629,2808416.656,HPR+
482,Point,9/22/2025,12:38:59 PM,230000111531,1266584.629,2808416.656,HPR+
483,Point,9/22/2025,12:41:45 PM,209000132800,1266584.629,2808416.656,HPR+
484,Point,9/22/2025,12:42:13 PM,228000607510,1266584.629,2808416.656,HPR+
485,Point,9/22/2025,12:43:24 PM,209000132794,1266584.629,2808416.656,HPR+
486,Point,9/22/2025,12:44:00 PM,230000111651,1266584.629,2808416.656,HPR+
487,Point,9/22/2025,12:44:55 PM,231000039742,1266584.629,2808416.656,HPR+
488,Point,9/22/2025,12:45:54 PM,230000111715,1266584.629,2808416.656,HPR+
489,Point,9/22/2025,12:46:38 PM,209000133171,1266584.629,2808416.656,HPR+
490,Point,9/22/2025,12:47:34 PM,230000111521,1266584.629,2808416.656,HPR+
491,Point,9/22/2025,12:48:20 PM,226001370295,1266584.629,2808416.656,HPR+
492,Point,9/22/2025,12:49:16 PM,226001370301,1266584.629,2808416.656,HPR+
493,Point,9/22/2025,12:53:02 PM,209000132778,1266584.629,2808416.656,HPR+
494,Point,9/22/2025,12:54:17 PM,226001370301,1266584.629,2808416.656,HPR+
495,Point,9/22/2025,12:55:39 PM,226001370381,1266584.629,2808416.656,HPR+
496,Point,9/22/2025,1:00:20 PM,209000132778,1266584.629,2808416.656,HPR+
497,Point,9/22/2025,1:00:24 PM,226001370238,1266584.629,2808416.656,HPR+
498,Point,9/22/2025,1:01:14 PM,226001370381,1266584.629,2808416.656,HPR+
499,Point,9/22/2025,1:03:28 PM,226001370287,1266584.629,2808416.656,HPR+
500,Point,9/22/2025,1:10:46 PM,230000142503,1266584.629,2808416.656,HPR+
501,Point,9/22/2025,1:16:22 PM,226001370357,1266584.629,2808416.656,HPR+
502,Point,9/22/2025,1:18:27 PM,209000133207,1266584.629,2808416.656,HPR+
503,Point,9/22/2025,1:23:35 PM,231000039778,1266584.629,2808416.656,HPR+
504,Point,9/22/2025,1:23:55 PM,230000111647,1266584.629,2808416.656,HPR+
505,Point,9/22/2025,1:28:52 PM,226001370238,1266584.629,2808416.656,HPR+
506,Point,9/22/2025,1:29:54 PM,209000132778,1266584.629,2808416.656,HPR+
507,Point,9/22/2025,1:32:06 PM,226001370393,1266584.629,2808416.656,HPR+
508,Point,9/22/2025,1:32:44 PM,230000111595,1266584.629,2808416.656,HPR+
509,Point,9/22/2025,1:34:37 PM,226001370302,1266584.629,2808416.656,HPR+
510,Point,9/22/2025,1:36:42 PM,230000111741,1266584.629,2808416.656,HPR+
511,Point,9/22/2025,1:37:10 PM,228000607536,1266584.629,2808416.656,HPR+
512,Point,9/22/2025,1:37:52 PM,209000132717,1266584.629,2808416.656,HPR+
513,Point,9/22/2025,1:38:07 PM,230000111741,1266584.629,2808416.656,HPR+
514,Point,9/22/2025,1:38:14 PM,209000132717,1266584.629,2808416.656,HPR+
515,Point,9/22/2025,1:39:27 PM,209000133200,1266584.629,2808416.656,HPR+
516,Point,9/22/2025,1:39:44 PM,226001370384,1266584.629,2808416.656,HPR+
517,Point,9/22/2025,1:41:07 PM,209000133200,1266584.629,2808416.656,HPR+
518,Point,9/22/2025,1:46:18 PM,209000132724,1266584.629,2808416.656,HPR+
519,Point,9/22/2025,1:48:03 PM,230000142503,1266584.629,2808416.656,HPR+
520,Point,9/22/2025,1:50:55 PM,226001370251,1266584.629,2808416.656,HPR+
521,Point,9/22/2025,1:52:28 PM,226001370336,1266584.629,2808416.656,HPR+
522,Point,9/22/2025,1:58:07 PM,228000607562,1266584.629,2808416.656,HPR+
523,Point,9/22/2025,1:58:57 PM,226001370371,1266584.629,2808416.656,HPR+
524,Point,9/22/2025,2:00:27 PM,230000111722,1266584.629,2808416.656,HPR+
525,Point,9/22/2025,2:06:24 PM,226001370307,1266584.629,2808416.656,HPR+
526,Point,9/22/2025,2:07:29 PM,226001370399,1266584.629,2808416.656,HPR+
527,Point,9/22/2025,2:08:03 PM,228000607559,1266584.629,2808416.656,HPR+
528,Point,9/22/2025,2:09:18 PM,228000607501,1266584.629,2808416.656,HPR+
529,Point,9/22/2025,2:10:25 PM,228000607562,1266584.629,2808416.656,HPR+
530,Point,9/22/2025,2:10:42 PM,209000133128,1266584.629,2808416.656,HPR+
531,Point,9/22/2025,2:11:11 PM,226001370251,1266584.629,2808416.656,HPR+
532,Point,9/22/2025,2:11:25 PM,209000133128,1266584.629,2808416.656,HPR+
533,Point,9/22/2025,2:11:30 PM,226001370251,1266584.629,2808416.656,HPR+
534,Point,9/22/2025,2:13:31 PM,209000132724,1266584.629,2808416.656,HPR+
535,Point,9/22/2025,2:14:02 PM,209000132728,1266584.629,2808416.656,HPR+
536,Point,9/22/2025,2:15:04 PM,226001370362,1266584.629,2808416.656,HPR+
537,Point,9/22/2025,2:16:25 PM,209000132728,1266584.629,2808416.656,HPR+
538,Point,9/22/2025,2:17:24 PM,230000111532,1266584.629,2808416.656,HPR+
539,Point,9/22/2025,2:17:44 PM,226001370239,1266584.629,2808416.656,HPR+
540,Point,9/22/2025,2:17:56 PM,230000111532,1266584.629,2808416.656,HPR+
541,Point,9/22/2025,2:18:55 PM,228000607566,1266584.629,2808416.656,HPR+
542,Point,9/22/2025,2:21:16 PM,226001370328,1266584.629,2808416.656,HPR+
543,Point,9/22/2025,2:23:21 PM,226001370305,1266584.629,2808416.656,HPR+
544,Point,9/22/2025,2:23:32 PM,230000111549,1266584.629,2808416.656,HPR+
545,Point,9/22/2025,2:24:18 PM,226001370305,1266584.629,2808416.656,HPR+
546,Point,9/22/2025,2:24:34 PM,230000111549,1266584.629,2808416.656,HPR+
547,Point,9/22/2025,2:25:56 PM,226001370358,1266584.629,2808416.656,HPR+
548,Point,9/22/2025,2:26:19 PM,230000111647,1266584.629,2808416.656,HPR+
549,Point,9/22/2025,2:26:43 PM,231000039778,1266584.629,2808416.656,HPR+
550,Point,9/22/2025,2:26:51 PM,230000111647,1266584.629,2808416.656,HPR+
551,Point,9/22/2025,2:28:14 PM,231000039778,1266584.629,2808416.656,HPR+
552,Point,9/22/2025,2:28:27 PM,230000111647,1266584.629,2808416.656,HPR+
553,Point,9/22/2025,2:28:47 PM,231000039778,1266584.629,2808416.656,HPR+
554,Point,9/22/2025,2:30:39 PM,226001370274,1266584.629,2808416.656,HPR+
555,Point,9/22/2025,2:34:44 PM,230000111618,1266584.629,2808416.656,HPR+
556,Point,9/22/2025,2:35:14 PM,226001370323,1266584.629,2808416.656,HPR+
557,Point,9/22/2025,2:36:28 PM,226001370279,1266584.629,2808416.656,HPR+
558,Point,9/22/2025,2:37:05 PM,230000111736,1266584.629,2808416.656,HPR+
559,Point,9/22/2025,2:38:18 PM,226001370354,1266584.629,2808416.656,HPR+
560,Point,9/22/2025,2:41:03 PM,230000111517,1266584.629,2808416.656,HPR+
561,Point,9/22/2025,2:42:20 PM,230000142503,1266584.629,2808416.656,HPR+
562,Point,9/22/2025,2:44:16 PM,230000111517,1266584.629,2808416.656,HPR+
563,Point,9/22/2025,2:46:12 PM,209000132788,1266584.629,2808416.656,HPR+
564,Point,9/22/2025,2:48:22 PM,226001370347,1266584.629,2808416.656,HPR+
565,Point,9/22/2025,2:55:36 PM,209000132788,1266584.629,2808416.656,HPR+
566,Point,9/22/2025,2:55:42 PM,228000607515,1266584.629,2808416.656,HPR+
567,Point,9/22/2025,2:56:51 PM,209000132718,1266584.629,2808416.656,HPR+
568,Point,9/22/2025,2:57:31 PM,230000111577,1266584.629,2808416.656,HPR+
569,Point,9/22/2025,2:58:15 PM,230000111730,1266584.629,2808416.656,HPR+
570,Point,9/22/2025,2:58:27 PM,230000111609,1266584.629,2808416.656,HPR+
571,Point,9/22/2025,2:58:34 PM,230000111730,1266584.629,2808416.656,HPR+
572,Point,9/22/2025,2:58:37 PM,230000111609,1266584.629,2808416.656,HPR+
573,Point,9/22/2025,2:59:01 PM,230000111730,1266584.629,2808416.656,HPR+
574,Point,9/22/2025,2:59:08 PM,230000111609,1266584.629,2808416.656,HPR+
575,Point,9/22/2025,3:00:31 PM,230000111615,1266584.629,2808416.656,HPR+
576,Point,9/22/2025,3:01:09 PM,230000111689,1266584.629,2808416.656,HPR+
577,Point,9/22/2025,3:03:13 PM,209000133124,1266584.629,2808416.656,HPR+
578,Point,9/22/2025,3:05:23 PM,230000111701,1266584.629,2808416.656,HPR+
579,Point,9/22/2025,3:05:48 PM,226001370255,1266584.629,2808416.656,HPR+
580,Point,9/22/2025,3:07:27 PM,209000132746,1266584.629,2808416.656,HPR+
581,Point,9/22/2025,3:07:30 PM,226001370255,1266584.629,2808416.656,HPR+
582,Point,9/22/2025,3:11:57 PM,209000132746,1266584.629,2808416.656,HPR+
583,Point,9/22/2025,3:12:18 PM,226001370255,1266584.629,2808416.656,HPR+
584,Point,9/22/2025,3:13:33 PM,209000132746,1266584.629,2808416.656,HPR+
585,Point,9/22/2025,3:16:00 PM,230000111535,1266584.629,2808416.656,HPR+
586,Point,9/22/2025,3:17:33 PM,226001370227,1266584.629,2808416.656,HPR+
587,Point,9/22/2025,3:18:24 PM,230000111503,1266584.629,2808416.656,HPR+
588,Point,9/22/2025,3:18:29 PM,228000607502,1266584.629,2808416.656,HPR+
589,Point,9/22/2025,3:18:39 PM,230000111503,1266584.629,2808416.656,HPR+
590,Point,9/22/2025,3:18:52 PM,228000607502,1266584.629,2808416.656,HPR+
591,Point,9/22/2025,3:18:59 PM,230000111503,1266584.629,2808416.656,HPR+
592,Point,9/22/2025,3:19:46 PM,226001370320,1266584.629,2808416.656,HPR+
593,Point,9/22/2025,3:20:15 PM,209000132755,1266584.629,2808416.656,HPR+
594,Point,9/22/2025,3:20:35 PM,226001370320,1266584.629,2808416.656,HPR+
595,Point,9/22/2025,3:20:39 PM,209000132755,1266584.629,2808416.656,HPR+
596,Point,9/22/2025,3:21:13 PM,226001370369,1266584.629,2808416.656,HPR+
597,Point,9/22/2025,3:22:11 PM,230000111641,1266584.629,2808416.656,HPR+
598,Point,9/22/2025,3:23:15 PM,230000111720,1266584.629,2808416.656,HPR+
599,Point,9/22/2025,3:23:20 PM,230000111641,1266584.629,2808416.656,HPR+
600,Point,9/22/2025,3:23:38 PM,230000111720,1266584.629,2808416.656,HPR+
601,Point,9/22/2025,3:24:18 PM,230000111552,1266584.629,2808416.656,HPR+
602,Point,9/22/2025,3:24:51 PM,230000111693,1266584.629,2808416.656,HPR+
603,Point,9/22/2025,3:26:05 PM,231000039721,1266584.629,2808416.656,HPR+
604,Point,9/22/2025,3:27:11 PM,209000132715,1266584.629,2808416.656,HPR+
605,Point,9/22/2025,3:28:00 PM,226001370288,1266584.629,2808416.656,HPR+
606,Point,9/22/2025,3:29:30 PM,230000111642,1266584.629,2808416.656,HPR+
607,Point,9/22/2025,3:30:18 PM,226001370209,1266584.629,2808416.656,HPR+
608,Point,9/22/2025,3:31:14 PM,230000111737,1266584.629,2808416.656,HPR+
609,Point,9/22/2025,3:32:09 PM,226001370231,1266584.629,2808416.656,HPR+
610,Point,9/22/2025,3:32:35 PM,230000111556,1266584.629,2808416.656,HPR+
611,Point,9/22/2025,3:32:44 PM,226001370231,1266584.629,2808416.656,HPR+
612,Point,9/22/2025,3:32:55 PM,230000111556,1266584.629,2808416.656,HPR+
613,Point,9/22/2025,3:33:20 PM,209000133163,1266584.629,2808416.656,HPR+
614,Point,9/22/2025,4:00:44 PM,230000111614,1266618.786,2806315.693,HPR+
615,Point,9/22/2025,4:02:53 PM,228000607509,1266596.782,2806287.811,HPR+
616,Point,9/22/2025,4:11:37 PM,230000111643,1266596.782,2806287.811,HPR+
617,Point,9/22/2025,4:16:21 PM,230000142503,1266596.782,2806287.811,HPR+
618,Point,9/22/2025,4:16:30 PM,230000111643,1266596.782,2806287.811,HPR+
619,Point,9/22/2025,4:19:43 PM,230000111698,1266596.782,2806287.811,HPR+
620,Point,9/22/2025,4:20:31 PM,228000607520,1266586.47,2806208.798,HPR+
621,Point,9/22/2025,4:22:47 PM,228000607535,1266586.47,2806208.798,HPR+
622,Point,9/22/2025,4:26:05 PM,228000607549,1266586.47,2806208.798,HPR+
623,Point,9/22/2025,4:28:24 PM,226001370243,1266586.47,2806208.798,HPR+
624,Point,9/22/2025,4:33:08 PM,231000039733,1266586.47,2806208.798,HPR+
