OBJECTID,Shape,Num,TIMESTAMP,Date,Time,RECORD,T109_C,batt_volt,Lat_DD,Long_DD,DetDate,DetTime,DetDur,TagType,TagID,Antenna
1,Point,1,9/16/25 10:50:06 AM,9/16/2025,10:50:06,1244,NAN,13.1,1266549.556,2806317.672,9/16/2025,8:26:13 AM,00:02.6,HA,230000111596,M4 Backpack
2,Point,2,9/16/25 10:52:50 AM,9/16/2025,10:52:50,1721,-118.9,12.88,1266549.556,2806317.672,9/16/2025,8:28:59 AM,00:00.0,HA,230000111712,M4 Backpack
3,Point,3,9/16/25 10:57:50 AM,9/16/2025,10:57:50,2001,-122.4,13.1,1266665.028,2806318.573,9/16/2025,8:33:59 AM,00:00.0,HA,228000607532,M4 Backpack
4,Point,4,9/16/25 11:01:44 AM,9/16/2025,11:01:44,2074,-122.9,13.11,1266555.384,2806364.461,9/16/2025,8:37:53 AM,00:00.0,HA,230000111683,M4 Backpack
5,Point,5,9/16/25 11:03:17 AM,9/16/2025,11:03:17,2186,NAN,13.11,1266573.962,2806317.863,9/16/2025,8:39:26 AM,00:00.0,HA,230000111578,M4 Backpack
6,Point,6,9/16/25 11:03:31 AM,9/16/2025,11:03:31,2238,-126.6,13.1,1266579.79,2806317.908,9/16/2025,8:39:39 AM,00:00.3,HA,228000607513,M4 Backpack
7,Point,7,9/16/25 11:03:48 AM,9/16/2025,11:03:48,2368,-117.2,12.89,1266585.982,2806317.957,9/16/2025,8:39:57 AM,00:00.4,HA,230000111578,M4 Backpack
8,Point,8,9/16/25 11:04:23 AM,9/16/2025,11:04:23,2374,-128.3,13.11,1266592.175,2806318.005,9/16/2025,8:40:32 AM,00:00.0,HA,230000111717,M4 Backpack
9,Point,9,9/16/25 11:05:10 AM,9/16/2025,11:05:10,2419,-131.1,13.07,1266604.195,2806318.099,9/16/2025,8:41:19 AM,00:00.0,HA,230000111562,M4 Backpack
10,Point,10,9/16/25 11:06:34 AM,9/16/2025,11:06:34,2667,-118.7,13.11,1266610.388,2806318.147,9/16/2025,8:42:43 AM,00:00.0,HA,230000111746,M4 Backpack
11,Point,11,9/16/25 11:08:53 AM,9/16/2025,11:08:53,2954,NAN,13.09,1266610.388,2806318.147,9/16/2025,8:45:02 AM,00:00.0,HA,230000111725,M4 Backpack
12,Point,12,9/16/25 11:09:53 AM,9/16/2025,11:09:53,2969,-117,13.1,1266646.814,2806318.431,9/16/2025,8:46:02 AM,00:00.0,HA,228000607532,M4 Backpack
13,Point,13,9/16/25 11:12:29 AM,9/16/2025,11:12:29,3001,-124.6,13.11,1266622.409,2806318.241,9/16/2025,8:48:38 AM,00:00.0,HA,230000111746,M4 Backpack
14,Point,14,9/16/25 11:12:46 AM,9/16/2025,11:12:46,3009,-120.1,13.09,1266616.216,2806318.192,9/16/2025,8:48:55 AM,00:00.0,HA,230000111562,M4 Backpack
15,Point,15,9/16/25 11:13:28 AM,9/16/2025,11:13:28,3019,-123.9,13.11,1266598.003,2806318.05,9/16/2025,8:49:37 AM,00:00.0,HA,228000607513,M4 Backpack
16,Point,16,9/16/25 11:15:05 AM,9/16/2025,11:15:05,3228,NAN,13.1,1266579.79,2806317.908,9/16/2025,8:51:14 AM,00:00.0,HA,230000111578,M4 Backpack
17,Point,17,9/16/25 11:15:31 AM,9/16/2025,11:15:31,3239,-120.7,12.91,1266579.79,2806317.908,9/16/2025,8:51:40 AM,00:00.0,HA,230000111708,M4 Backpack
18,Point,18,9/16/25 11:17:32 AM,9/16/2025,11:17:32,3373,NAN,12.98,1266573.962,2806317.863,9/16/2025,8:53:41 AM,00:00.0,HA,230000111683,M4 Backpack
19,Point,19,9/16/25 11:21:36 AM,9/16/2025,11:21:36,3528,-124.4,13.11,1266598.003,2806318.05,9/16/2025,8:57:45 AM,00:00.0,HA,230000111733,M4 Backpack
20,Point,20,9/16/25 11:22:44 AM,9/16/2025,11:22:44,3545,-117.1,12.9,1266634.43,2806318.335,9/16/2025,8:58:53 AM,00:00.0,HA,230000111668,M4 Backpack
21,Point,21,9/16/25 11:25:03 AM,9/16/2025,11:25:03,3806,NAN,12.9,1266652.643,2806318.477,9/16/2025,9:01:11 AM,00:00.0,HA,230000111540,M4 Backpack
22,Point,22,9/16/25 11:27:14 AM,9/16/2025,11:27:14,4081,NAN,12.91,1266665.028,2806318.573,9/16/2025,9:03:23 AM,00:00.0,HA,230000111735,M4 Backpack
23,Point,23,9/16/25 11:28:27 AM,9/16/2025,11:28:27,4331,-121.1,12.9,1266665.028,2806318.573,9/16/2025,9:04:36 AM,00:00.0,HA,230000111540,M4 Backpack
24,Point,24,9/16/25 11:28:30 AM,9/16/2025,11:28:30,4345,-122.2,13.11,1266665.028,2806318.573,9/16/2025,9:04:38 AM,00:00.0,HA,230000111735,M4 Backpack
25,Point,25,9/16/25 11:30:23 AM,9/16/2025,11:30:23,4531,-120.5,13.11,1266665.028,2806318.573,9/16/2025,9:06:32 AM,00:00.0,HA,230000111540,M4 Backpack
26,Point,26,9/16/25 11:30:46 AM,9/16/2025,11:30:46,4539,-117.2,12.9,1266665.028,2806318.573,9/16/2025,9:06:55 AM,00:00.0,HA,230000111545,M4 Backpack
27,Point,27,9/16/25 11:34:05 AM,9/16/2025,11:34:05,4815,NAN,12.91,1266640.622,2806318.383,9/16/2025,9:10:14 AM,00:00.0,HA,230000111668,M4 Backpack
28,Point,28,9/16/25 11:35:38 AM,9/16/2025,11:35:38,4834,-121,12.93,1266604.195,2806318.099,9/16/2025,9:11:46 AM,00:00.0,HA,230000111575,M4 Backpack
29,Point,29,9/16/25 11:39:20 AM,9/16/2025,11:39:20,4973,-123.2,12.9,1266556.476,2806224.518,9/16/2025,9:15:28 AM,00:00.0,HA,230000111728,M4 Backpack
30,Point,30,9/16/25 11:39:32 AM,9/16/2025,11:39:32,5052,-121.1,13.1,1266544.091,2806224.422,9/16/2025,9:15:35 AM,00:06.5,HA,230000111728,M4 Backpack
31,Point,31,9/16/25 11:40:31 AM,9/16/2025,11:40:31,5107,-120,13.11,1266532.07,2806224.328,9/16/2025,9:16:40 AM,00:00.0,HA,231000039765,M4 Backpack
32,Point,32,9/16/25 11:43:25 AM,9/16/2025,11:43:25,5289,-127.7,13.12,1266562.304,2806224.564,9/16/2025,9:19:34 AM,00:00.0,HA,230000111698,M4 Backpack
33,Point,33,9/16/25 11:45:41 AM,9/16/2025,11:45:41,5697,-116.8,12.92,1266580.882,2806177.965,9/16/2025,9:21:50 AM,00:00.3,HA,230000111698,M4 Backpack
34,Point,34,9/16/25 11:47:05 AM,9/16/2025,11:47:05,5708,NAN,13.12,1266574.689,2806224.661,9/16/2025,9:23:13 AM,00:00.0,HA,231000039758,M4 Backpack
35,Point,35,9/16/25 11:48:22 AM,9/16/2025,11:48:22,5940,-143.1,13.12,1266574.689,2806224.661,9/16/2025,9:24:31 AM,00:00.0,HA,230000111631,M4 Backpack
36,Point,36,9/16/25 11:49:04 AM,9/16/2025,11:49:04,6130,NAN,12.92,1266580.517,2806224.706,9/16/2025,9:25:11 AM,00:01.4,HA,230000111631,M4 Backpack
37,Point,37,9/16/25 11:53:10 AM,9/16/2025,11:53:10,6270,-120.5,13.1,1266580.882,2806177.965,9/16/2025,9:29:19 AM,00:00.0,HA,230000111677,M4 Backpack
38,Point,38,9/16/25 11:59:54 AM,9/16/2025,11:59:54,6450,-115.6,12.91,1266616.944,2806224.991,9/16/2025,9:36:03 AM,00:00.0,HA,230000111684,M4 Backpack
39,Point,39,9/16/25 12:02:14 PM,9/16/2025,12:02:14,6653,-140.4,13.12,1266604.923,2806224.897,9/16/2025,9:38:22 AM,00:00.0,HA,230000111570,M4 Backpack
40,Point,40,9/16/25 12:04:31 PM,9/16/2025,12:04:31,6835,-120.1,12.92,1266592.902,2806224.803,9/16/2025,9:40:40 AM,00:00.0,HA,230000111624,M4 Backpack
41,Point,41,9/16/25 12:06:18 PM,9/16/2025,12:06:18,6860,-135.4,12.92,1266568.496,2806224.612,9/16/2025,9:42:27 AM,00:00.0,HA,228000607524,M4 Backpack
42,Point,42,9/16/25 12:08:05 PM,9/16/2025,12:08:05,7012,NAN,12.92,1266556.476,2806224.518,9/16/2025,9:44:14 AM,00:00.0,HA,228000607537,M4 Backpack
43,Point,43,9/16/25 12:11:19 PM,9/16/2025,12:11:19,7136,-143.1,13.11,1266556.476,2806224.518,9/16/2025,9:47:28 AM,00:00.0,HA,230000298011,M4 Backpack
44,Point,44,9/16/25 12:12:53 PM,9/16/2025,12:12:53,7266,-116.6,12.92,1266550.283,2806224.47,9/16/2025,9:49:02 AM,00:00.0,HA,228000607537,M4 Backpack
45,Point,45,9/16/25 12:13:27 PM,9/16/2025,12:13:27,7277,-120.9,13.12,1266550.283,2806224.47,9/16/2025,9:49:36 AM,00:00.0,HA,230000298011,M4 Backpack
46,Point,46,9/16/25 12:14:44 PM,9/16/2025,12:14:44,7286,-116.9,13.12,1266550.283,2806224.47,9/16/2025,9:50:52 AM,00:00.0,HA,228000607524,M4 Backpack
47,Point,47,9/16/25 12:14:45 PM,9/16/2025,12:14:45,7291,-117.2,13.12,1266550.283,2806224.47,9/16/2025,9:50:54 AM,00:00.0,HA,230000111510,M4 Backpack
48,Point,48,9/16/25 12:16:20 PM,9/16/2025,12:16:20,7356,-126.7,12.92,1266556.476,2806224.518,9/16/2025,9:52:29 AM,00:00.0,HA,230000111624,M4 Backpack
49,Point,49,9/16/25 12:16:32 PM,9/16/2025,12:16:32,7375,-123.4,12.92,1266556.476,2806224.518,9/16/2025,9:52:40 AM,00:00.0,HA,230000111510,M4 Backpack
50,Point,50,9/16/25 12:17:00 PM,9/16/2025,12:17:00,7384,-121.7,12.92,1266562.304,2806224.564,9/16/2025,9:53:08 AM,00:00.0,HA,230000111548,M4 Backpack
51,Point,51,9/16/25 12:19:49 PM,9/16/2025,12:19:49,7559,-116.8,13.06,1266574.689,2806224.661,9/16/2025,9:55:58 AM,00:00.0,HA,230000111570,M4 Backpack
52,Point,52,9/16/25 12:20:07 PM,9/16/2025,12:20:07,7585,NAN,12.92,1266574.689,2806224.661,9/16/2025,9:56:16 AM,00:00.0,HA,230000111716,M4 Backpack
53,Point,53,9/16/25 12:20:37 PM,9/16/2025,12:20:37,7639,-121.8,13.11,1266580.517,2806224.706,9/16/2025,9:56:46 AM,00:00.0,HA,226001370277,M4 Backpack
54,Point,54,9/16/25 12:20:39 PM,9/16/2025,12:20:39,7648,-127.7,13.11,1266580.517,2806224.706,9/16/2025,9:56:47 AM,00:00.0,HA,230000111716,M4 Backpack
55,Point,55,9/16/25 12:20:44 PM,9/16/2025,12:20:44,7659,-119.7,12.93,1266580.517,2806224.706,9/16/2025,9:56:53 AM,00:00.0,HA,226001370277,M4 Backpack
56,Point,56,9/16/25 12:20:45 PM,9/16/2025,12:20:45,7660,-119.7,12.93,1266580.517,2806224.706,9/16/2025,9:56:53 AM,00:00.1,HA,230000111716,M4 Backpack
57,Point,57,9/16/25 12:21:30 PM,9/16/2025,12:21:30,7739,-125.3,12.92,1266586.71,2806224.755,9/16/2025,9:57:40 AM,00:00.0,HA,226001370277,M4 Backpack
58,Point,58,9/16/25 12:21:31 PM,9/16/2025,12:21:31,7742,-125.3,12.92,1266586.71,2806224.755,9/16/2025,9:57:40 AM,00:00.0,HA,230000111716,M4 Backpack
59,Point,59,9/16/25 12:21:46 PM,9/16/2025,12:21:46,7795,-145.6,13.1,1266586.71,2806224.755,9/16/2025,9:57:55 AM,00:00.0,HA,230000111507,M4 Backpack
60,Point,60,9/16/25 12:21:48 PM,9/16/2025,12:21:48,7803,-119.1,13.12,1266586.71,2806224.755,9/16/2025,9:57:57 AM,00:00.0,HA,230000111716,M4 Backpack
61,Point,61,9/16/25 12:22:37 PM,9/16/2025,12:22:37,7843,-123.3,12.93,1266586.71,2806224.755,9/16/2025,9:58:45 AM,00:00.0,HA,230000111507,M4 Backpack
62,Point,62,9/16/25 12:24:03 PM,9/16/2025,12:24:03,7870,NAN,13.11,1266598.731,2806224.849,9/16/2025,10:00:12 AM,00:00.0,HA,230000111594,M4 Backpack
63,Point,63,9/16/25 12:25:33 PM,9/16/2025,12:25:33,7985,NAN,13.12,1266604.923,2806224.897,9/16/2025,10:01:42 AM,00:00.0,HA,230000111567,M4 Backpack
64,Point,64,9/16/25 12:28:43 PM,9/16/2025,12:28:43,8207,-117,12.92,1266611.116,2806224.945,9/16/2025,10:04:51 AM,00:00.0,HA,230000111507,M4 Backpack
65,Point,65,9/16/25 12:31:04 PM,9/16/2025,12:31:04,8215,NAN,13.12,1266550.283,2806224.47,9/16/2025,10:07:13 AM,00:00.0,HA,230000298011,M4 Backpack
66,Point,66,9/16/25 12:31:16 PM,9/16/2025,12:31:16,8222,-124,12.95,1266544.091,2806224.422,9/16/2025,10:07:24 AM,00:00.0,HA,230000111728,M4 Backpack
67,Point,67,9/16/25 12:31:45 PM,9/16/2025,12:31:45,8261,-121.7,13.12,1266532.07,2806224.328,9/16/2025,10:07:54 AM,00:00.0,HA,228000607516,M4 Backpack
68,Point,68,9/16/25 12:32:05 PM,9/16/2025,12:32:05,8270,NAN,12.92,1266520.049,2806224.234,9/16/2025,10:08:14 AM,00:00.0,HA,230000111560,M4 Backpack
69,Point,69,9/16/25 12:33:31 PM,9/16/2025,12:33:31,8291,-118.6,12.92,1266562.304,2806224.564,9/16/2025,10:09:40 AM,00:00.0,HA,228000607505,M4 Backpack
70,Point,70,9/16/25 12:33:32 PM,9/16/2025,12:33:32,8296,-114.2,13.11,1266562.304,2806224.564,9/16/2025,10:09:40 AM,00:00.1,HA,230000111643,M4 Backpack
71,Point,71,9/16/25 12:33:32 PM,9/16/2025,12:33:32,8297,-121,13.12,1266562.304,2806224.564,9/16/2025,10:09:40 AM,00:00.2,HA,228000607505,M4 Backpack
72,Point,72,9/16/25 12:33:39 PM,9/16/2025,12:33:39,8298,-119.4,12.92,1266568.496,2806224.612,9/16/2025,10:09:48 AM,00:00.0,HA,230000111643,M4 Backpack
73,Point,73,9/16/25 12:33:41 PM,9/16/2025,12:33:41,8306,-117.9,12.92,1266568.496,2806224.612,9/16/2025,10:09:49 AM,00:00.1,HA,228000607505,M4 Backpack
74,Point,74,9/16/25 12:33:46 PM,9/16/2025,12:33:46,8307,-119,13.12,1266568.496,2806224.612,9/16/2025,10:09:55 AM,00:00.0,HA,230000111643,M4 Backpack
75,Point,75,9/16/25 12:33:48 PM,9/16/2025,12:33:48,8318,-119.9,13.1,1266568.496,2806224.612,9/16/2025,10:09:56 AM,00:00.4,HA,228000607505,M4 Backpack
76,Point,76,9/16/25 12:33:53 PM,9/16/2025,12:33:53,8340,-115.9,12.92,1266568.496,2806224.612,9/16/2025,10:10:02 AM,00:00.2,HA,230000111643,M4 Backpack
77,Point,77,9/16/25 12:34:04 PM,9/16/2025,12:34:04,8355,NAN,12.92,1266568.496,2806224.612,9/16/2025,10:10:12 AM,00:00.0,HA,228000607505,M4 Backpack
78,Point,78,9/16/25 12:34:12 PM,9/16/2025,12:34:12,8363,-129.8,13.12,1266568.496,2806224.612,9/16/2025,10:10:20 AM,00:00.0,HA,230000111643,M4 Backpack
79,Point,79,9/16/25 12:34:13 PM,9/16/2025,12:34:13,8375,-122.9,13.1,1266568.496,2806224.612,9/16/2025,10:10:22 AM,00:00.0,HA,228000607505,M4 Backpack
80,Point,80,9/16/25 12:34:14 PM,9/16/2025,12:34:14,8376,-123.9,12.92,1266568.496,2806224.612,9/16/2025,10:10:23 AM,00:00.0,HA,230000111643,M4 Backpack
81,Point,81,9/16/25 12:34:42 PM,9/16/2025,12:34:42,8392,NAN,13.08,1266574.689,2806224.661,9/16/2025,10:10:51 AM,00:00.2,HA,228000607505,M4 Backpack
82,Point,82,9/16/25 12:35:55 PM,9/16/2025,12:35:55,8396,-115.2,12.96,1266592.902,2806224.803,9/16/2025,10:12:04 AM,00:00.0,HA,230000111541,M4 Backpack
83,Point,83,9/16/25 12:37:06 PM,9/16/2025,12:37:06,8417,NAN,12.93,1266604.923,2806224.897,9/16/2025,10:13:15 AM,00:00.0,HA,226001370219,M4 Backpack
84,Point,84,9/16/25 12:42:05 PM,9/16/2025,12:42:05,8571,NAN,13.13,1266629.329,2806225.087,9/16/2025,10:18:14 AM,00:00.0,HA,230000111523,M4 Backpack
85,Point,85,9/16/25 12:43:53 PM,9/16/2025,12:43:53,8794,-120.4,13.13,1266623.136,2806225.039,9/16/2025,10:20:02 AM,00:00.0,HA,230000111541,M4 Backpack
86,Point,86,9/16/25 12:44:19 PM,9/16/2025,12:44:19,8804,-122.9,13.13,1266611.116,2806224.945,9/16/2025,10:20:27 AM,00:00.0,HA,228000607565,M4 Backpack
87,Point,87,9/16/25 12:46:21 PM,9/16/2025,12:46:21,8940,NAN,13.13,1266598.731,2806224.849,9/16/2025,10:22:30 AM,00:00.0,HA,230000111534,M4 Backpack
88,Point,88,9/16/25 12:47:43 PM,9/16/2025,12:47:43,8979,-116.2,12.94,1266586.71,2806224.755,9/16/2025,10:23:51 AM,00:00.0,HA,228000607505,M4 Backpack
89,Point,89,9/16/25 12:47:47 PM,9/16/2025,12:47:47,8992,-119.4,13.13,1266586.71,2806224.755,9/16/2025,10:23:55 AM,00:00.0,HA,230000111643,M4 Backpack
90,Point,90,9/16/25 12:47:49 PM,9/16/2025,12:47:49,9007,-120.7,12.93,1266586.71,2806224.755,9/16/2025,10:23:57 AM,00:00.4,HA,228000607505,M4 Backpack
91,Point,91,9/16/25 12:47:54 PM,9/16/2025,12:47:54,9013,-118.9,13.03,1266586.71,2806224.755,9/16/2025,10:24:02 AM,00:00.0,HA,230000111643,M4 Backpack
92,Point,92,9/16/25 12:48:23 PM,9/16/2025,12:48:23,9029,-136.6,13.12,1266568.496,2806224.612,9/16/2025,10:24:32 AM,00:00.0,HA,230000298013,M4 Backpack
93,Point,93,9/16/25 12:49:18 PM,9/16/2025,12:49:18,9076,-121.3,13.13,1266556.476,2806224.518,9/16/2025,10:25:26 AM,00:00.0,HA,230000111566,M4 Backpack
94,Point,94,9/16/25 12:49:32 PM,9/16/2025,12:49:32,9090,-117.5,13.13,1266544.091,2806224.422,9/16/2025,10:25:41 AM,00:00.0,HA,231000039735,M4 Backpack
95,Point,95,9/16/25 12:52:50 PM,9/16/2025,12:52:50,9095,-119.4,13.13,1266598.731,2806224.849,9/16/2025,10:28:58 AM,00:00.0,HA,228000607552,M4 Backpack
96,Point,96,9/16/25 12:54:07 PM,9/16/2025,12:54:07,9219,-129.6,12.93,1266611.116,2806224.945,9/16/2025,10:30:16 AM,00:00.0,HA,230000111523,M4 Backpack
97,Point,97,9/16/25 12:56:36 PM,9/16/2025,12:56:36,9225,-122.5,12.9,1266647.542,2806225.229,9/16/2025,10:32:44 AM,00:00.0,HA,228000607546,M4 Backpack
98,Point,98,9/16/25 12:56:42 PM,9/16/2025,12:56:42,9230,-124.9,13.12,1266635.157,2806225.133,9/16/2025,10:32:51 AM,00:00.0,HA,228000607571,M4 Backpack
99,Point,99,9/16/25 12:57:55 PM,9/16/2025,12:57:55,9391,-118,12.93,1266629.329,2806225.087,9/16/2025,10:34:03 AM,00:00.0,HA,228000607546,M4 Backpack
100,Point,100,9/16/25 12:58:24 PM,9/16/2025,12:58:24,9432,-121.2,13.13,1266629.329,2806225.087,9/16/2025,10:34:33 AM,00:00.0,HA,228000607571,M4 Backpack
101,Point,101,9/16/25 12:58:31 PM,9/16/2025,12:58:31,9480,-115.4,13.13,1266629.329,2806225.087,9/16/2025,10:34:40 AM,00:00.0,HA,228000607552,M4 Backpack
102,Point,102,9/16/25 12:58:34 PM,9/16/2025,12:58:34,9489,-120.6,13.12,1266629.329,2806225.087,9/16/2025,10:34:42 AM,00:00.0,HA,228000607546,M4 Backpack
103,Point,103,9/16/25 12:58:38 PM,9/16/2025,12:58:37,9501,-120.9,12.93,1266623.136,2806225.039,9/16/2025,10:34:46 AM,00:00.0,HA,228000607571,M4 Backpack
104,Point,104,9/16/25 12:58:41 PM,9/16/2025,12:58:41,9518,-119,12.94,1266623.136,2806225.039,9/16/2025,10:34:49 AM,00:00.0,HA,228000607546,M4 Backpack
105,Point,105,9/16/25 12:58:48 PM,9/16/2025,12:58:48,9540,-115.6,12.92,1266623.136,2806225.039,9/16/2025,10:34:56 AM,00:00.0,HA,230000111700,M4 Backpack
106,Point,106,9/16/25 12:58:50 PM,9/16/2025,12:58:50,9544,-120.1,12.93,1266623.136,2806225.039,9/16/2025,10:34:58 AM,00:00.0,HA,228000607546,M4 Backpack
107,Point,107,9/16/25 12:58:52 PM,9/16/2025,12:58:52,9553,-112.8,13.11,1266623.136,2806225.039,9/16/2025,10:34:59 AM,00:02.0,HA,230000111700,M4 Backpack
108,Point,108,9/16/25 1:00:31 PM,9/16/2025,13:00:31,9779,-119.9,12.93,1266622.773,2806271.5,9/16/2025,10:36:39 AM,00:00.0,HA,228000607571,M4 Backpack
109,Point,109,9/16/25 1:04:53 PM,9/16/2025,13:04:53,9782,-116.1,12.95,1266610.753,2806271.406,9/16/2025,10:41:01 AM,00:00.0,HA,230000111700,M4 Backpack
110,Point,110,9/16/25 1:05:00 PM,9/16/2025,13:05:00,9794,-117.7,13.13,1266610.753,2806271.406,9/16/2025,10:41:08 AM,00:00.0,HA,228000607546,M4 Backpack
111,Point,111,9/16/25 1:07:55 PM,9/16/2025,13:07:55,9861,-118.7,12.93,1266628.966,2806271.548,9/16/2025,10:44:04 AM,00:00.0,HA,230000111700,M4 Backpack
112,Point,112,9/16/25 1:09:15 PM,9/16/2025,13:09:15,9878,-140.4,13.13,1266574.326,2806271.122,9/16/2025,10:45:24 AM,00:00.0,HA,230000111695,M4 Backpack
113,Point,113,9/16/25 1:18:15 PM,9/16/2025,13:18:15,10042,-122.9,13.13,1266574.326,2806271.122,9/16/2025,10:54:24 AM,00:00.0,HA,230000111555,M4 Backpack
114,Point,114,9/16/25 1:19:29 PM,9/16/2025,13:19:29,10190,-121.3,12.93,1266586.347,2806271.216,9/16/2025,10:55:37 AM,00:00.0,HA,230000111644,M4 Backpack
115,Point,115,9/16/25 1:22:24 PM,9/16/2025,13:22:24,10327,-120.1,13.13,1266647.179,2806271.69,9/16/2025,10:58:32 AM,00:00.0,HA,228000607560,M4 Backpack
116,Point,116,9/16/25 1:22:26 PM,9/16/2025,13:22:26,10338,-121.4,13.13,1266653.008,2806271.736,9/16/2025,10:58:34 AM,00:00.0,HA,228000607517,M4 Backpack
117,Point,117,9/16/25 1:22:30 PM,9/16/2025,13:22:30,10358,-117.7,12.93,1266653.008,2806271.736,9/16/2025,10:58:38 AM,00:00.0,HA,228000607560,M4 Backpack
118,Point,118,9/16/25 1:22:35 PM,9/16/2025,13:22:35,10384,-120,13.12,1266659.2,2806271.784,9/16/2025,10:58:43 AM,00:00.0,HA,228000607517,M4 Backpack
119,Point,119,9/16/25 1:22:37 PM,9/16/2025,13:22:37,10407,-120.2,12.92,1266653.008,2806271.736,9/16/2025,10:58:46 AM,00:00.0,HA,228000607560,M4 Backpack
120,Point,120,9/16/25 1:23:03 PM,9/16/2025,13:23:03,10502,NAN,13.13,1266659.2,2806271.784,9/16/2025,10:59:11 AM,00:00.3,HA,228000607517,M4 Backpack
121,Point,121,9/16/25 1:23:18 PM,9/16/2025,13:23:18,10555,-126.4,12.92,1266659.2,2806271.784,9/16/2025,10:59:26 AM,00:00.0,HA,228000607560,M4 Backpack
122,Point,122,9/16/25 1:23:52 PM,9/16/2025,13:23:52,10565,-119.8,13.11,1266659.2,2806271.784,9/16/2025,11:00:00 AM,00:00.3,HA,226001370244,M4 Backpack
123,Point,123,9/16/25 1:24:21 PM,9/16/2025,13:24:21,10655,-127.2,12.93,1266659.2,2806271.784,9/16/2025,11:00:29 AM,00:00.0,HA,228000607577,M4 Backpack
124,Point,124,9/16/25 1:24:32 PM,9/16/2025,13:24:32,10684,-120.5,12.93,1266653.008,2806271.736,9/16/2025,11:00:40 AM,00:00.2,HA,226001370244,M4 Backpack
125,Point,125,9/16/25 1:24:38 PM,9/16/2025,13:24:38,10717,-122.9,13.12,1266653.008,2806271.736,9/16/2025,11:00:46 AM,00:00.2,HA,228000607577,M4 Backpack
126,Point,126,9/16/25 1:24:44 PM,9/16/2025,13:24:44,10740,-114.7,13.13,1266653.008,2806271.736,9/16/2025,11:00:52 AM,00:00.0,HA,226001370244,M4 Backpack
127,Point,127,9/16/25 1:25:17 PM,9/16/2025,13:25:17,10752,-124.3,13.11,1266653.008,2806271.736,9/16/2025,11:01:26 AM,00:00.0,HA,228000607534,M4 Backpack
128,Point,128,9/16/25 1:26:19 PM,9/16/2025,13:26:19,10876,-135.4,12.94,1266647.179,2806271.69,9/16/2025,11:02:28 AM,00:00.0,HA,230000111545,M4 Backpack
129,Point,129,9/16/25 1:26:39 PM,9/16/2025,13:26:39,10915,-121.3,12.93,1266647.179,2806271.69,9/16/2025,11:02:47 AM,00:00.0,HA,228000607534,M4 Backpack
130,Point,130,9/16/25 1:26:43 PM,9/16/2025,13:26:43,10931,-118,12.94,1266647.179,2806271.69,9/16/2025,11:02:51 AM,00:00.0,HA,228000607577,M4 Backpack
131,Point,131,9/16/25 1:26:43 PM,9/16/2025,13:26:43,10934,-118,12.94,1266647.179,2806271.69,9/16/2025,11:02:51 AM,00:00.0,HA,228000607534,M4 Backpack
132,Point,132,9/16/25 1:26:43 PM,9/16/2025,13:26:43,10936,-118,12.94,1266647.179,2806271.69,9/16/2025,11:02:51 AM,00:00.2,HA,228000607577,M4 Backpack
133,Point,133,9/16/25 1:26:44 PM,9/16/2025,13:26:44,10937,-120.6,13.13,1266647.179,2806271.69,9/16/2025,11:02:51 AM,00:00.0,HA,228000607534,M4 Backpack
134,Point,134,9/16/25 1:26:46 PM,9/16/2025,13:26:46,10938,-128.8,13.13,1266647.179,2806271.69,9/16/2025,11:02:54 AM,00:00.0,HA,228000607577,M4 Backpack
135,Point,135,9/16/25 1:26:51 PM,9/16/2025,13:26:51,10959,-119,12.94,1266647.179,2806271.69,9/16/2025,11:03:00 AM,00:00.0,HA,228000607534,M4 Backpack
136,Point,136,9/16/25 1:26:53 PM,9/16/2025,13:26:53,10964,-115.3,13.11,1266647.179,2806271.69,9/16/2025,11:03:01 AM,00:00.1,HA,228000607577,M4 Backpack
137,Point,137,9/16/25 1:27:50 PM,9/16/2025,13:27:50,10997,-125.8,12.92,1266640.987,2806271.642,9/16/2025,11:03:58 AM,00:00.0,HA,230000111545,M4 Backpack
138,Point,138,9/16/25 1:30:20 PM,9/16/2025,13:30:20,11111,-128.7,13.13,1266604.56,2806271.358,9/16/2025,11:06:28 AM,00:00.0,HA,228000607507,M4 Backpack
139,Point,139,9/16/25 1:31:16 PM,9/16/2025,13:31:16,11215,-122.1,13.12,1266586.347,2806271.216,9/16/2025,11:07:24 AM,00:00.0,HA,230000111555,M4 Backpack
140,Point,140,9/16/25 1:31:56 PM,9/16/2025,13:31:56,11218,-118.2,12.93,1266561.941,2806271.025,9/16/2025,11:08:04 AM,00:00.0,HA,231000039781,M4 Backpack
141,Point,141,9/16/25 1:33:02 PM,9/16/2025,13:33:02,11318,NAN,12.93,1266556.113,2806270.98,9/16/2025,11:09:10 AM,00:00.0,HA,230000111592,M4 Backpack
142,Point,142,9/16/25 1:33:46 PM,9/16/2025,13:33:46,11413,-120.3,13.13,1266549.921,2806270.931,9/16/2025,11:09:54 AM,00:00.0,HA,230000111686,M4 Backpack
143,Point,143,9/16/25 1:34:08 PM,9/16/2025,13:34:08,11443,NAN,13.12,1266537.535,2806317.578,9/16/2025,11:10:16 AM,00:00.0,HA,230000111596,M4 Backpack
144,Point,144,9/16/25 1:34:47 PM,9/16/2025,13:34:47,11460,-117,12.93,1266543.363,2806317.624,9/16/2025,11:10:56 AM,00:00.0,HA,230000111581,M4 Backpack
145,Point,145,9/16/25 1:35:17 PM,9/16/2025,13:35:17,11522,-128.7,13.13,1266549.556,2806317.672,9/16/2025,11:11:25 AM,00:00.0,HA,230000111734,M4 Backpack
146,Point,146,9/16/25 1:36:26 PM,9/16/2025,13:36:26,11627,-122.1,13.13,1266579.79,2806317.908,9/16/2025,11:12:34 AM,00:00.0,HA,230000111575,M4 Backpack
147,Point,147,9/16/25 1:38:44 PM,9/16/2025,13:38:44,11786,-121.1,13.11,1266616.581,2806271.451,9/16/2025,11:14:52 AM,00:00.0,HA,230000111668,M4 Backpack
148,Point,148,9/16/25 1:40:00 PM,9/16/2025,13:40:00,11850,-114.4,12.93,1266634.794,2806271.594,9/16/2025,11:16:08 AM,00:00.0,HA,230000111540,M4 Backpack
149,Point,149,9/16/25 1:40:22 PM,9/16/2025,13:40:22,11862,-118.6,13.13,1266653.008,2806271.736,9/16/2025,11:16:31 AM,00:00.0,HA,230000111735,M4 Backpack
150,Point,150,9/16/25 1:46:11 PM,9/16/2025,13:46:11,11973,NAN,13.13,1266581.976,2806038.022,9/16/2025,11:22:19 AM,00:00.0,HA,230000111527,M4 Backpack
151,Point,151,9/16/25 1:49:40 PM,9/16/2025,13:49:40,12150,-119.7,13.11,1266521.508,2806037.55,9/16/2025,11:25:49 AM,00:00.0,HA,231000039714,M4 Backpack
152,Point,152,9/16/25 1:52:17 PM,9/16/2025,13:52:17,12260,-128.7,13.13,1266515.315,2806037.501,9/16/2025,11:28:25 AM,00:00.0,HA,231000039720,M4 Backpack
153,Point,153,9/16/25 1:56:43 PM,9/16/2025,13:56:43,12359,-119.9,13.12,1266545.184,2806084.479,9/16/2025,11:32:51 AM,00:00.0,HA,228000607533,M4 Backpack
154,Point,154,9/16/25 1:59:49 PM,9/16/2025,13:59:49,12527,-118.3,12.92,1266520.779,2806130.752,9/16/2025,11:35:57 AM,00:00.0,HA,228000607573,M4 Backpack
155,Point,155,9/16/25 2:02:21 PM,9/16/2025,14:02:21,12649,-137,12.93,1266587.44,2806131.273,9/16/2025,11:38:30 AM,00:00.0,HA,230000111648,M4 Backpack
156,Point,156,9/16/25 2:04:50 PM,9/16/2025,14:04:50,12801,-118.4,13.12,1266616.944,2806224.991,9/16/2025,11:40:58 AM,00:00.0,HA,226001370219,M4 Backpack
157,Point,157,9/16/25 2:05:56 PM,9/16/2025,14:05:56,12896,-122.8,13.13,1266616.944,2806224.991,9/16/2025,11:42:05 AM,00:00.0,HA,230000111567,M4 Backpack
158,Point,158,9/16/25 2:13:31 PM,9/16/2025,14:13:31,13020,-117.3,12.93,1266580.882,2806177.965,9/16/2025,11:49:39 AM,00:00.0,HA,230000111677,M4 Backpack
159,Point,159,9/16/25 2:15:53 PM,9/16/2025,14:15:53,13085,NAN,13.12,1266520.049,2806224.234,9/16/2025,11:52:00 AM,00:00.5,HA,228000607516,M4 Backpack
160,Point,160,9/16/25 2:16:45 PM,9/16/2025,14:16:45,13088,-116.9,12.91,1266428.62,2806269.984,9/16/2025,11:52:53 AM,00:00.0,HA,230000088084,M4 Backpack
161,Point,161,9/16/25 3:05:56 PM,9/16/2025,15:05:56,13091,-118.2,13.09,1266568.143,2805478.108,9/16/2025,12:42:04 PM,00:00.0,HA,226001370342,M4 Backpack
162,Point,162,9/16/25 3:22:30 PM,9/16/2025,15:22:30,13285,-121,12.91,1266491.29,2805244.346,9/16/2025,12:58:38 PM,00:00.0,HA,209000133209,M4 Backpack
163,Point,163,9/16/25 3:25:22 PM,9/16/2025,15:25:22,13347,-118.2,13.09,1266515.699,2805197.793,9/16/2025,1:01:30 PM,00:00.0,HA,209000133204,M4 Backpack
164,Point,164,9/16/25 3:29:28 PM,9/16/2025,15:29:28,13413,-124.7,13.08,1266509.871,2805197.747,9/16/2025,1:05:36 PM,00:00.0,HA,209000133181,M4 Backpack
165,Point,165,9/16/25 3:32:27 PM,9/16/2025,15:32:27,13698,-121,12.87,1266503.678,2805197.699,9/16/2025,1:08:35 PM,00:00.0,HA,230000298006,M4 Backpack
166,Point,166,9/16/25 3:32:31 PM,9/16/2025,15:32:31,13724,-120.7,13.07,1266503.678,2805197.699,9/16/2025,1:08:38 PM,00:01.0,HA,230000298006,M4 Backpack
167,Point,167,9/16/25 3:35:01 PM,9/16/2025,15:35:01,13951,-117.6,13.08,1266503.678,2805197.699,9/16/2025,1:11:09 PM,00:00.0,HA,209000133155,M4 Backpack
168,Point,168,9/16/25 3:35:33 PM,9/16/2025,15:35:33,13984,-117.9,12.87,1266503.678,2805197.699,9/16/2025,1:11:41 PM,00:00.0,HA,230000298006,M4 Backpack
169,Point,169,9/16/25 3:35:40 PM,9/16/2025,15:35:40,13993,-121.8,13.08,1266503.678,2805197.699,9/16/2025,1:11:48 PM,00:00.0,HA,209000133155,M4 Backpack
170,Point,170,9/16/25 3:36:56 PM,9/16/2025,15:36:56,14143,-116.1,12.87,1266503.678,2805197.699,9/16/2025,1:13:03 PM,00:00.0,HA,209000133194,M4 Backpack
171,Point,171,9/16/25 3:38:30 PM,9/16/2025,15:38:30,14366,-123,12.87,1266510.238,2805151.006,9/16/2025,1:14:38 PM,00:00.0,HA,209000133126,M4 Backpack
172,Point,172,9/16/25 3:48:00 PM,9/16/2025,15:48:00,14468,-131.1,13.05,1266469.45,2804917.526,9/16/2025,1:24:08 PM,00:00.0,HA,209000133175,M4 Backpack
173,Point,173,9/16/25 3:50:03 PM,9/16/2025,15:50:03,14710,NAN,12.86,1266469.45,2804917.526,9/16/2025,1:26:11 PM,00:00.0,HA,209000133185,M4 Backpack
174,Point,174,9/16/25 4:14:38 PM,9/16/2025,16:14:38,15052,-123,13.05,1266586.022,2804778.49,9/16/2025,1:50:45 PM,00:00.0,HA,209000133134,M4 Backpack
175,Point,175,9/16/25 4:17:59 PM,9/16/2025,16:17:59,15210,-113.2,12.81,1266641.03,2804732.179,9/16/2025,1:54:06 PM,00:00.0,HA,209000133130,M4 Backpack
176,Point,176,9/16/25 4:32:52 PM,9/16/2025,16:32:52,15382,-121.4,12.82,1266657.461,2804172.504,9/16/2025,2:09:00 PM,00:00.0,HA,230000111664,M4 Backpack
177,Point,177,9/16/25 4:33:08 PM,9/16/2025,16:33:08,15421,NAN,12.81,1266639.248,2804172.36,9/16/2025,2:09:15 PM,00:00.0,HA,230000298012,M4 Backpack
178,Point,178,9/16/25 4:33:17 PM,9/16/2025,16:33:17,15463,-136.6,12.83,1266639.248,2804172.36,9/16/2025,2:09:25 PM,00:00.0,HA,230000111664,M4 Backpack
179,Point,179,9/16/25 4:33:19 PM,9/16/2025,16:33:19,15471,-135.8,13.03,1266639.248,2804172.36,9/16/2025,2:09:27 PM,00:00.0,HA,230000298012,M4 Backpack
180,Point,180,9/16/25 4:34:09 PM,9/16/2025,16:34:09,15559,NAN,12.78,1266639.248,2804172.36,9/16/2025,2:10:17 PM,00:00.0,HA,209000133110,M4 Backpack
181,Point,181,9/16/25 4:36:45 PM,9/16/2025,16:36:45,15569,-121.3,12.82,1266529.599,2804218.239,9/16/2025,2:12:53 PM,00:00.0,HA,226001370222,M4 Backpack
182,Point,182,9/16/25 4:37:26 PM,9/16/2025,16:37:26,15709,-120.2,12.82,1266523.407,2804218.19,9/16/2025,2:13:33 PM,00:00.7,HA,226001370222,M4 Backpack
183,Point,183,9/16/25 4:38:18 PM,9/16/2025,16:38:18,15746,NAN,13.02,1266535.792,2804218.288,9/16/2025,2:14:25 PM,00:00.0,HA,226001370230,M4 Backpack
184,Point,184,9/16/25 4:39:33 PM,9/16/2025,16:39:33,15921,-117.9,12.99,1266535.792,2804218.288,9/16/2025,2:15:41 PM,00:00.0,HA,226001370222,M4 Backpack
185,Point,185,9/16/25 4:39:44 PM,9/16/2025,16:39:44,15954,-118.4,13.01,1266535.792,2804218.288,9/16/2025,2:15:51 PM,00:00.0,HA,226001370205,M4 Backpack
186,Point,186,9/16/25 4:41:16 PM,9/16/2025,16:41:16,16107,-122.7,12.81,1266529.968,2804171.498,9/16/2025,2:17:24 PM,00:00.0,HA,226001370230,M4 Backpack
187,Point,187,9/16/25 4:51:17 PM,9/16/2025,16:51:17,16112,-123.7,12.72,1266496.425,2804591.09,9/16/2025,2:27:24 PM,00:00.0,HA,226001370291,M4 Backpack
188,Point,188,9/16/25 5:10:13 PM,9/16/2025,17:10:13,16211,-144.2,12.98,1266525.889,2805477.777,9/16/2025,2:46:20 PM,00:00.0,HA,230000142503,M4 Backpack
