OBJECTID,Shape,TIMESTAMP,Date,Time,Lat_DD,Long_DD,DetDate,DetTime,DetDur,TagType,TagID,Antenna,,,
1,Point,9/23/2024 11:41:00 AM,9/23/2024,11:41:52,1266479.414,2806267.464,9/23/2024,11:40:58,00:00.0,HA,230000087405,M3,<Null>,<Null>,<Null>
2,Point,9/23/2024 11:43:00 AM,9/23/2024,11:43:05,1266479.414,2806267.464,9/23/2024,11:42:12,00:00.0,HA,226001581072,M3,<Null>,<Null>,<Null>
3,Point,9/23/2024 11:58:00 AM,9/23/2024,11:58:38,1266479.414,2806267.464,9/23/2024,11:57:45,00:00.0,HA,230000087405,M3,<Null>,<Null>,<Null>
4,Point,9/23/2024 12:33:00 PM,9/23/2024,12:33:03,1266509.648,2806267.7,9/23/2024,12:32:09,00:00.0,HA,228000607516,M3,<Null>,<Null>,<Null>
5,Point,9/23/2024 12:33:00 PM,9/23/2024,12:33:28,1266528.223,2806221.381,9/23/2024,12:32:35,00:00.0,HA,230000111560,M3,<Null>,<Null>,<Null>
6,Point,9/23/2024 12:33:00 PM,9/23/2024,12:33:31,1266534.054,2806267.89,9/23/2024,12:32:38,00:00.0,HA,231000039735,M3,<Null>,<Null>,<Null>
7,Point,9/23/2024 12:33:00 PM,9/23/2024,12:33:33,1266534.054,2806267.89,9/23/2024,12:32:39,00:00.1,HA,230000111566,M3,<Null>,<Null>,<Null>
8,Point,9/23/2024 12:33:00 PM,9/23/2024,12:33:52,1266534.054,2806267.89,9/23/2024,12:32:59,00:00.0,HA,230000111686,M3,<Null>,<Null>,<Null>
9,Point,9/23/2024 12:34:00 PM,9/23/2024,12:34:03,1266533.689,2806314.631,9/23/2024,12:33:09,00:00.0,HA,230000111596,M3,<Null>,<Null>,<Null>
10,Point,9/23/2024 12:34:00 PM,9/23/2024,12:34:16,1266539.881,2806314.68,9/23/2024,12:33:23,00:00.0,HA,231000039738,M3,<Null>,<Null>,<Null>
11,Point,9/23/2024 12:34:00 PM,9/23/2024,12:34:20,1266539.881,2806314.68,9/23/2024,12:33:26,00:00.0,HA,230000111712,M3,<Null>,<Null>,<Null>
12,Point,9/23/2024 12:36:00 PM,9/23/2024,12:36:58,1266545.345,2806361.466,9/23/2024,12:36:04,00:00.0,HA,230000004000,M3,<Null>,<Null>,<Null>
13,Point,9/23/2024 12:45:00 PM,9/23/2024,12:45:27,1266587.964,2806361.799,9/23/2024,12:44:28,00:05.4,HA,230000004000,M3,<Null>,<Null>,<Null>
14,Point,9/23/2024 12:58:00 PM,9/23/2024,12:58:31,1266654.989,2806315.578,9/23/2024,12:57:37,00:00.0,HA,228000607532,M3,<Null>,<Null>,<Null>
15,Point,9/23/2024 01:00:00 PM,9/23/2024,13:00:31,1266545.709,2806314.725,9/23/2024,12:59:37,00:00.0,HA,231000039738,M3,<Null>,<Null>,<Null>
16,Point,9/23/2024 01:00:00 PM,9/23/2024,13:00:48,1266551.902,2806314.774,9/23/2024,12:59:54,00:00.0,HA,230000111683,M3,<Null>,<Null>,<Null>
17,Point,9/23/2024 01:01:00 PM,9/23/2024,13:01:23,1266570.115,2806314.916,9/23/2024,13:00:29,00:00.0,HA,230000111578,M3,<Null>,<Null>,<Null>
18,Point,9/23/2024 01:01:00 PM,9/23/2024,13:01:30,1266576.308,2806314.964,9/23/2024,13:00:36,00:00.0,HA,228000607513,M3,<Null>,<Null>,<Null>
19,Point,9/23/2024 01:01:00 PM,9/23/2024,13:01:33,1266582.136,2806315.009,9/23/2024,13:00:39,00:00.5,HA,230000111578,M3,<Null>,<Null>,<Null>
20,Point,9/23/2024 01:01:00 PM,9/23/2024,13:01:47,1266588.328,2806315.058,9/23/2024,13:00:53,00:00.0,HA,230000111717,M3,<Null>,<Null>,<Null>
21,Point,9/23/2024 01:01:00 PM,9/23/2024,13:01:54,1266594.521,2806315.106,9/23/2024,13:00:58,00:02.4,HA,230000111717,M3,<Null>,<Null>,<Null>
22,Point,9/23/2024 01:02:00 PM,9/23/2024,13:02:01,1266600.349,2806315.151,9/23/2024,13:01:07,00:00.0,HA,230000111562,M3,<Null>,<Null>,<Null>
23,Point,9/23/2024 01:02:00 PM,9/23/2024,13:02:18,1266612.734,2806315.248,9/23/2024,13:01:24,00:00.0,HA,230000111746,M3,<Null>,<Null>,<Null>
24,Point,9/23/2024 01:02:00 PM,9/23/2024,13:02:26,1266612.734,2806315.248,9/23/2024,13:01:33,00:00.0,HA,230000111725,M3,<Null>,<Null>,<Null>
25,Point,9/23/2024 01:02:00 PM,9/23/2024,13:02:53,1266649.161,2806315.532,9/23/2024,13:02:00,00:00.0,HA,228000607532,M3,<Null>,<Null>,<Null>
26,Point,9/23/2024 01:04:00 PM,9/23/2024,13:04:07,1266618.563,2806315.294,9/23/2024,13:03:13,00:00.0,HA,230000111746,M3,<Null>,<Null>,<Null>
27,Point,9/23/2024 01:04:00 PM,9/23/2024,13:04:29,1266594.521,2806315.106,9/23/2024,13:03:35,00:00.0,HA,230000111717,M3,<Null>,<Null>,<Null>
28,Point,9/23/2024 01:04:00 PM,9/23/2024,13:04:41,1266588.328,2806315.058,9/23/2024,13:03:48,00:00.0,HA,228000607513,M3,<Null>,<Null>,<Null>
29,Point,9/23/2024 01:04:00 PM,9/23/2024,13:04:47,1266582.136,2806315.009,9/23/2024,13:03:53,00:00.4,HA,230000111578,M3,<Null>,<Null>,<Null>
30,Point,9/23/2024 01:04:00 PM,9/23/2024,13:04:53,1266570.115,2806314.916,9/23/2024,13:04:00,00:00.0,HA,230000111708,M3,<Null>,<Null>,<Null>
31,Point,9/23/2024 01:05:00 PM,9/23/2024,13:05:04,1266558.094,2806314.822,9/23/2024,13:04:11,00:00.0,HA,230000111683,M3,<Null>,<Null>,<Null>
32,Point,9/23/2024 01:07:00 PM,9/23/2024,13:07:24,1266625.12,2806268.601,9/23/2024,13:06:30,00:00.0,HA,230000111668,M3,<Null>,<Null>,<Null>
33,Point,9/23/2024 01:08:00 PM,9/23/2024,13:08:26,1266655.354,2806268.837,9/23/2024,13:07:32,00:00.0,HA,230000111735,M3,<Null>,<Null>,<Null>
34,Point,9/23/2024 01:08:00 PM,9/23/2024,13:08:28,1266655.354,2806268.837,9/23/2024,13:07:34,00:00.5,HA,230000111540,M3,<Null>,<Null>,<Null>
35,Point,9/23/2024 01:09:00 PM,9/23/2024,13:09:28,1266576.308,2806314.964,9/23/2024,13:08:35,00:00.0,HA,228000607513,M3,<Null>,<Null>,<Null>
36,Point,9/23/2024 01:09:00 PM,9/23/2024,13:09:41,1266563.923,2806314.867,9/23/2024,13:08:47,00:00.0,HA,230000111708,M3,<Null>,<Null>,<Null>
37,Point,9/23/2024 01:10:00 PM,9/23/2024,13:10:04,1266539.881,2806314.68,9/23/2024,13:09:10,00:00.0,HA,230000228791,M3,<Null>,<Null>,<Null>
38,Point,9/23/2024 01:10:00 PM,9/23/2024,13:10:54,1266576.308,2806314.964,9/23/2024,13:10:00,00:00.0,HA,226001370256,M3,<Null>,<Null>,<Null>
39,Point,9/23/2024 01:11:00 PM,9/23/2024,13:11:01,1266582.501,2806268.268,9/23/2024,13:10:07,00:00.0,HA,230000111575,M3,<Null>,<Null>,<Null>
40,Point,9/23/2024 01:11:00 PM,9/23/2024,13:11:11,1266594.886,2806268.365,9/23/2024,13:10:17,00:00.0,HA,230000111733,M3,<Null>,<Null>,<Null>
41,Point,9/23/2024 01:11:00 PM,9/23/2024,13:11:34,1266618.927,2806268.553,9/23/2024,13:10:40,00:00.0,HA,230000111668,M3,<Null>,<Null>,<Null>
42,Point,9/23/2024 01:12:00 PM,9/23/2024,13:12:03,1266649.525,2806268.792,9/23/2024,13:11:09,00:00.0,HA,230000111735,M3,<Null>,<Null>,<Null>
43,Point,9/23/2024 01:12:00 PM,9/23/2024,13:12:06,1266655.354,2806268.837,9/23/2024,13:11:11,00:01.4,HA,230000111735,M3,<Null>,<Null>,<Null>
44,Point,9/23/2024 01:12:00 PM,9/23/2024,13:12:16,1266655.354,2806268.837,9/23/2024,13:11:22,00:00.0,HA,230000111540,M3,<Null>,<Null>,<Null>
45,Point,9/23/2024 01:12:00 PM,9/23/2024,13:12:39,1266649.525,2806268.792,9/23/2024,13:11:45,00:00.0,HA,228000607534,M3,<Null>,<Null>,<Null>
46,Point,9/23/2024 01:12:00 PM,9/23/2024,13:12:41,1266643.333,2806268.743,9/23/2024,13:11:47,00:00.3,HA,230000111545,M3,<Null>,<Null>,<Null>
47,Point,9/23/2024 01:12:00 PM,9/23/2024,13:12:53,1266625.12,2806268.601,9/23/2024,13:11:59,00:00.0,HA,228000607509,M3,<Null>,<Null>,<Null>
48,Point,9/23/2024 01:13:00 PM,9/23/2024,13:13:15,1266588.693,2806268.317,9/23/2024,13:12:21,00:00.0,HA,230000111575,M3,<Null>,<Null>,<Null>
49,Point,9/23/2024 01:13:00 PM,9/23/2024,13:13:52,1266539.881,2806314.68,9/23/2024,13:12:58,00:00.0,HA,230000111596,M3,<Null>,<Null>,<Null>
50,Point,9/23/2024 01:14:00 PM,9/23/2024,13:14:44,1266533.689,2806314.631,9/23/2024,13:13:50,00:00.0,HA,230000111581,M3,<Null>,<Null>,<Null>
51,Point,9/23/2024 01:14:00 PM,9/23/2024,13:14:49,1266545.709,2806314.725,9/23/2024,13:13:55,00:00.0,HA,230000111734,M3,<Null>,<Null>,<Null>
52,Point,9/23/2024 01:15:00 PM,9/23/2024,13:15:19,1266582.501,2806268.268,9/23/2024,13:14:25,00:00.0,HA,230000111575,M3,<Null>,<Null>,<Null>
53,Point,9/23/2024 01:15:00 PM,9/23/2024,13:15:53,1266606.906,2806268.459,9/23/2024,13:14:59,00:00.0,HA,230000111614,M3,<Null>,<Null>,<Null>
54,Point,9/23/2024 01:16:00 PM,9/23/2024,13:16:33,1266625.12,2806268.601,9/23/2024,13:15:39,00:00.0,HA,228000607541,M3,<Null>,<Null>,<Null>
55,Point,9/23/2024 01:16:00 PM,9/23/2024,13:16:47,1266643.333,2806268.743,9/23/2024,13:15:53,00:00.0,HA,228000607577,M3,<Null>,<Null>,<Null>
56,Point,9/23/2024 01:16:00 PM,9/23/2024,13:16:51,1266643.333,2806268.743,9/23/2024,13:15:57,00:00.0,HA,226001370244,M3,<Null>,<Null>,<Null>
57,Point,9/23/2024 01:16:00 PM,9/23/2024,13:16:53,1266649.525,2806268.792,9/23/2024,13:15:59,00:00.0,HA,228000607517,M3,<Null>,<Null>,<Null>
58,Point,9/23/2024 01:17:00 PM,9/23/2024,13:17:43,1266643.333,2806268.743,9/23/2024,13:16:49,00:00.0,HA,228000607541,M3,<Null>,<Null>,<Null>
59,Point,9/23/2024 01:17:00 PM,9/23/2024,13:17:54,1266625.12,2806268.601,9/23/2024,13:17:00,00:00.0,HA,228000607509,M3,<Null>,<Null>,<Null>
60,Point,9/23/2024 01:17:00 PM,9/23/2024,13:17:57,1266618.927,2806268.553,9/23/2024,13:17:03,00:00.0,HA,230000111614,M3,<Null>,<Null>,<Null>
61,Point,9/23/2024 01:18:00 PM,9/23/2024,13:18:05,1266606.906,2806268.459,9/23/2024,13:17:11,00:00.0,HA,230000111644,M3,<Null>,<Null>,<Null>
62,Point,9/23/2024 01:18:00 PM,9/23/2024,13:18:09,1266594.886,2806268.365,9/23/2024,13:17:15,00:00.0,HA,228000607507,M3,<Null>,<Null>,<Null>
63,Point,9/23/2024 01:18:00 PM,9/23/2024,13:18:15,1266588.693,2806268.317,9/23/2024,13:17:21,00:00.0,HA,230000111555,M3,<Null>,<Null>,<Null>
64,Point,9/23/2024 01:18:00 PM,9/23/2024,13:18:31,1266558.459,2806268.081,9/23/2024,13:17:37,00:00.0,HA,231000039781,M3,<Null>,<Null>,<Null>
65,Point,9/23/2024 01:18:00 PM,9/23/2024,13:18:37,1266558.459,2806268.081,9/23/2024,13:17:43,00:00.0,HA,230000111592,M3,50742,50742,1
66,Point,9/23/2024 01:18:00 PM,9/23/2024,13:18:45,1266546.074,2806267.984,9/23/2024,13:17:51,00:00.0,HA,230000111686,M3,<Null>,<Null>,<Null>
67,Point,9/23/2024 01:20:00 PM,9/23/2024,13:20:11,1266558.459,2806268.081,9/23/2024,13:19:17,00:00.0,HA,230000111695,M3,<Null>,<Null>,<Null>
68,Point,9/23/2024 01:20:00 PM,9/23/2024,13:20:51,1266606.906,2806268.459,9/23/2024,13:19:57,00:00.0,HA,230000111700,M3,<Null>,<Null>,<Null>
69,Point,9/23/2024 01:21:00 PM,9/23/2024,13:21:55,1266625.12,2806268.601,9/23/2024,13:21:01,00:00.0,HA,228000607546,M3,<Null>,<Null>,<Null>
70,Point,9/23/2024 01:22:00 PM,9/23/2024,13:22:00,1266625.12,2806268.601,9/23/2024,13:21:05,00:00.3,HA,230000111700,M3,<Null>,<Null>,<Null>
71,Point,9/23/2024 01:22:00 PM,9/23/2024,13:22:32,1266570.48,2806268.175,9/23/2024,13:21:38,00:00.0,HA,230000111695,M3,<Null>,<Null>,<Null>
72,Point,9/23/2024 01:24:00 PM,9/23/2024,13:24:56,1266606.906,2806268.459,9/23/2024,13:24:02,00:00.0,HA,228000607552,M3,<Null>,<Null>,<Null>
73,Point,9/23/2024 01:24:00 PM,9/23/2024,13:24:59,1266613.099,2806268.507,9/23/2024,13:24:05,00:00.3,HA,228000607571,M3,<Null>,<Null>,<Null>
74,Point,9/23/2024 01:25:00 PM,9/23/2024,13:25:00,1266613.099,2806268.507,9/23/2024,13:24:06,00:00.2,HA,228000607552,M3,<Null>,<Null>,<Null>
75,Point,9/23/2024 01:28:00 PM,9/23/2024,13:28:27,1266558.822,2806221.62,9/23/2024,13:27:33,00:00.0,HA,230000298013,M3,<Null>,<Null>,<Null>
76,Point,9/23/2024 01:28:00 PM,9/23/2024,13:28:51,1266582.863,2806221.807,9/23/2024,13:27:56,00:00.0,HA,230000111643,M3,<Null>,<Null>,<Null>
77,Point,9/23/2024 01:29:00 PM,9/23/2024,13:29:06,1266595.248,2806221.904,9/23/2024,13:28:12,00:00.0,HA,230000111534,M3,<Null>,<Null>,<Null>
78,Point,9/23/2024 01:29:00 PM,9/23/2024,13:29:17,1266601.077,2806221.95,9/23/2024,13:28:23,00:00.0,HA,228000607565,M3,<Null>,<Null>,<Null>
79,Point,9/23/2024 01:29:00 PM,9/23/2024,13:29:27,1266613.462,2806222.046,9/23/2024,13:28:33,00:00.0,HA,230000111541,M3,<Null>,<Null>,<Null>
80,Point,9/23/2024 01:29:00 PM,9/23/2024,13:29:31,1266619.29,2806222.092,9/23/2024,13:28:36,00:00.3,HA,230000111523,M3,<Null>,<Null>,<Null>
81,Point,9/23/2024 01:31:00 PM,9/23/2024,13:31:09,1266619.29,2806222.092,9/23/2024,13:30:14,00:00.0,HA,230000111541,M3,<Null>,<Null>,<Null>
82,Point,9/23/2024 01:31:00 PM,9/23/2024,13:31:43,1266589.056,2806221.856,9/23/2024,13:30:49,00:00.0,HA,228000607505,M3,<Null>,<Null>,<Null>
83,Point,9/23/2024 01:31:00 PM,9/23/2024,13:31:57,1266577.035,2806221.762,9/23/2024,13:31:03,00:00.0,HA,230000298013,M3,<Null>,<Null>,<Null>
84,Point,9/23/2024 01:32:00 PM,9/23/2024,13:32:17,1266546.437,2806221.523,9/23/2024,13:31:23,00:00.0,HA,230000111560,M3,<Null>,<Null>,<Null>
85,Point,9/23/2024 01:33:00 PM,9/23/2024,13:33:06,1266540.609,2806221.477,9/23/2024,13:32:12,00:00.0,HA,228000607516,M3,<Null>,<Null>,<Null>
86,Point,9/23/2024 01:33:00 PM,9/23/2024,13:33:16,1266540.609,2806221.477,9/23/2024,13:32:22,00:00.0,HA,230000111728,M3,<Null>,<Null>,<Null>
87,Point,9/23/2024 01:33:00 PM,9/23/2024,13:33:23,1266552.629,2806221.571,9/23/2024,13:32:29,00:00.0,HA,230000298011,M3,<Null>,<Null>,<Null>
88,Point,9/23/2024 01:33:00 PM,9/23/2024,13:33:35,1266570.842,2806221.713,9/23/2024,13:32:41,00:00.0,HA,230000111510,M3,<Null>,<Null>,<Null>
89,Point,9/23/2024 01:33:00 PM,9/23/2024,13:33:52,1266589.056,2806221.856,9/23/2024,13:32:58,00:00.0,HA,230000111548,M3,<Null>,<Null>,<Null>
90,Point,9/23/2024 01:34:00 PM,9/23/2024,13:34:17,1266601.077,2806221.95,9/23/2024,13:33:23,00:00.0,HA,230000111716,M3,<Null>,<Null>,<Null>
91,Point,9/23/2024 01:34:00 PM,9/23/2024,13:34:20,1266601.077,2806221.95,9/23/2024,13:33:25,00:00.2,HA,226001370277,M3,50735,50735,1
92,Point,9/23/2024 01:34:00 PM,9/23/2024,13:34:20,1266601.077,2806221.95,9/23/2024,13:33:26,00:00.0,HA,230000111716,M3,<Null>,<Null>,<Null>
93,Point,9/23/2024 01:34:00 PM,9/23/2024,13:34:22,1266607.269,2806221.998,9/23/2024,13:33:28,00:00.0,HA,230000111507,M3,<Null>,<Null>,<Null>
94,Point,9/23/2024 01:34:00 PM,9/23/2024,13:34:25,1266607.269,2806221.998,9/23/2024,13:33:30,00:00.0,HA,230000111716,M3,<Null>,<Null>,<Null>
95,Point,9/23/2024 01:34:00 PM,9/23/2024,13:34:25,1266607.269,2806221.998,9/23/2024,13:33:30,00:01.7,HA,230000111507,M3,<Null>,<Null>,<Null>
96,Point,9/23/2024 01:34:00 PM,9/23/2024,13:34:35,1266607.269,2806221.998,9/23/2024,13:33:41,00:00.1,HA,230000111716,M3,<Null>,<Null>,<Null>
97,Point,9/23/2024 01:34:00 PM,9/23/2024,13:34:36,1266607.269,2806221.998,9/23/2024,13:33:42,00:00.0,HA,230000111507,M3,<Null>,<Null>,<Null>
98,Point,9/23/2024 01:34:00 PM,9/23/2024,13:34:46,1266607.269,2806221.998,9/23/2024,13:33:52,00:00.0,HA,230000111716,M3,<Null>,<Null>,<Null>
99,Point,9/23/2024 01:34:00 PM,9/23/2024,13:34:51,1266607.269,2806221.998,9/23/2024,13:33:57,00:00.4,HA,230000111507,M3,<Null>,<Null>,<Null>
100,Point,9/23/2024 01:35:00 PM,9/23/2024,13:35:06,1266607.269,2806221.998,9/23/2024,13:34:12,00:00.0,HA,230000111716,M3,<Null>,<Null>,<Null>
101,Point,9/23/2024 01:35:00 PM,9/23/2024,13:35:11,1266607.269,2806221.998,9/23/2024,13:34:17,00:00.0,HA,230000111507,M3,<Null>,<Null>,<Null>
102,Point,9/23/2024 01:35:00 PM,9/23/2024,13:35:12,1266607.269,2806221.998,9/23/2024,13:34:18,00:00.0,HA,230000111716,M3,<Null>,<Null>,<Null>
103,Point,9/23/2024 01:35:00 PM,9/23/2024,13:35:12,1266607.269,2806221.998,9/23/2024,13:34:17,00:00.8,HA,230000111507,M3,<Null>,<Null>,<Null>
104,Point,9/23/2024 01:35:00 PM,9/23/2024,13:35:13,1266607.269,2806221.998,9/23/2024,13:34:18,00:00.0,HA,230000111716,M3,<Null>,<Null>,<Null>
105,Point,9/23/2024 01:35:00 PM,9/23/2024,13:35:13,1266607.269,2806221.998,9/23/2024,13:34:18,00:01.1,HA,230000111507,M3,<Null>,<Null>,<Null>
106,Point,9/23/2024 01:35:00 PM,9/23/2024,13:35:39,1266625.482,2806222.14,9/23/2024,13:34:45,00:00.0,HA,230000111567,M3,<Null>,<Null>,<Null>
107,Point,9/23/2024 01:36:00 PM,9/23/2024,13:36:11,1266625.482,2806222.14,9/23/2024,13:35:17,00:00.0,HA,230000111684,M3,<Null>,<Null>,<Null>
108,Point,9/23/2024 01:36:00 PM,9/23/2024,13:36:26,1266601.077,2806221.95,9/23/2024,13:35:32,00:00.0,HA,230000111570,M3,<Null>,<Null>,<Null>
109,Point,9/23/2024 01:36:00 PM,9/23/2024,13:36:41,1266577.035,2806221.762,9/23/2024,13:35:47,00:00.0,HA,230000111624,M3,<Null>,<Null>,<Null>
110,Point,9/23/2024 01:36:00 PM,9/23/2024,13:36:48,1266570.842,2806221.713,9/23/2024,13:35:54,00:00.0,HA,230000111510,M3,<Null>,<Null>,<Null>
111,Point,9/23/2024 01:37:00 PM,9/23/2024,13:37:02,1266558.822,2806221.62,9/23/2024,13:36:08,00:00.0,HA,230000298011,M3,<Null>,<Null>,<Null>
112,Point,9/23/2024 01:38:00 PM,9/23/2024,13:38:21,1266534.416,2806221.429,9/23/2024,13:37:27,00:00.0,HA,231000039765,M3,<Null>,<Null>,<Null>
113,Point,9/23/2024 01:38:00 PM,9/23/2024,13:38:24,1266540.609,2806221.477,9/23/2024,13:37:30,00:00.0,HA,228000607537,M3,<Null>,<Null>,<Null>
114,Point,9/23/2024 01:38:00 PM,9/23/2024,13:38:38,1266564.65,2806221.665,9/23/2024,13:37:43,00:00.0,HA,228000607524,M3,<Null>,<Null>,<Null>
115,Point,9/23/2024 01:38:00 PM,9/23/2024,13:38:48,1266582.863,2806221.807,9/23/2024,13:37:54,00:00.0,HA,230000111698,M3,<Null>,<Null>,<Null>
116,Point,9/23/2024 01:39:00 PM,9/23/2024,13:39:00,1266595.613,2806175.163,9/23/2024,13:38:05,00:00.0,HA,231000039758,M3,50732,50732,1
117,Point,9/23/2024 01:39:00 PM,9/23/2024,13:39:02,1266601.442,2806175.209,9/23/2024,13:38:08,00:00.3,HA,230000111631,M3,<Null>,<Null>,<Null>
118,Point,9/23/2024 01:40:00 PM,9/23/2024,13:40:53,1266589.421,2806175.115,9/23/2024,13:39:59,00:00.0,HA,230000111677,M3,50789,50789,1
119,Point,9/23/2024 01:41:00 PM,9/23/2024,13:41:20,1266540.609,2806221.477,9/23/2024,13:40:26,00:00.0,HA,231000039765,M3,<Null>,<Null>,<Null>
120,Point,9/23/2024 01:44:00 PM,9/23/2024,13:44:36,1266589.421,2806175.115,9/23/2024,13:43:42,00:00.0,HA,228000607520,M3,<Null>,<Null>,<Null>
121,Point,9/23/2024 01:47:00 PM,9/23/2024,13:47:00,1266614.192,2806128.565,9/23/2024,13:46:06,00:00.0,HA,230000111648,M3,<Null>,<Null>,<Null>
122,Point,9/23/2024 01:47:00 PM,9/23/2024,13:47:50,1266565.015,2806174.924,9/23/2024,13:46:56,00:00.0,HA,228000607535,M3,<Null>,<Null>,<Null>
123,Point,9/23/2024 01:49:00 PM,9/23/2024,13:49:32,1266607.999,2806128.516,9/23/2024,13:48:38,00:00.0,HA,230000111648,M3,<Null>,<Null>,<Null>
124,Point,9/23/2024 01:50:00 PM,9/23/2024,13:50:11,1266601.807,2806128.468,9/23/2024,13:49:17,00:00.0,HA,228000607549,M3,<Null>,<Null>,<Null>
125,Point,9/23/2024 01:50:00 PM,9/23/2024,13:50:38,1266547.167,2806128.041,9/23/2024,13:49:44,00:00.0,HA,228000607573,M3,<Null>,<Null>,<Null>
126,Point,9/23/2024 01:53:00 PM,9/23/2024,13:53:49,1266528.954,2806127.899,9/23/2024,13:52:55,00:00.0,HA,231000039733,M3,<Null>,<Null>,<Null>
127,Point,9/23/2024 01:54:00 PM,9/23/2024,13:54:21,1266590.149,2806081.913,9/23/2024,13:53:26,00:00.0,HA,226001370243,M3,<Null>,<Null>,<Null>
128,Point,9/23/2024 01:57:00 PM,9/23/2024,13:57:28,1266553.722,2806081.628,9/23/2024,13:56:34,00:00.0,HA,228000607533,M3,50786,50786,1
129,Point,9/23/2024 02:01:00 PM,9/23/2024,14:01:13,1266608.728,2806035.314,9/23/2024,14:00:19,00:00.0,HA,230000111527,M3,<Null>,<Null>,<Null>
130,Point,9/23/2024 02:01:00 PM,9/23/2024,14:01:45,1266535.874,2806034.745,9/23/2024,14:00:50,00:00.0,HA,231000039714,M3,<Null>,<Null>,<Null>
131,Point,9/23/2024 02:06:00 PM,9/23/2024,14:06:00,1266524.219,2805987.91,9/23/2024,14:05:06,00:00.0,HA,231000039720,M3,<Null>,<Null>,<Null>
132,Point,9/23/2024 02:22:00 PM,9/23/2024,14:22:55,1266506.369,2805941.306,9/23/2024,14:22:00,00:00.0,HA,230000228791,M3,<Null>,<Null>,<Null>
133,Point,9/23/2024 04:13:00 PM,9/23/2024,16:13:19,1266503.463,2805521.428,9/23/2024,16:12:24,00:00.0,HA,226001370376,M3,<Null>,<Null>,<Null>
134,Point,9/23/2024 04:18:00 PM,9/23/2024,16:18:17,1266467.036,2805521.142,9/23/2024,16:17:22,00:00.0,HA,230000228791,M3,<Null>,<Null>,<Null>
135,Point,9/23/2024 04:22:00 PM,9/23/2024,16:22:23,1266522.042,2805474.829,9/23/2024,16:21:28,00:00.0,HA,231000039711,M3,<Null>,<Null>,<Null>
136,Point,9/23/2024 05:05:00 PM,9/23/2024,17:05:16,1266669.212,2805289.288,9/23/2024,17:04:21,00:00.0,HA,230000228791,M3,<Null>,<Null>,<Null>
137,Point,9/23/2024 01:06:00 PM,9/23/2024,13:06:06,1266687.425,2805289.431,9/23/2024,13:05:11,00:00.0,HA,230000087408,M4,<Null>,<Null>,<Null>
138,Point,9/23/2024 01:09:00 PM,9/23/2024,13:09:57,1266687.425,2805289.431,9/23/2024,13:09:03,00:00.0,HA,226001581072,M4,<Null>,<Null>,<Null>
139,Point,9/23/2024 01:10:00 PM,9/23/2024,13:10:15,1266687.425,2805289.431,9/23/2024,13:09:20,00:00.0,HA,230000004000,M4,<Null>,<Null>,<Null>
140,Point,9/23/2024 01:11:00 PM,9/23/2024,13:11:25,1266687.425,2805289.431,9/23/2024,13:10:29,00:00.0,HA,226001581072,M4,<Null>,<Null>,<Null>
141,Point,9/23/2024 01:11:00 PM,9/23/2024,13:11:27,1266687.425,2805289.431,9/23/2024,13:10:31,00:00.0,HA,230000004000,M4,<Null>,<Null>,<Null>
142,Point,9/23/2024 02:17:00 PM,9/23/2024,14:17:26,1266594.197,2804775.637,9/23/2024,14:16:29,00:00.0,HA,209000133134,M4,<Null>,<Null>,<Null>
143,Point,9/23/2024 02:20:00 PM,9/23/2024,14:20:06,1266624.795,2804775.878,9/23/2024,14:19:09,00:00.0,HA,230000004000,M4,<Null>,<Null>,<Null>
144,Point,9/23/2024 02:40:00 PM,9/23/2024,14:40:34,1266607.683,2804635.792,9/23/2024,14:39:37,00:00.0,HA,230000298016,M4,<Null>,<Null>,<Null>
145,Point,9/23/2024 02:47:00 PM,9/23/2024,14:47:47,1266589.838,2804588.908,9/23/2024,14:46:50,00:00.0,HA,230000111634,M4,<Null>,<Null>,<Null>
146,Point,9/23/2024 02:49:00 PM,9/23/2024,14:49:13,1266565.064,2804635.456,9/23/2024,14:48:17,00:00.0,HA,230000111645,M4,<Null>,<Null>,<Null>
147,Point,9/23/2024 02:50:00 PM,9/23/2024,14:50:52,1266577.453,2804588.81,9/23/2024,14:49:56,00:00.0,HA,230000111634,M4,<Null>,<Null>,<Null>
148,Point,9/23/2024 02:51:00 PM,9/23/2024,14:51:49,1266589.838,2804588.908,9/23/2024,14:50:52,00:00.0,HA,230000111729,M4,<Null>,<Null>,<Null>
149,Point,9/23/2024 02:52:00 PM,9/23/2024,14:52:59,1266571.624,2804588.764,9/23/2024,14:52:02,00:00.0,HA,230000111719,M4,<Null>,<Null>,<Null>
150,Point,9/23/2024 02:53:00 PM,9/23/2024,14:53:38,1266559.239,2804588.666,9/23/2024,14:52:41,00:00.0,HA,228000607564,M4,<Null>,<Null>,<Null>
151,Point,9/23/2024 02:53:00 PM,9/23/2024,14:53:49,1266559.239,2804588.666,9/23/2024,14:52:52,00:00.0,HA,230000111719,M4,<Null>,<Null>,<Null>
152,Point,9/23/2024 02:54:00 PM,9/23/2024,14:54:17,1266577.453,2804588.81,9/23/2024,14:53:21,00:00.0,HA,230000111729,M4,<Null>,<Null>,<Null>
153,Point,9/23/2024 02:55:00 PM,9/23/2024,14:55:51,1266583.645,2804588.859,9/23/2024,14:54:53,00:00.5,HA,230000111729,M4,<Null>,<Null>,<Null>
154,Point,9/23/2024 02:57:00 PM,9/23/2024,14:57:57,1266583.645,2804588.859,9/23/2024,14:57:00,00:00.0,HA,209000133187,M4,<Null>,<Null>,<Null>
155,Point,9/23/2024 03:00:00 PM,9/23/2024,15:00:24,1266589.838,2804588.908,9/23/2024,14:59:27,00:00.0,HA,230000111515,M4,<Null>,<Null>,<Null>
156,Point,9/23/2024 03:00:00 PM,9/23/2024,15:00:52,1266595.666,2804588.953,9/23/2024,14:59:55,00:00.1,HA,230000111629,M4,<Null>,<Null>,<Null>
157,Point,9/23/2024 03:00:00 PM,9/23/2024,15:00:57,1266601.859,2804589.002,9/23/2024,14:59:55,00:04.9,HA,230000111629,M4,<Null>,<Null>,<Null>
158,Point,9/23/2024 03:00:00 PM,9/23/2024,15:00:58,1266601.859,2804589.002,9/23/2024,15:00:00,00:00.5,HA,230000111599,M4,<Null>,<Null>,<Null>
159,Point,9/23/2024 03:00:00 PM,9/23/2024,15:00:59,1266601.859,2804589.002,9/23/2024,15:00:02,00:00.3,HA,230000111629,M4,<Null>,<Null>,<Null>
160,Point,9/23/2024 03:01:00 PM,9/23/2024,15:01:00,1266601.859,2804589.002,9/23/2024,15:00:03,00:00.4,HA,230000111599,M4,<Null>,<Null>,<Null>
161,Point,9/23/2024 03:01:00 PM,9/23/2024,15:01:02,1266608.051,2804589.051,9/23/2024,15:00:05,00:00.4,HA,230000111603,M4,<Null>,<Null>,<Null>
162,Point,9/23/2024 03:01:00 PM,9/23/2024,15:01:21,1266613.879,2804589.097,9/23/2024,15:00:24,00:00.0,HA,230000111599,M4,<Null>,<Null>,<Null>
163,Point,9/23/2024 03:01:00 PM,9/23/2024,15:01:23,1266613.879,2804589.097,9/23/2024,15:00:26,00:00.7,HA,230000111603,M4,<Null>,<Null>,<Null>
164,Point,9/23/2024 03:01:00 PM,9/23/2024,15:01:29,1266613.879,2804589.097,9/23/2024,15:00:32,00:00.2,HA,230000111599,M4,<Null>,<Null>,<Null>
165,Point,9/23/2024 03:01:00 PM,9/23/2024,15:01:31,1266613.879,2804589.097,9/23/2024,15:00:34,00:00.3,HA,230000111629,M4,<Null>,<Null>,<Null>
166,Point,9/23/2024 03:01:00 PM,9/23/2024,15:01:32,1266613.879,2804589.097,9/23/2024,15:00:35,00:00.1,HA,230000111599,M4,<Null>,<Null>,<Null>
167,Point,9/23/2024 03:01:00 PM,9/23/2024,15:01:34,1266613.879,2804589.097,9/23/2024,15:00:37,00:00.0,HA,230000111629,M4,<Null>,<Null>,<Null>
168,Point,9/23/2024 03:01:00 PM,9/23/2024,15:01:37,1266608.051,2804589.051,9/23/2024,15:00:40,00:00.0,HA,230000111515,M4,<Null>,<Null>,<Null>
169,Point,9/23/2024 03:02:00 PM,9/23/2024,15:02:05,1266601.859,2804589.002,9/23/2024,15:01:08,00:00.0,HA,230000111629,M4,<Null>,<Null>,<Null>
170,Point,9/23/2024 03:02:00 PM,9/23/2024,15:02:08,1266601.859,2804589.002,9/23/2024,15:01:11,00:00.3,HA,230000111599,M4,<Null>,<Null>,<Null>
171,Point,9/23/2024 03:02:00 PM,9/23/2024,15:02:09,1266601.859,2804589.002,9/23/2024,15:01:12,00:00.0,HA,230000111515,M4,<Null>,<Null>,<Null>
172,Point,9/23/2024 03:02:00 PM,9/23/2024,15:02:53,1266565.432,2804588.715,9/23/2024,15:01:57,00:00.0,HA,230000111621,M4,<Null>,<Null>,<Null>
173,Point,9/23/2024 03:04:00 PM,9/23/2024,15:04:32,1266577.819,2804542.349,9/23/2024,15:03:35,00:00.0,HA,230000111586,M4,<Null>,<Null>,<Null>
174,Point,9/23/2024 03:05:00 PM,9/23/2024,15:05:41,1266590.204,2804542.446,9/23/2024,15:04:45,00:00.0,HA,230000111738,M4,<Null>,<Null>,<Null>
175,Point,9/23/2024 03:06:00 PM,9/23/2024,15:06:01,1266608.417,2804542.59,9/23/2024,15:05:05,00:00.0,HA,230000111603,M4,<Null>,<Null>,<Null>
176,Point,9/23/2024 03:06:00 PM,9/23/2024,15:06:57,1266608.417,2804542.59,9/23/2024,15:06:00,00:00.0,HA,230000111605,M4,<Null>,<Null>,<Null>
177,Point,9/23/2024 03:10:00 PM,9/23/2024,15:10:39,1266571.99,2804542.303,9/23/2024,15:09:42,00:00.0,HA,230000111547,M4,<Null>,<Null>,<Null>
178,Point,9/23/2024 03:15:00 PM,9/23/2024,15:15:36,1266572.359,2804495.562,9/23/2024,15:14:39,00:00.0,HA,230000111587,M4,<Null>,<Null>,<Null>
179,Point,9/23/2024 03:19:00 PM,9/23/2024,15:19:30,1266566.166,2804495.513,9/23/2024,15:18:33,00:00.0,HA,228000607558,M4,50809,50809,1
180,Point,9/23/2024 03:21:00 PM,9/23/2024,15:21:58,1266578.187,2804495.608,9/23/2024,15:21:01,00:00.0,HA,230000004000,M4,<Null>,<Null>,<Null>
181,Point,9/23/2024 03:25:00 PM,9/23/2024,15:25:47,1266572.727,2804448.821,9/23/2024,15:24:50,00:00.0,HA,209000133147,M4,<Null>,<Null>,<Null>
182,Point,9/23/2024 03:29:00 PM,9/23/2024,15:29:21,1266547.953,2804495.37,9/23/2024,15:28:24,00:00.0,HA,228000607569,M4,<Null>,<Null>,<Null>
183,Point,9/23/2024 03:30:00 PM,9/23/2024,15:30:01,1266541.76,2804495.321,9/23/2024,15:29:05,00:00.0,HA,230000111602,M4,<Null>,<Null>,<Null>
184,Point,9/23/2024 03:30:00 PM,9/23/2024,15:30:14,1266547.953,2804495.37,9/23/2024,15:29:17,00:00.0,HA,228000607569,M4,<Null>,<Null>,<Null>
185,Point,9/23/2024 03:33:00 PM,9/23/2024,15:33:31,1266578.555,2804448.867,9/23/2024,15:32:34,00:00.0,HA,230000004000,M4,<Null>,<Null>,<Null>
186,Point,9/23/2024 03:37:00 PM,9/23/2024,15:37:03,1266560.342,2804448.723,9/23/2024,15:36:07,00:00.0,HA,226001370257,M4,<Null>,<Null>,<Null>
187,Point,9/23/2024 03:45:00 PM,9/23/2024,15:45:09,1266578.921,2804402.406,9/23/2024,15:44:13,00:00.0,HA,230000004000,M4,<Null>,<Null>,<Null>
188,Point,9/23/2024 03:50:00 PM,9/23/2024,15:50:06,1266561.076,2804355.521,9/23/2024,15:49:09,00:00.0,HA,209000133191,M4,<Null>,<Null>,<Null>
189,Point,9/23/2024 03:56:00 PM,9/23/2024,15:56:40,1266597.503,2804355.809,9/23/2024,15:55:43,00:00.0,HA,230000004000,M4,<Null>,<Null>,<Null>
190,Point,9/23/2024 04:10:00 PM,9/23/2024,16:10:38,1266616.451,2804262.75,9/23/2024,16:09:41,00:00.0,HA,228000607570,M4,<Null>,<Null>,<Null>
191,Point,9/23/2024 04:12:00 PM,9/23/2024,16:12:29,1266616.451,2804262.75,9/23/2024,16:11:32,00:00.5,HA,228000607511,M4,<Null>,<Null>,<Null>
192,Point,9/23/2024 04:12:00 PM,9/23/2024,16:12:35,1266622.643,2804262.799,9/23/2024,16:11:38,00:00.0,HA,228000607570,M4,<Null>,<Null>,<Null>
193,Point,9/23/2024 04:14:00 PM,9/23/2024,16:14:26,1266623.012,2804216.058,9/23/2024,16:13:29,00:00.0,HA,231000039736,M4,<Null>,<Null>,<Null>
194,Point,9/23/2024 04:19:00 PM,9/23/2024,16:19:03,1266598.975,2804169.125,9/23/2024,16:18:06,00:00.0,HA,209000133151,M4,<Null>,<Null>,<Null>
195,Point,9/23/2024 04:20:00 PM,9/23/2024,16:20:27,1266635.401,2804169.412,9/23/2024,16:19:30,00:00.0,HA,230000111666,M4,<Null>,<Null>,<Null>
196,Point,9/23/2024 04:26:00 PM,9/23/2024,16:26:01,1266629.573,2804169.366,9/23/2024,16:25:04,00:00.0,HA,230000298012,M4,<Null>,<Null>,<Null>
197,Point,9/23/2024 04:29:00 PM,9/23/2024,16:29:02,1266641.594,2804169.461,9/23/2024,16:28:04,00:00.5,HA,230000111664,M4,<Null>,<Null>,<Null>
198,Point,9/23/2024 04:29:00 PM,9/23/2024,16:29:07,1266647.787,2804169.51,9/23/2024,16:28:10,00:00.0,HA,230000298012,M4,<Null>,<Null>,<Null>
199,Point,9/23/2024 04:30:00 PM,9/23/2024,16:30:54,1266623.748,2804122.856,9/23/2024,16:29:57,00:00.0,HA,230000111726,M4,<Null>,<Null>,<Null>
200,Point,9/23/2024 04:31:00 PM,9/23/2024,16:31:19,1266629.94,2804122.905,9/23/2024,16:30:22,00:00.2,HA,230000111522,M4,<Null>,<Null>,<Null>
201,Point,9/23/2024 04:31:00 PM,9/23/2024,16:31:20,1266629.94,2804122.905,9/23/2024,16:30:22,00:00.4,HA,230000111726,M4,<Null>,<Null>,<Null>
202,Point,9/23/2024 04:31:00 PM,9/23/2024,16:31:21,1266629.94,2804122.905,9/23/2024,16:30:24,00:00.2,HA,230000111522,M4,<Null>,<Null>,<Null>
203,Point,9/23/2024 04:33:00 PM,9/23/2024,16:33:23,1266635.768,2804122.951,9/23/2024,16:32:26,00:00.0,HA,209000133179,M4,<Null>,<Null>,<Null>
204,Point,9/23/2024 04:51:00 PM,9/23/2024,16:51:09,1266667.104,2804029.711,9/23/2024,16:50:12,00:00.0,HA,230000111508,M4,<Null>,<Null>,<Null>
205,Point,9/23/2024 04:57:00 PM,9/23/2024,16:57:46,1266685.684,2803983.394,9/23/2024,16:56:49,00:00.0,HA,230000004000,M4,<Null>,<Null>,<Null>
206,Point,9/25/2024 09:04:00 AM,9/25/2024,9:04:36,1266680.866,2805336.123,9/25/2024,9:03:28,00:00.3,HA,230000087408,M3,<Null>,<Null>,<Null>
207,Point,9/25/2024 09:11:00 AM,9/25/2024,9:11:19,1266675.038,2805336.077,9/25/2024,9:10:10,00:00.7,HA,230000228791,M3,<Null>,<Null>,<Null>
208,Point,9/25/2024 09:52:00 AM,9/25/2024,9:52:59,1266566.49,2805242.018,9/25/2024,9:51:48,00:03.1,HA,226001370318,M3,50719,50719,1
209,Point,9/25/2024 09:55:00 AM,9/25/2024,9:55:44,1266499.832,2805194.751,9/25/2024,9:54:35,00:00.2,HA,209000133209,M3,<Null>,<Null>,<Null>
210,Point,9/25/2024 09:58:00 AM,9/25/2024,9:58:16,1266506.024,2805194.8,9/25/2024,9:57:08,00:00.7,HA,230000298006,M3,<Null>,<Null>,<Null>
211,Point,9/25/2024 09:59:00 AM,9/25/2024,9:59:23,1266506.024,2805194.8,9/25/2024,9:58:12,00:03.2,HA,209000133155,M3,<Null>,<Null>,<Null>
212,Point,9/25/2024 10:02:00 AM,9/25/2024,10:02:14,1266512.584,2805148.107,9/25/2024,10:01:04,00:01.3,HA,209000133194,M3,<Null>,<Null>,<Null>
213,Point,9/25/2024 10:02:00 AM,9/25/2024,10:02:17,1266518.412,2805148.153,9/25/2024,10:01:09,00:00.1,HA,209000133126,M3,<Null>,<Null>,<Null>
214,Point,9/25/2024 10:02:00 AM,9/25/2024,10:02:20,1266518.412,2805148.153,9/25/2024,10:01:12,00:00.0,HA,209000133194,M3,<Null>,<Null>,<Null>
215,Point,9/25/2024 10:07:00 AM,9/25/2024,10:07:17,1266512.584,2805148.107,9/25/2024,10:06:09,00:00.0,HA,230000228791,M3,<Null>,<Null>,<Null>
216,Point,9/25/2024 10:07:00 AM,9/25/2024,10:07:35,1266512.217,2805194.848,9/25/2024,10:06:25,00:01.9,HA,209000133204,M3,<Null>,<Null>,<Null>
217,Point,9/25/2024 10:08:00 AM,9/25/2024,10:08:03,1266505.657,2805241.541,9/25/2024,10:06:54,00:01.0,HA,230000228791,M3,<Null>,<Null>,<Null>
218,Point,9/25/2024 10:11:00 AM,9/25/2024,10:11:01,1266518.045,2805194.894,9/25/2024,10:09:51,00:01.9,HA,209000133181,M3,<Null>,<Null>,<Null>
219,Point,9/25/2024 10:15:00 AM,9/25/2024,10:15:54,1266518.412,2805148.153,9/25/2024,10:14:45,00:00.6,HA,209000133126,M3,<Null>,<Null>,<Null>
220,Point,9/25/2024 10:16:00 AM,9/25/2024,10:16:04,1266518.412,2805148.153,9/25/2024,10:14:55,00:01.6,HA,209000133194,M3,<Null>,<Null>,<Null>
221,Point,9/25/2024 10:44:00 AM,9/25/2024,10:44:52,1266600.022,2804822.427,9/25/2024,10:43:44,00:00.1,HA,230000228791,M3,<Null>,<Null>,<Null>
222,Point,9/25/2024 10:47:00 AM,9/25/2024,10:47:02,1266601.859,2804589.002,9/25/2024,10:45:53,00:01.5,HA,230000111629,M3,<Null>,<Null>,<Null>
223,Point,9/25/2024 10:47:00 AM,9/25/2024,10:47:05,1266602.224,2804542.541,9/25/2024,10:45:55,00:01.7,HA,230000111599,M3,<Null>,<Null>,<Null>
224,Point,9/25/2024 10:47:00 AM,9/25/2024,10:47:15,1266596.032,2804542.492,9/25/2024,10:46:04,00:02.8,HA,230000111605,M3,<Null>,<Null>,<Null>
225,Point,9/25/2024 10:51:00 AM,9/25/2024,10:51:15,1266629.94,2804122.905,9/25/2024,10:50:04,00:02.7,HA,230000111726,M3,<Null>,<Null>,<Null>
226,Point,9/25/2024 10:59:00 AM,9/25/2024,10:59:34,1266648.891,2804029.567,9/25/2024,10:58:23,00:02.3,HA,230000111508,M3,<Null>,<Null>,<Null>
227,Point,9/25/2024 11:03:00 AM,9/25/2024,11:03:54,1266624.852,2803982.914,9/25/2024,11:02:46,00:00.0,HA,230000111671,M3,<Null>,<Null>,<Null>
228,Point,9/25/2024 11:10:00 AM,9/25/2024,11:10:12,1266613.201,2803936.078,9/25/2024,11:09:03,00:00.7,HA,231000039740,M3,<Null>,<Null>,<Null>
229,Point,9/25/2024 11:14:00 AM,9/25/2024,11:14:12,1266594.987,2803935.934,9/25/2024,11:13:04,00:00.0,HA,230000228791,M3,<Null>,<Null>,<Null>
230,Point,9/25/2024 11:18:00 AM,9/25/2024,11:18:54,1266624.852,2803982.914,9/25/2024,11:17:41,00:04.0,HA,230000111671,M3,<Null>,<Null>,<Null>
231,Point,9/25/2024 11:28:00 AM,9/25/2024,11:28:17,1266698.444,2803890.007,9/25/2024,11:27:08,00:00.4,HA,230000228791,M3,<Null>,<Null>,<Null>
232,Point,9/25/2024 11:36:00 AM,9/25/2024,11:36:28,1266650.733,2803796.423,9/25/2024,11:35:19,00:00.1,HA,230000111568,M3,<Null>,<Null>,<Null>
233,Point,9/25/2024 11:38:00 AM,9/25/2024,11:38:59,1266632.52,2803796.279,9/25/2024,11:37:39,00:10.9,HA,230000298004,M3,<Null>,<Null>,<Null>
234,Point,9/25/2024 11:44:00 AM,9/25/2024,11:44:23,1266650.733,2803796.423,9/25/2024,11:43:15,00:00.1,HA,230000111568,M3,<Null>,<Null>,<Null>
235,Point,9/25/2024 11:45:00 AM,9/25/2024,11:45:21,1266656.561,2803796.469,9/25/2024,11:44:07,00:05.6,HA,230000111572,M3,<Null>,<Null>,<Null>
236,Point,9/25/2024 11:45:00 AM,9/25/2024,11:45:59,1266656.192,2803843.21,9/25/2024,11:44:50,00:00.0,HA,230000111703,M3,<Null>,<Null>,<Null>
237,Point,9/25/2024 11:54:00 AM,9/25/2024,11:54:17,1266680.23,2803889.864,9/25/2024,11:53:07,00:01.6,HA,231000039788,M3,<Null>,<Null>,<Null>
238,Point,9/25/2024 11:55:00 AM,9/25/2024,11:55:32,1266680.23,2803889.864,9/25/2024,11:54:23,00:00.5,HA,231000039715,M3,<Null>,<Null>,<Null>
239,Point,9/25/2024 11:57:00 AM,9/25/2024,11:57:19,1266686.79,2803843.452,9/25/2024,11:56:08,00:02.7,HA,231000039788,M3,<Null>,<Null>,<Null>
240,Point,9/25/2024 12:00:00 PM,9/25/2024,12:00:30,1266662.384,2803843.259,9/25/2024,11:59:19,00:02.0,HA,230000111703,M3,<Null>,<Null>,<Null>
241,Point,9/25/2024 12:02:00 PM,9/25/2024,12:02:10,1266668.577,2803843.308,9/25/2024,12:00:57,00:05.2,HA,230000111572,M3,<Null>,<Null>,<Null>
242,Point,9/25/2024 12:03:00 PM,9/25/2024,12:03:32,1266698.811,2803843.547,9/25/2024,12:02:24,00:00.0,HA,230000228791,M3,<Null>,<Null>,<Null>
243,Point,9/25/2024 12:04:00 PM,9/25/2024,12:04:33,1266674.775,2803796.613,9/25/2024,12:03:21,00:03.6,HA,230000111732,M3,50842,50842,1
244,Point,9/25/2024 12:05:00 PM,9/25/2024,12:05:28,1266656.561,2803796.469,9/25/2024,12:04:16,00:03.6,HA,230000111568,M3,<Null>,<Null>,<Null>
245,Point,9/25/2024 12:05:00 PM,9/25/2024,12:05:56,1266650.733,2803796.423,9/25/2024,12:04:47,00:00.0,HA,230000228791,M3,<Null>,<Null>,<Null>
246,Point,9/25/2024 12:07:00 PM,9/25/2024,12:07:52,1266632.52,2803796.279,9/25/2024,12:06:40,00:03.4,HA,230000298004,M3,<Null>,<Null>,<Null>
247,Point,9/25/2024 12:09:00 PM,9/25/2024,12:09:26,1266662.754,2803796.518,9/25/2024,12:08:14,00:03.9,HA,230000111694,M3,<Null>,<Null>,<Null>
248,Point,9/25/2024 12:09:00 PM,9/25/2024,12:09:55,1266669.316,2803749.826,9/25/2024,12:08:45,00:01.1,HA,230000111660,M3,<Null>,<Null>,<Null>
249,Point,9/25/2024 12:10:00 PM,9/25/2024,12:10:53,1266638.718,2803749.584,9/25/2024,12:09:45,00:00.0,HA,230000111638,M3,<Null>,<Null>,<Null>
250,Point,9/25/2024 12:11:00 PM,9/25/2024,12:11:21,1266656.931,2803749.728,9/25/2024,12:10:07,00:04.4,HA,230000111660,M3,<Null>,<Null>,<Null>
251,Point,9/25/2024 12:12:00 PM,9/25/2024,12:12:17,1266651.103,2803749.682,9/25/2024,12:11:07,00:01.8,HA,230000111638,M3,<Null>,<Null>,<Null>
252,Point,9/25/2024 12:13:00 PM,9/25/2024,12:13:00,1266651.103,2803749.682,9/25/2024,12:11:46,00:05.1,HA,209000133190,M3,<Null>,50860,1
253,Point,9/25/2024 12:13:00 PM,9/25/2024,12:13:14,1266656.931,2803749.728,9/25/2024,12:12:00,00:04.9,HA,230000111669,M3,<Null>,<Null>,<Null>
254,Point,9/25/2024 12:14:00 PM,9/25/2024,12:14:10,1266656.931,2803749.728,9/25/2024,12:13:00,00:01.2,HA,209000133190,M3,<Null>,<Null>,<Null>
255,Point,9/25/2024 12:15:00 PM,9/25/2024,12:15:20,1266644.91,2803749.633,9/25/2024,12:14:12,00:00.2,HA,230000111504,M3,<Null>,<Null>,<Null>
256,Point,9/25/2024 12:17:00 PM,9/25/2024,12:17:07,1266651.103,2803749.682,9/25/2024,12:15:55,00:02.5,HA,209000133192,M3,<Null>,<Null>,<Null>
257,Point,9/25/2024 12:21:00 PM,9/25/2024,12:21:50,1266663.491,2803703.316,9/25/2024,12:20:39,00:02.0,HA,209000133137,M3,<Null>,<Null>,<Null>
258,Point,9/25/2024 12:25:00 PM,9/25/2024,12:25:56,1266663.861,2803656.575,9/25/2024,12:24:45,00:02.3,HA,228000607527,M3,<Null>,<Null>,<Null>
259,Point,9/25/2024 12:32:00 PM,9/25/2024,12:32:24,1266639.455,2803656.382,9/25/2024,12:31:13,00:02.3,HA,230000111705,M3,<Null>,<Null>,<Null>
260,Point,9/25/2024 12:32:00 PM,9/25/2024,12:32:27,1266627.434,2803656.287,9/25/2024,12:31:19,00:00.0,HA,228000607539,M3,<Null>,<Null>,<Null>
261,Point,9/25/2024 12:33:00 PM,9/25/2024,12:33:27,1266639.825,2803609.641,9/25/2024,12:32:15,00:03.5,HA,230000111705,M3,<Null>,<Null>,<Null>
262,Point,9/25/2024 12:37:00 PM,9/25/2024,12:37:58,1266646.017,2803609.69,9/25/2024,12:36:47,00:01.6,HA,230000111658,M3,<Null>,<Null>,<Null>
263,Point,9/25/2024 01:05:00 PM,9/25/2024,13:05:13,1266597.938,2803562.846,9/25/2024,13:04:04,00:00.9,HA,230000228791,M3,<Null>,<Null>,<Null>
264,Point,9/25/2024 01:06:00 PM,9/25/2024,13:06:35,1266609.958,2803562.941,9/25/2024,13:05:25,00:00.0,HA,228000607561,M3,<Null>,<Null>,<Null>
265,Point,9/25/2024 01:08:00 PM,9/25/2024,13:08:21,1266616.151,2803562.99,9/25/2024,13:07:10,00:01.6,HA,228000607528,M3,<Null>,<Null>,<Null>
266,Point,9/25/2024 01:08:00 PM,9/25/2024,13:08:42,1266616.151,2803562.99,9/25/2024,13:07:26,00:06.8,HA,228000607561,M3,<Null>,<Null>,<Null>
267,Point,9/25/2024 01:08:00 PM,9/25/2024,13:08:58,1266616.151,2803562.99,9/25/2024,13:07:45,00:03.5,HA,228000607528,M3,<Null>,<Null>,<Null>
268,Point,9/25/2024 01:12:00 PM,9/25/2024,13:12:17,1266634.734,2803516.394,9/25/2024,13:11:06,00:01.8,HA,230000111606,M3,<Null>,<Null>,<Null>
269,Point,9/25/2024 01:14:00 PM,9/25/2024,13:14:05,1266628.542,2803516.344,9/25/2024,13:12:56,00:00.2,HA,230000111584,M3,<Null>,<Null>,<Null>
270,Point,9/25/2024 01:16:00 PM,9/25/2024,13:16:36,1266658.776,2803516.584,9/25/2024,13:15:25,00:01.4,HA,230000298005,M3,<Null>,<Null>,<Null>
271,Point,9/25/2024 01:21:00 PM,9/25/2024,13:21:49,1266665.338,2803469.892,9/25/2024,13:20:38,00:01.8,HA,228000607554,M3,<Null>,<Null>,<Null>
272,Point,9/25/2024 01:22:00 PM,9/25/2024,13:22:39,1266628.912,2803469.604,9/25/2024,13:21:23,00:06.2,HA,230000111673,M3,<Null>,<Null>,<Null>
273,Point,9/25/2024 01:25:00 PM,9/25/2024,13:25:30,1266629.28,2803423.143,9/25/2024,13:24:19,00:02.0,HA,230000111604,M3,<Null>,<Null>,<Null>
274,Point,9/25/2024 01:30:00 PM,9/25/2024,13:30:09,1266604.874,2803422.949,9/25/2024,13:28:58,00:01.5,HA,230000228791,M3,<Null>,<Null>,<Null>
275,Point,9/25/2024 01:48:00 PM,9/25/2024,13:48:42,1266557.167,2803329.084,9/25/2024,13:47:33,00:00.0,HA,230000111718,M3,<Null>,<Null>,<Null>
276,Point,9/25/2024 01:52:00 PM,9/25/2024,13:52:15,1266538.954,2803328.939,9/25/2024,13:51:05,00:00.6,HA,230000228791,M3,<Null>,<Null>,<Null>
277,Point,9/25/2024 01:57:00 PM,9/25/2024,13:57:16,1266551.343,2803282.574,9/25/2024,13:56:05,00:01.9,HA,230000111681,M3,<Null>,<Null>,<Null>
278,Point,9/25/2024 02:02:00 PM,9/25/2024,14:02:10,1266527.672,2803235.642,9/25/2024,14:01:00,00:00.8,HA,230000228791,M3,<Null>,<Null>,<Null>
279,Point,9/25/2024 02:38:00 PM,9/25/2024,14:38:18,1266455.558,2803141.862,9/25/2024,14:37:06,00:02.5,HA,228000607526,M3,<Null>,<Null>,<Null>
280,Point,9/25/2024 02:40:00 PM,9/25/2024,14:40:04,1266424.96,2803141.619,9/25/2024,14:38:53,00:01.3,HA,230000228791,M3,<Null>,<Null>,<Null>
281,Point,9/25/2024 02:40:00 PM,9/25/2024,14:40:58,1266443.173,2803141.763,9/25/2024,14:39:48,00:00.0,HA,228000607526,M3,<Null>,<Null>,<Null>
282,Point,9/25/2024 02:42:00 PM,9/25/2024,14:42:05,1266485.792,2803142.102,9/25/2024,14:40:55,00:00.0,HA,230000228791,M3,<Null>,<Null>,<Null>
283,Point,9/25/2024 02:44:00 PM,9/25/2024,14:44:55,1266461.757,2803095.167,9/25/2024,14:43:33,00:12.9,HA,228000607540,M3,<Null>,<Null>,<Null>
284,Point,9/25/2024 02:45:00 PM,9/25/2024,14:45:20,1266461.757,2803095.167,9/25/2024,14:44:10,00:00.8,HA,230000228791,M3,<Null>,<Null>,<Null>
285,Point,9/25/2024 02:45:00 PM,9/25/2024,14:45:56,1266461.757,2803095.167,9/25/2024,14:44:45,00:01.5,HA,228000607540,M3,<Null>,<Null>,<Null>
286,Point,9/25/2024 02:46:00 PM,9/25/2024,14:46:07,1266461.757,2803095.167,9/25/2024,14:44:58,00:00.3,HA,230000228791,M3,<Null>,<Null>,<Null>
287,Point,9/25/2024 02:46:00 PM,9/25/2024,14:46:21,1266461.757,2803095.167,9/25/2024,14:45:11,00:00.0,HA,228000607576,M3,<Null>,<Null>,<Null>
288,Point,9/25/2024 02:46:00 PM,9/25/2024,14:46:43,1266461.386,2803141.908,9/25/2024,14:45:33,00:00.9,HA,230000228791,M3,<Null>,<Null>,<Null>
289,Point,9/25/2024 02:51:00 PM,9/25/2024,14:51:02,1266383.076,2803094.543,9/25/2024,14:49:49,00:03.3,HA,209000132730,M3,<Null>,<Null>,<Null>
290,Point,9/25/2024 02:51:00 PM,9/25/2024,14:51:25,1266359.041,2803047.607,9/25/2024,14:50:15,00:00.3,HA,230000228791,M3,<Null>,<Null>,<Null>
291,Point,9/25/2024 03:41:00 PM,9/25/2024,15:41:22,1265854.023,2801644.041,9/25/2024,15:39:37,00:34.6,HA,228000607500,M3,<Null>,<Null>,<Null>
292,Point,9/25/2024 03:43:00 PM,9/25/2024,15:43:03,1265829.981,2801643.848,9/25/2024,15:41:53,00:00.0,HA,230000228791,M3,<Null>,<Null>,<Null>
293,Point,9/25/2024 03:44:00 PM,9/25/2024,15:44:23,1265860.215,2801644.09,9/25/2024,15:43:12,00:00.8,HA,228000607500,M3,<Null>,<Null>,<Null>
294,Point,9/25/2024 03:50:00 PM,9/25/2024,15:50:29,1265830.353,2801597.386,9/25/2024,15:49:17,00:01.7,HA,230000228791,M3,<Null>,<Null>,<Null>
295,Point,9/25/2024 09:41:00 AM,9/25/2024,9:41:53,1266359.896,2802161.432,9/25/2024,9:40:44,00:00.3,HA,230000087408,M4,<Null>,<Null>,<Null>
296,Point,9/25/2024 09:41:00 AM,9/25/2024,9:41:58,1266354.068,2802161.385,9/25/2024,9:40:50,00:00.4,HA,226001581072,M4,<Null>,<Null>,<Null>
297,Point,9/25/2024 09:42:00 AM,9/25/2024,9:42:04,1266354.068,2802161.385,9/25/2024,9:40:56,00:00.1,HA,230000087408,M4,<Null>,<Null>,<Null>
298,Point,9/25/2024 10:20:00 AM,9/25/2024,10:20:26,1266264.374,2802720.485,9/25/2024,10:19:19,00:00.0,HA,230000102750,M4,<Null>,<Null>,<Null>
299,Point,9/25/2024 10:20:00 AM,9/25/2024,10:20:28,1266264.374,2802720.485,9/25/2024,10:19:21,00:00.0,HA,230000004000,M4,<Null>,<Null>,<Null>
300,Point,9/25/2024 10:40:00 AM,9/25/2024,10:40:11,1266257.434,2802860.383,9/25/2024,10:39:03,00:00.1,HA,230000111696,M4,<Null>,<Null>,<Null>
301,Point,9/25/2024 10:43:00 AM,9/25/2024,10:43:43,1266281.476,2802860.574,9/25/2024,10:42:34,00:00.0,HA,230000004000,M4,<Null>,<Null>,<Null>
302,Point,9/25/2024 10:47:00 AM,9/25/2024,10:47:39,1266274.907,2802953.731,9/25/2024,10:46:31,00:00.0,HA,230000102750,M4,<Null>,<Null>,<Null>
303,Point,9/25/2024 10:57:00 AM,9/25/2024,10:57:35,1266365.234,2803047.657,9/25/2024,10:56:26,00:00.5,HA,230000004000,M4,<Null>,<Null>,<Null>
304,Point,9/25/2024 11:00:00 AM,9/25/2024,11:00:33,1266383.076,2803094.543,9/25/2024,10:59:23,00:01.9,HA,209000132730,M4,<Null>,<Null>,<Null>
305,Point,9/25/2024 11:01:00 AM,9/25/2024,11:01:59,1266401.289,2803094.687,9/25/2024,11:00:50,00:00.0,HA,230000111583,M4,<Null>,<Null>,<Null>
306,Point,9/25/2024 11:03:00 AM,9/25/2024,11:03:20,1266419.503,2803094.831,9/25/2024,11:02:12,00:00.1,HA,230000004000,M4,<Null>,<Null>,<Null>
307,Point,9/25/2024 11:03:00 AM,9/25/2024,11:03:42,1266412.939,2803141.524,9/25/2024,11:02:31,00:03.0,HA,231000039766,M4,<Null>,<Null>,<Null>
308,Point,9/25/2024 11:03:00 AM,9/25/2024,11:03:44,1266412.939,2803141.524,9/25/2024,11:02:34,00:01.2,HA,226001370259,M4,50935,50935,1
309,Point,9/25/2024 11:03:00 AM,9/25/2024,11:03:50,1266412.939,2803141.524,9/25/2024,11:02:40,00:01.8,HA,231000039766,M4,<Null>,<Null>,<Null>
310,Point,9/25/2024 11:08:00 AM,9/25/2024,11:08:10,1266449.366,2803141.813,9/25/2024,11:07:01,00:00.2,HA,230000004000,M4,<Null>,<Null>,<Null>
311,Point,9/25/2024 11:09:00 AM,9/25/2024,11:09:20,1266443.173,2803141.763,9/25/2024,11:08:12,00:00.1,HA,230000102750,M4,<Null>,<Null>,<Null>
312,Point,9/25/2024 11:09:00 AM,9/25/2024,11:09:44,1266467.579,2803141.957,9/25/2024,11:08:36,00:00.0,HA,228000607540,M4,<Null>,<Null>,<Null>
313,Point,9/25/2024 11:09:00 AM,9/25/2024,11:09:50,1266473.771,2803142.006,9/25/2024,11:08:41,00:00.3,HA,230000102750,M4,<Null>,<Null>,<Null>
314,Point,9/25/2024 11:10:00 AM,9/25/2024,11:10:02,1266474.142,2803095.265,9/25/2024,11:08:52,00:01.6,HA,228000607576,M4,<Null>,<Null>,<Null>
315,Point,9/25/2024 11:11:00 AM,9/25/2024,11:11:27,1266474.142,2803095.265,9/25/2024,11:10:19,00:00.0,HA,228000607572,M4,50879,50879,1
316,Point,9/25/2024 11:23:00 AM,9/25/2024,11:23:14,1266486.534,2803048.619,9/25/2024,11:22:06,00:00.0,HA,230000004000,M4,<Null>,<Null>,<Null>
317,Point,9/25/2024 11:24:00 AM,9/25/2024,11:24:18,1266456.3,2803048.379,9/25/2024,11:23:09,00:00.1,HA,230000102750,M4,<Null>,<Null>,<Null>
318,Point,9/25/2024 11:38:00 AM,9/25/2024,11:38:25,1266408.599,2802908.048,9/25/2024,11:37:16,00:00.7,HA,230000004000,M4,<Null>,<Null>,<Null>
319,Point,9/25/2024 11:58:00 AM,9/25/2024,11:58:23,1266276.019,2802813.786,9/25/2024,11:57:14,00:00.7,HA,230000102750,M4,<Null>,<Null>,<Null>
320,Point,9/25/2024 12:31:00 PM,9/25/2024,12:31:01,1266294.603,2802767.189,9/25/2024,12:29:51,00:01.6,HA,230000004000,M4,<Null>,<Null>,<Null>
321,Point,9/25/2024 12:32:00 PM,9/25/2024,12:32:35,1266227.207,2802813.398,9/25/2024,12:31:27,00:00.0,HA,230000102750,M4,<Null>,<Null>,<Null>
322,Point,9/25/2024 01:01:00 PM,9/25/2024,13:01:23,1266215.186,2802813.303,9/25/2024,13:00:14,00:00.5,HA,230000004000,M4,<Null>,<Null>,<Null>
323,Point,9/25/2024 01:10:00 PM,9/25/2024,13:10:31,1266227.948,2802720.195,9/25/2024,13:09:22,00:00.0,HA,209000133183,M4,146503,50925,<Null>
324,Point,9/25/2024 01:22:00 PM,9/25/2024,13:22:57,1266155.095,2802719.616,9/25/2024,13:21:45,00:03.0,HA,228000607514,M4,146504,50870,<Null>
325,Point,9/25/2024 01:25:00 PM,9/25/2024,13:25:33,1266210.106,2802673.309,9/25/2024,13:24:24,00:00.7,HA,230000004000,M4,<Null>,<Null>,<Null>
326,Point,9/25/2024 01:57:00 PM,9/25/2024,13:57:55,1266077.898,2802532.303,9/25/2024,13:56:44,00:02.5,HA,228000607519,M4,<Null>,<Null>,<Null>
327,Point,9/25/2024 02:03:00 PM,9/25/2024,14:03:08,1266114.697,2802485.851,9/25/2024,14:01:59,00:00.0,HA,230000004000,M4,<Null>,<Null>,<Null>
328,Point,9/25/2024 03:23:00 PM,9/25/2024,15:23:00,1265820.437,2802063.641,9/25/2024,15:21:50,00:00.3,HA,230000102750,M4,<Null>,<Null>,<Null>
329,Point,9/25/2024 03:26:00 PM,9/25/2024,15:26:52,1265869.255,2802017.565,9/25/2024,15:25:42,00:00.0,HA,230000004000,M4,<Null>,<Null>,<Null>
330,Point,9/25/2024 03:29:00 PM,9/25/2024,15:29:51,1265845.213,2802017.373,9/25/2024,15:28:33,00:07.7,HA,230000111553,M4,<Null>,<Null>,<Null>
331,Point,9/25/2024 03:43:00 PM,9/25/2024,15:43:29,1265857.98,2801923.984,9/25/2024,15:42:19,00:00.0,HA,230000004000,M4,<Null>,<Null>,<Null>
